model,ablation,seed,station,in_domain,n_windows,MAE,RMSE,MAE_T,RMSE_T,MAE_RH,RMSE_RH,MAE_P,RMSE_P,MAE_WS,RMSE_WS
Autoformer,full_normon,0,Aotizhongxin,True,6895,5.188076972961426,9.152100563049316,2.980531930923462,3.829768419265747,13.207324028015137,17.137975692749023,3.8638415336608887,5.06443977355957,0.7006107568740845,1.008841872215271
Autoformer,full_normon,0,Changping,False,6895,5.097259998321533,8.969776153564453,2.947523355484009,3.8356292247772217,12.779338836669922,16.717966079711914,3.9301815032958984,5.147641181945801,0.731992781162262,1.061527132987976
Autoformer,full_normon,0,Dingling,False,6895,5.0908732414245605,8.916900634765625,2.989835739135742,3.88199520111084,12.719518661499023,16.597536087036133,3.926079034805298,5.1371588706970215,0.7280595302581787,1.051640868186951
Autoformer,full_normon,0,Dongsi,False,6895,5.199914455413818,9.190752983093262,2.942166566848755,3.797772884368897,13.271639823913574,17.218917846679688,3.875539302825928,5.090565204620361,0.710314929485321,1.02547287940979
Autoformer,full_normon,0,Guanyuan,False,6895,5.205725193023682,9.19853401184082,2.9539594650268555,3.802256584167481,13.2806396484375,17.237903594970703,3.8797354698181152,5.080165863037109,0.7085689306259155,1.0205671787261963
Autoformer,full_normon,0,Gucheng,False,6895,5.110494136810303,8.966625213623047,2.991870164871216,3.860280513763428,12.673184394836426,16.687118530273438,3.92195725440979,5.163846015930176,0.8549676537513733,1.2547950744628906
Autoformer,full_normon,0,Huairou,False,6895,5.157868385314941,9.210034370422363,3.033592939376831,3.889580249786377,13.037161827087402,17.255691528320312,3.839390754699707,5.034811496734619,0.7213267087936401,1.030451416969299
Autoformer,full_normon,0,Nongzhanguan,False,6895,5.183560371398926,9.161734580993652,2.9521377086639404,3.803738594055176,13.235002517700195,17.173307418823242,3.841068744659424,5.0325517654418945,0.7060273289680481,1.0158871412277222
Autoformer,full_normon,0,Shunyi,False,6895,5.0725626945495605,8.934877395629883,2.876246929168701,3.7382946014404297,12.757079124450684,16.66657829284668,3.906723976135254,5.1338791847229,0.750203549861908,1.1053200960159302
Autoformer,full_normon,0,Tiantan,False,6895,5.252095699310303,9.27795696258545,2.9192445278167725,3.778335094451904,13.524580001831056,17.420568466186523,3.857844114303589,5.054839134216309,0.7067151069641113,1.009258508682251
Autoformer,full_normon,0,Wanliu,False,6895,5.185723304748535,9.07209014892578,3.19948673248291,4.080564975738525,13.025010108947754,16.912105560302734,3.8811872005462646,5.07296895980835,0.6372129917144775,0.8977187275886536
Autoformer,full_normon,0,Wanshouxigong,False,6895,5.231988906860352,9.23906707763672,2.9659552574157715,3.838180541992187,13.371182441711426,17.31482696533203,3.8864307403564458,5.087647438049316,0.7043935060501099,1.0111812353134155
Autoformer,full_normon,1,Aotizhongxin,True,6895,5.480737686157227,9.623686790466309,3.1685214042663574,4.067756175994873,13.925426483154297,18.004409790039062,4.106044769287109,5.3559112548828125,0.7229605913162231,1.0344992876052856
Autoformer,full_normon,1,Changping,False,6895,5.317492485046387,9.300271034240724,3.22676420211792,4.20681095123291,13.191412925720217,17.2725830078125,4.112680435180664,5.364617347717285,0.7391146421432495,1.0778497457504272
Autoformer,full_normon,1,Dingling,False,6895,5.30184268951416,9.287611961364746,3.173644781112671,4.1489787101745605,13.184618949890137,17.260272979736328,4.109729290008545,5.362040042877197,0.7393760085105896,1.075423002243042
Autoformer,full_normon,1,Dongsi,False,6895,5.49716854095459,9.646915435791016,3.2295451164245605,4.158736228942871,13.936773300170898,18.034687042236328,4.099670886993408,5.351132392883301,0.7226823568344116,1.0355095863342283
Autoformer,full_normon,1,Guanyuan,False,6895,5.504415035247803,9.647192001342772,3.206845998764038,4.125496864318848,13.979394912719728,18.04176902770996,4.10793924331665,5.355167865753174,0.7234760522842407,1.0345780849456787
Autoformer,full_normon,1,Gucheng,False,6895,5.356417179107666,9.374539375305176,3.179550886154175,4.1117963790893555,13.24248218536377,17.42569923400879,4.142040729522705,5.413847923278809,0.861595630645752,1.2869371175765991
Autoformer,full_normon,1,Huairou,False,6895,5.24045991897583,9.322710990905762,3.251066207885742,4.16698694229126,12.91257095336914,17.344226837158203,4.091156005859375,5.326381683349609,0.7070457339286804,1.0466387271881104
Autoformer,full_normon,1,Nongzhanguan,False,6895,5.484455108642578,9.628823280334473,3.1939170360565186,4.1081085205078125,13.919675827026367,18.00792694091797,4.101819038391113,5.350247383117676,0.722406804561615,1.034345030784607
Autoformer,full_normon,1,Shunyi,False,6895,5.297094345092773,9.32005786895752,3.0886306762695312,4.011474609375,13.219393730163574,17.35556411743164,4.120790481567383,5.373718738555908,0.7595624923706055,1.1267273426055908
Autoformer,full_normon,1,Tiantan,False,6895,5.468727111816406,9.630878448486328,3.024364471435547,3.926851272583008,14.01987075805664,18.050996780395508,4.106161117553711,5.356315612792969,0.7245143055915833,1.032694935798645
Autoformer,full_normon,1,Wanliu,False,6895,5.372029781341553,9.329893112182615,3.3244688510894775,4.242137908935547,13.423404693603516,17.343923568725586,4.0916876792907715,5.343068599700928,0.6485629677772522,0.912070333957672
Autoformer,full_normon,1,Wanshouxigong,False,6895,5.507152557373047,9.677889823913574,3.1728780269622803,4.101449489593506,14.025200843811035,18.11225700378418,4.107314109802246,5.3573174476623535,0.7232140898704529,1.0342508554458618
Autoformer,full_normon,2,Aotizhongxin,True,6895,5.341945171356201,9.415556907653809,3.1699962615966797,4.042555332183838,13.585365295410156,17.641958236694336,3.907105445861816,5.099292755126953,0.7053057551383972,1.0134332180023191
Autoformer,full_normon,2,Changping,False,6895,5.287055492401123,9.312365531921388,3.229116916656494,4.146747589111328,13.242721557617188,17.379486083984375,3.95046067237854,5.148077487945557,0.7259236574172974,1.0657917261123655
Autoformer,full_normon,2,Dingling,False,6895,5.255224227905273,9.235576629638672,3.2206082344055176,4.152648448944092,13.129590034484863,17.21319007873535,3.951653242111206,5.150716304779053,0.7190470099449158,1.0560543537139893
Autoformer,full_normon,2,Dongsi,False,6895,5.341237545013428,9.437819480895996,3.21671199798584,4.110493183135986,13.533195495605469,17.679183959960938,3.904197931289673,5.077707767486572,0.7108449935913086,1.028105854988098
Autoformer,full_normon,2,Guanyuan,False,6895,5.36245059967041,9.465879440307615,3.1813251972198486,4.060262680053711,13.64039421081543,17.741792678833008,3.918869018554687,5.109724998474121,0.7092123627662659,1.0223768949508667
Autoformer,full_normon,2,Gucheng,False,6895,5.357762336730957,9.411491394042969,3.225607395172119,4.094778060913086,13.39430332183838,17.5791072845459,3.950934886932373,5.188958644866943,0.8602056503295898,1.259860634803772
Autoformer,full_normon,2,Huairou,False,6895,5.382538318634033,9.618019104003906,3.3043229579925537,4.177444934844971,13.625411033630373,18.04443359375,3.887634038925171,5.0891900062561035,0.7127864360809326,1.0357134342193604
Autoformer,full_normon,2,Nongzhanguan,False,6895,5.370684623718262,9.492101669311523,3.185905694961548,4.062445640563965,13.702642440795898,17.813257217407227,3.88698935508728,5.054169178009033,0.7072005271911621,1.0196921825408936
Autoformer,full_normon,2,Shunyi,False,6895,5.1557087898254395,9.122078895568848,3.1253786087036133,3.997365951538086,12.834525108337402,17.011367797851562,3.9183058738708496,5.12650728225708,0.7446209788322449,1.0966556072235107
Autoformer,full_normon,2,Tiantan,False,6895,5.442768096923828,9.602483749389648,3.1625452041625977,4.029418468475342,14.005136489868164,18.047901153564453,3.896289110183716,5.083555698394775,0.7071049213409424,1.012587308883667
Autoformer,full_normon,2,Wanliu,False,6895,5.342114448547363,9.353657722473145,3.414011240005493,4.309597492218018,13.402471542358398,17.447954177856445,3.910249710083008,5.1123857498168945,0.6417213678359985,0.9074126482009888
Autoformer,full_normon,2,Wanshouxigong,False,6895,5.421765327453613,9.579544067382812,3.2260401248931885,4.110840797424316,13.83863353729248,17.974929809570312,3.9144387245178223,5.102048397064209,0.7079482674598694,1.0211211442947388
Autoformer,full_normon,3,Aotizhongxin,True,6895,5.304163455963135,9.338180541992188,3.120516777038574,4.002297878265381,13.530688285827637,17.48805046081543,3.850029945373535,5.093104362487793,0.7154228091239929,1.0081952810287476
Autoformer,full_normon,3,Changping,False,6895,5.284069538116455,9.217495918273926,3.1811585426330566,4.108687877655029,13.28121566772461,17.191041946411133,3.92780089378357,5.12724494934082,0.7460978627204895,1.0710307359695437
Autoformer,full_normon,3,Dingling,False,6895,5.213581562042236,9.025113105773926,3.265138626098633,4.191669940948486,12.91497802734375,16.75307273864746,3.933259963989258,5.143439769744873,0.7409453392028809,1.0583685636520386
Autoformer,full_normon,3,Dongsi,False,6895,5.304266452789307,9.352849006652832,3.080550193786621,3.976712942123413,13.543964385986328,17.515884399414062,3.879539728164673,5.124339580535889,0.7130137085914612,1.0118402242660522
Autoformer,full_normon,3,Guanyuan,False,6895,5.341508865356445,9.397479057312012,3.0761659145355225,3.960054636001587,13.666016578674316,17.604562759399414,3.9059934616088863,5.159034252166748,0.717859148979187,1.015892744064331
Autoformer,full_normon,3,Gucheng,False,6895,5.295477867126465,9.214550018310549,3.1823418140411377,4.0730719566345215,13.140830993652344,17.143125534057617,3.967869520187378,5.246395111083984,0.8908693790435791,1.27685284614563
Autoformer,full_normon,3,Huairou,False,6895,5.329163074493408,9.411782264709473,3.4144062995910645,4.305950164794922,13.275338172912598,17.56510353088379,3.8722786903381343,5.11151647567749,0.754625141620636,1.0606281757354736
Autoformer,full_normon,3,Nongzhanguan,False,6895,5.342715740203857,9.428374290466309,3.1119344234466553,3.998185634613037,13.714735984802246,17.698257446289062,3.826862812042236,5.033538818359375,0.7173327207565308,1.0132312774658203
Autoformer,full_normon,3,Shunyi,False,6895,5.191916465759277,9.15689182281494,3.0834920406341553,3.9546074867248535,13.019378662109377,17.097837448120117,3.895447015762329,5.117167949676514,0.7693501710891724,1.1110092401504517
Autoformer,full_normon,3,Tiantan,False,6895,5.365350246429443,9.449481010437012,3.1137850284576416,4.012843132019043,13.760032653808594,17.721485137939453,3.872063398361206,5.09859561920166,0.7155184745788574,1.0105026960372925
Autoformer,full_normon,3,Wanliu,False,6895,5.294403553009033,9.18821144104004,3.4571027755737305,4.386488437652588,13.213251113891602,17.075077056884766,3.8643412590026855,5.108283996582031,0.6429195404052734,0.8937569260597229
Autoformer,full_normon,3,Wanshouxigong,False,6895,5.35231351852417,9.444904327392578,3.1362009048461914,4.035128116607666,13.66558837890625,17.693134307861328,3.890966892242432,5.144857883453369,0.7164957523345947,1.0129245519638062
Autoformer,full_normon,4,Aotizhongxin,True,6895,5.420919418334961,9.55414581298828,3.255249500274658,4.124273777008057,13.78514003753662,17.900959014892578,3.933591604232788,5.159716606140137,0.7096930742263794,1.0247613191604614
Autoformer,full_normon,4,Changping,False,6895,5.258199691772461,9.180821418762209,3.3220279216766357,4.245800495147705,13.007908821105955,17.059791564941406,3.9750916957855225,5.189838409423828,0.7277706861495972,1.0734174251556396
Autoformer,full_normon,4,Dingling,False,6895,5.246572017669678,9.134626388549805,3.3125686645507812,4.248810768127441,12.967443466186523,16.96109390258789,3.981849431991577,5.18635892868042,0.724427342414856,1.0659794807434082
Autoformer,full_normon,4,Dongsi,False,6895,5.423732757568359,9.548828125,3.3311774730682373,4.218259811401367,13.72212028503418,17.87653160095215,3.9281952381134033,5.126757621765137,0.713445246219635,1.0357286930084229
Autoformer,full_normon,4,Guanyuan,False,6895,5.440255641937256,9.546381950378418,3.2986536026000977,4.17825174331665,13.788637161254885,17.86550521850586,3.9614782333374023,5.180386543273926,0.7122495770454407,1.0310909748077393
Autoformer,full_normon,4,Gucheng,False,6895,5.318015098571777,9.251738548278809,3.27514910697937,4.164383411407471,13.178910255432127,17.215133666992188,3.964147567749023,5.2033257484436035,0.8538487553596497,1.265390396118164
Autoformer,full_normon,4,Huairou,False,6895,5.274075508117676,9.370010375976562,3.3049285411834717,4.183244228363037,13.158124923706056,17.505130767822266,3.9174270629882817,5.116403579711914,0.7158198356628418,1.0400172472000122
Autoformer,full_normon,4,Nongzhanguan,False,6895,5.429948329925537,9.570674896240234,3.2858502864837646,4.159392356872559,13.814385414123535,17.946033477783203,3.908546686172486,5.096186637878418,0.7110086679458618,1.029354214668274
Autoformer,full_normon,4,Shunyi,False,6895,5.26005220413208,9.276301383972168,3.232093811035156,4.112083911895752,13.117870330810549,17.308542251586914,3.944080114364624,5.146266460418701,0.746163547039032,1.1045931577682495
Autoformer,full_normon,4,Tiantan,False,6895,5.4307942390441895,9.546831130981444,3.174786329269409,4.048038005828857,13.886966705322266,17.901578903198242,3.9527900218963623,5.164985656738281,0.7086358666419983,1.0187182426452637
Autoformer,full_normon,4,Wanliu,False,6895,5.350192070007324,9.308249473571776,3.498364210128784,4.402736186981201,13.324249267578123,17.31391143798828,3.94053053855896,5.157637119293213,0.6376190185546875,0.9039403796195984
Autoformer,full_normon,4,Wanshouxigong,False,6895,5.440634727478027,9.605175018310549,3.2807955741882324,4.167524814605713,13.8274564743042,18.0008544921875,3.945071220397949,5.156117916107178,0.7092203497886658,1.026175022125244
Crossformer,full,0,Aotizhongxin,True,6895,4.35306978225708,8.118216514587402,3.1229848861694336,3.9820432662963863,11.369830131530762,15.392457008361816,2.27093243598938,3.158508062362671,0.6485341191291809,0.928013563156128
Crossformer,full,0,Changping,False,6895,4.216814994812012,7.707408905029297,3.3173234462738037,4.205288410186768,10.47144889831543,14.429333686828612,2.412564277648926,3.278541088104248,0.6659271121025085,0.9887930154800416
Crossformer,full,0,Dingling,False,6895,4.229987621307373,7.739450454711914,3.33605432510376,4.2365522384643555,10.50274658203125,14.486509323120115,2.4159984588623047,3.2866156101226807,0.6651492714881897,0.9935663342475892
Crossformer,full,0,Dongsi,False,6895,4.364139556884766,8.133485794067383,3.110690116882324,3.9746227264404297,11.4146089553833,15.425146102905272,2.2828335762023926,3.165656566619873,0.648426353931427,0.9274885058403016
Crossformer,full,0,Guanyuan,False,6895,4.356749057769775,8.124881744384766,3.1142160892486572,3.975614309310913,11.38855266571045,15.407419204711914,2.2757558822631836,3.162515163421631,0.6484687328338623,0.9269896149635316
Crossformer,full,0,Gucheng,False,6895,4.312453746795654,7.986258029937744,3.235412120819092,4.127040386199951,10.887914657592772,15.040964126586914,2.3503425121307373,3.2399964332580566,0.7761443853378296,1.1664667129516602
Crossformer,full,0,Huairou,False,6895,4.304195880889893,8.002004623413086,3.4121453762054443,4.320919990539551,10.7235107421875,15.021753311157228,2.4236550331115723,3.2922377586364746,0.6574777960777283,0.982878029346466
Crossformer,full,0,Nongzhanguan,False,6895,4.3612213134765625,8.14001178741455,3.1109507083892822,3.9755351543426514,11.401326179504396,15.437860488891602,2.283775329589844,3.1693549156188965,0.648831307888031,0.9284155368804932
Crossformer,full,0,Shunyi,False,6895,4.199878692626953,7.7834553718566895,3.1563687324523926,4.037320613861084,10.67601490020752,14.659510612487791,2.281588554382324,3.1773266792297363,0.6855461597442627,1.0159282684326172
Crossformer,full,0,Tiantan,False,6895,4.356944561004639,8.138331413269043,3.1093757152557373,3.971824884414673,11.390010833740234,15.436115264892578,2.2798519134521484,3.1653947830200195,0.6485427618026733,0.9279354214668274
Crossformer,full,0,Wanliu,False,6895,4.3599534034729,8.054658889770508,3.307194232940674,4.1720757484436035,11.212783813476562,15.205618858337402,2.3142178058624268,3.194976329803467,0.6056206822395325,0.8277202844619751
Crossformer,full,0,Wanshouxigong,False,6895,4.3634796142578125,8.141962051391602,3.1110851764678955,3.974068164825439,11.412118911743164,15.442605018615724,2.282238721847534,3.1683928966522217,0.648476243019104,0.9274948835372924
Crossformer,full,1,Aotizhongxin,True,6895,4.329830646514893,8.193702697753906,3.368088722229004,4.164215087890625,11.050997734069824,15.488093376159668,2.248819589614868,3.226602554321289,0.6514108777046204,0.9562248587608336
Crossformer,full,1,Changping,False,6895,4.127606391906738,7.600640773773193,3.495373249053955,4.256117343902588,10.116342544555664,14.203067779541016,2.2203497886657715,3.1943283081054688,0.6783626079559326,1.0166600942611694
Crossformer,full,1,Dingling,False,6895,4.141491413116455,7.627347946166992,3.525739908218384,4.301135540008545,10.146047592163086,14.247817993164062,2.215981960296631,3.1883387565612793,0.6781976819038391,1.0198676586151123
Crossformer,full,1,Dongsi,False,6895,4.350878715515137,8.228891372680664,3.3495657444000244,4.144287586212158,11.152738571166992,15.57071018218994,2.249314546585083,3.2129030227661133,0.6518940925598145,0.9558669328689576
Crossformer,full,1,Guanyuan,False,6895,4.340381622314453,8.200380325317383,3.3616232872009277,4.1566386222839355,11.094060897827148,15.506735801696776,2.2541840076446533,3.2150728702545166,0.6516562700271606,0.9548293948173524
Crossformer,full,1,Gucheng,False,6895,4.286998271942139,7.957645416259766,3.4492337703704834,4.217559814453125,10.701510429382324,14.964849472045898,2.2096292972564697,3.1796627044677734,0.7876188158988953,1.2048872709274292
Crossformer,full,1,Huairou,False,6895,4.279459476470947,7.902801990509033,3.501889944076538,4.260811805725098,10.73646354675293,14.850329399108888,2.2182955741882324,3.1832451820373535,0.6611862778663635,0.998615860939026
Crossformer,full,1,Nongzhanguan,False,6895,4.335718154907227,8.223366737365723,3.3496170043945312,4.14889669418335,11.09450340270996,15.556931495666504,2.247519254684448,3.2169437408447266,0.6512344479560852,0.9565249085426332
Crossformer,full,1,Shunyi,False,6895,4.202480792999268,7.846907615661621,3.4025394916534424,4.1612067222595215,10.401291847229004,14.734360694885254,2.316427230834961,3.284996032714844,0.6896633505821228,1.04287850856781
Crossformer,full,1,Tiantan,False,6895,4.342788219451904,8.22985553741455,3.3841145038604736,4.187283515930176,11.084994316101074,15.561585426330566,2.249948740005493,3.211543321609497,0.6520984172821045,0.9548997282981871
Crossformer,full,1,Wanliu,False,6895,4.3533525466918945,8.09451675415039,3.598074436187744,4.367142200469971,10.980401992797852,15.228960990905762,2.2391481399536133,3.223788022994995,0.5957884192466736,0.8359869718551636
Crossformer,full,1,Wanshouxigong,False,6895,4.34589147567749,8.224358558654785,3.3756957054138184,4.170663833618164,11.116467475891112,15.556389808654783,2.240619421005249,3.2022857666015625,0.6507848501205444,0.9539308547973632
Crossformer,full,2,Aotizhongxin,True,6895,4.2107391357421875,7.838041305541992,2.9729931354522705,3.742992162704468,11.070307731628418,14.882197380065918,2.148421287536621,3.061155319213867,0.6512358784675598,0.9375962018966676
Crossformer,full,2,Changping,False,6895,4.067701816558838,7.379584789276123,3.15028977394104,3.929489135742187,10.053298950195312,13.800921440124512,2.3974716663360596,3.3060128688812256,0.6697494387626648,0.9985257387161256
Crossformer,full,2,Dingling,False,6895,4.077935695648193,7.412380695343018,3.118196964263916,3.8882193565368657,10.097328186035156,13.875126838684082,2.427698850631714,3.3360440731048584,0.6685176491737366,1.0034852027893066
Crossformer,full,2,Dongsi,False,6895,4.2053399085998535,7.84641170501709,2.9423813819885254,3.70747971534729,11.080414772033691,14.90914821624756,2.146914005279541,3.0586791038513184,0.6516486406326294,0.9386234283447266
Crossformer,full,2,Guanyuan,False,6895,4.204547882080078,7.84075403213501,2.947756290435791,3.715737581253052,11.07474422454834,14.895756721496582,2.1444361209869385,3.056164264678955,0.6512489914894104,0.9377401471138
Crossformer,full,2,Gucheng,False,6895,4.25702428817749,7.783216953277588,3.103945732116699,3.874796152114868,10.83248805999756,14.677535057067873,2.3117384910583496,3.23927640914917,0.77992182970047,1.1734150648117063
Crossformer,full,2,Huairou,False,6895,4.280592918395996,7.90044641494751,3.1960930824279785,3.980857372283935,10.848873138427734,14.89089584350586,2.415600299835205,3.3314402103424072,0.6618017554283142,0.9918294548988342
Crossformer,full,2,Nongzhanguan,False,6895,4.203776836395264,7.852919578552246,2.9400789737701416,3.7068841457366943,11.071717262268066,14.92176914215088,2.151219367980957,3.064288854598999,0.6520938277244568,0.9398088455200196
Crossformer,full,2,Shunyi,False,6895,4.025588035583496,7.457235813140869,2.9418036937713623,3.6921579837799072,10.30260944366455,14.080314636230469,2.1691715717315674,3.0822715759277344,0.688764750957489,1.0265427827835083
Crossformer,full,2,Tiantan,False,6895,4.202455997467041,7.8380913734436035,2.964189052581787,3.7370569705963135,11.041768074035645,14.88288688659668,2.1521120071411133,3.0652878284454346,0.6517535448074341,0.9384912848472596
Crossformer,full,2,Wanliu,False,6895,4.254185199737549,7.860283374786377,3.156946182250977,3.9303696155548096,11.060831069946287,14.876595497131348,2.1951961517333984,3.112124443054199,0.603767991065979,0.8307012319564819
Crossformer,full,2,Wanshouxigong,False,6895,4.214620590209961,7.853198528289795,2.9724559783935547,3.745025873184204,11.08405590057373,14.913300514221191,2.150134563446045,3.062446117401123,0.6518343091011047,0.9384024143218994
Crossformer,full,3,Aotizhongxin,True,6895,4.121750354766846,7.805985450744629,2.936829090118408,3.677371025085449,10.72033977508545,14.819062232971191,2.182934522628784,3.119215488433838,0.6468960642814636,0.9362091422080994
Crossformer,full,3,Changping,False,6895,3.962238550186157,7.357382297515869,3.0627071857452393,3.7949957847595215,9.87951374053955,13.829487800598145,2.2382094860076904,3.144274950027466,0.6685252785682678,0.9904931783676147
Crossformer,full,3,Dingling,False,6895,3.965533494949341,7.369892120361328,3.0182511806488037,3.746453523635864,9.929367065429688,13.86740016937256,2.248534679412842,3.1520495414733887,0.6659834980964661,0.9925724864006042
Crossformer,full,3,Dongsi,False,6895,4.134374618530273,7.797948837280273,2.947652578353882,3.68914532661438,10.75732421875,14.799365997314451,2.1845743656158447,3.1183104515075684,0.6479482054710388,0.9365545511245728
Crossformer,full,3,Guanyuan,False,6895,4.132600784301758,7.804642200469971,2.9459304809570312,3.686770439147949,10.751476287841797,14.813678741455078,2.1850266456604004,3.120074987411499,0.6479682922363281,0.9367682337760924
Crossformer,full,3,Gucheng,False,6895,4.106037616729736,7.66362714767456,3.035683870315552,3.778805732727051,10.409530639648438,14.473936080932615,2.204882860183716,3.126671075820923,0.7740524411201477,1.1723840236663818
Crossformer,full,3,Huairou,False,6895,4.1656293869018555,7.85460090637207,3.0298712253570557,3.766680240631103,10.724308967590332,14.888394355773926,2.2438132762908936,3.153390407562256,0.6645237803459167,0.9914441108703612
Crossformer,full,3,Nongzhanguan,False,6895,4.1324591636657715,7.821555137634277,2.934870958328247,3.6768932342529297,10.759759902954102,14.851149559020996,2.1871049404144287,3.122875690460205,0.6480979323387146,0.9372434616088868
Crossformer,full,3,Shunyi,False,6895,3.985761880874634,7.439807415008545,2.89797306060791,3.605252504348755,10.13575553894043,14.046972274780272,2.2207744121551514,3.1682727336883545,0.6885421276092529,1.0245449542999268
Crossformer,full,3,Tiantan,False,6895,4.126986503601074,7.851484775543213,2.9428553581237793,3.6883273124694824,10.737576484680176,14.913512229919434,2.1791694164276123,3.112518310546875,0.6483426690101624,0.9374792575836182
Crossformer,full,3,Wanliu,False,6895,4.155266284942627,7.79448938369751,3.132580518722534,3.86896300315857,10.711417198181152,14.755117416381836,2.182345390319824,3.107119560241699,0.5947233438491821,0.8244053721427917
Crossformer,full,3,Wanshouxigong,False,6895,4.1292548179626465,7.807943344116211,2.9567339420318604,3.699530601501465,10.730020523071287,14.81844711303711,2.1821165084838867,3.115399122238159,0.648147463798523,0.9366596341133118
Crossformer,full,4,Aotizhongxin,True,6895,4.219572067260742,8.055079460144043,2.812448740005493,3.6024346351623535,11.226656913757324,15.355609893798828,2.185572862625122,3.141854763031006,0.6536078453063965,0.9453518986701964
Crossformer,full,4,Changping,False,6895,4.057650566101074,7.639520645141602,2.9304442405700684,3.7555572986602783,10.38807773590088,14.44277000427246,2.237110137939453,3.122478485107422,0.6749712824821472,1.000721096992493
Crossformer,full,4,Dingling,False,6895,4.097553730010986,7.704063415527344,2.9694039821624756,3.801952362060547,10.472776412963867,14.56159496307373,2.273961067199707,3.148265600204468,0.6740756034851074,1.0019521713256836
Crossformer,full,4,Dongsi,False,6895,4.248765468597412,8.11362075805664,2.8216567039489746,3.618937730789185,11.323440551757812,15.472922325134276,2.1966869831085205,3.1502580642700195,0.6532744765281677,0.9440608024597168
Crossformer,full,4,Guanyuan,False,6895,4.2521653175354,8.137442588806152,2.8156485557556152,3.607670307159424,11.344372749328612,15.525397300720217,2.195606231689453,3.1507182121276855,0.6530340909957886,0.944256603717804
Crossformer,full,4,Gucheng,False,6895,4.232901096343994,7.9868669509887695,2.871173620223999,3.6895735263824463,11.066532135009766,15.183082580566406,2.2151782512664795,3.1049180030822754,0.7787206172943115,1.1750364303588867
Crossformer,full,4,Huairou,False,6895,4.285161972045898,8.154455184936523,2.9351630210876465,3.7491109371185303,11.2753267288208,15.522075653076172,2.265385150909424,3.1637320518493652,0.6647753119468689,0.9902894496917723
Crossformer,full,4,Nongzhanguan,False,6895,4.2152180671691895,8.055035591125488,2.8020148277282715,3.600532054901123,11.214439392089844,15.354941368103027,2.191108465194702,3.1468520164489746,0.6533117890357971,0.9452887177467346
Crossformer,full,4,Shunyi,False,6895,4.043610095977783,7.646152973175049,2.7684826850891113,3.5595059394836426,10.466708183288574,14.48270034790039,2.2484991550445557,3.221484661102295,0.69074946641922,1.0285677909851074
Crossformer,full,4,Tiantan,False,6895,4.1951422691345215,8.02985954284668,2.8053641319274902,3.6055867671966553,11.143312454223633,15.304106712341309,2.1766395568847656,3.1309399604797363,0.6552534699440002,0.9464775323867798
Crossformer,full,4,Wanliu,False,6895,4.215413570404053,7.975968837738037,2.9069037437438965,3.707487106323242,11.159979820251465,15.172992706298828,2.1940817832946777,3.132524251937866,0.6006872653961182,0.8285021781921387
Crossformer,full,4,Wanshouxigong,False,6895,4.221325874328613,8.06518268585205,2.8217666149139404,3.616049528121948,11.220216751098633,15.37345027923584,2.189699172973633,3.1429288387298584,0.6536194682121277,0.9443798661231996
DLinear,full,0,Aotizhongxin,True,6895,4.370866775512695,8.364294052124023,2.0670166015625,2.6682190895080566,11.888334274291992,16.02195930480957,2.808370590209961,3.8762552738189697,0.7197418808937073,0.9988617300987244
DLinear,full,0,Changping,False,6895,4.116080284118652,7.789182662963867,2.105921506881714,2.7420477867126465,10.796607971191406,14.80223560333252,2.8214995861053467,3.8688833713531494,0.7402926087379456,1.045052409172058
DLinear,full,0,Dingling,False,6895,4.116080284118652,7.789182662963867,2.105921506881714,2.7420477867126465,10.796607971191406,14.80223560333252,2.8214995861053467,3.8688833713531494,0.7402926087379456,1.045052409172058
DLinear,full,0,Dongsi,False,6895,4.370866775512695,8.364294052124023,2.0670166015625,2.6682190895080566,11.888334274291992,16.02195930480957,2.808370590209961,3.8762552738189697,0.7197418808937073,0.9988617300987244
DLinear,full,0,Guanyuan,False,6895,4.370866775512695,8.364294052124023,2.0670166015625,2.6682190895080566,11.888334274291992,16.02195930480957,2.808370590209961,3.8762552738189697,0.7197418808937073,0.9988617300987244
DLinear,full,0,Gucheng,False,6895,4.31226110458374,8.185729026794434,2.1400129795074463,2.767835855484009,11.398917198181152,15.606446266174316,2.8392815589904785,3.902985095977783,0.8708338737487793,1.2527010440826416
DLinear,full,0,Huairou,False,6895,4.241003513336182,8.205174446105957,2.1956934928894043,2.85741662979126,11.20587921142578,15.654205322265623,2.8269219398498535,3.868685483932495,0.7355186343193054,1.055376052856445
DLinear,full,0,Nongzhanguan,False,6895,4.370866775512695,8.364294052124023,2.0670166015625,2.6682190895080566,11.888334274291992,16.02195930480957,2.808370590209961,3.8762552738189697,0.7197418808937073,0.9988617300987244
DLinear,full,0,Shunyi,False,6895,4.205380916595459,8.079386711120605,2.00418472290039,2.6107306480407715,11.238855361938477,15.427851676940918,2.8161070346832275,3.8842363357543945,0.7623756527900696,1.0881904363632202
DLinear,full,0,Tiantan,False,6895,4.370866775512695,8.364294052124023,2.0670166015625,2.6682190895080566,11.888334274291992,16.02195930480957,2.808370590209961,3.8762552738189697,0.7197418808937073,0.9988617300987244
DLinear,full,0,Wanliu,False,6895,4.3523054122924805,8.306475639343262,2.16745924949646,2.8105998039245605,11.771918296813965,15.881940841674805,2.8187248706817627,3.880750894546509,0.6511135101318359,0.8913506865501404
DLinear,full,0,Wanshouxigong,False,6895,4.370866775512695,8.364294052124023,2.0670166015625,2.6682190895080566,11.888334274291992,16.02195930480957,2.808370590209961,3.8762552738189697,0.7197418808937073,0.9988617300987244
DLinear,full,1,Aotizhongxin,True,6895,4.370771884918213,8.37456226348877,2.059227228164673,2.6766250133514404,11.883844375610352,16.039602279663086,2.8195137977600098,3.8859710693359375,0.7205022573471069,0.9996055960655212
DLinear,full,1,Changping,False,6895,4.1146368980407715,7.79845666885376,2.1007659435272217,2.74961519241333,10.795942306518556,14.819141387939451,2.820367336273194,3.873230218887329,0.7414698600769043,1.0461901426315308
DLinear,full,1,Dingling,False,6895,4.1146368980407715,7.79845666885376,2.1007659435272217,2.74961519241333,10.795942306518556,14.819141387939451,2.820367336273194,3.873230218887329,0.7414698600769043,1.0461901426315308
DLinear,full,1,Dongsi,False,6895,4.370771884918213,8.37456226348877,2.059227228164673,2.6766250133514404,11.883844375610352,16.039602279663086,2.8195137977600098,3.8859710693359375,0.7205022573471069,0.9996055960655212
DLinear,full,1,Guanyuan,False,6895,4.370771884918213,8.37456226348877,2.059227228164673,2.6766250133514404,11.883844375610352,16.039602279663086,2.8195137977600098,3.8859710693359375,0.7205022573471069,0.9996055960655212
DLinear,full,1,Gucheng,False,6895,4.310626983642578,8.195488929748535,2.1352434158325195,2.7759594917297363,11.395215034484863,15.624363899230955,2.8406295776367188,3.907317638397217,0.8714190125465393,1.2531203031539917
DLinear,full,1,Huairou,False,6895,4.240675449371338,8.216665267944336,2.1942272186279297,2.864598035812378,11.206592559814451,15.675793647766112,2.825303316116333,3.8732330799102783,0.7365759611129761,1.0563716888427734
DLinear,full,1,Nongzhanguan,False,6895,4.370771884918213,8.37456226348877,2.059227228164673,2.6766250133514404,11.883844375610352,16.039602279663086,2.8195137977600098,3.8859710693359375,0.7205022573471069,0.9996055960655212
DLinear,full,1,Shunyi,False,6895,4.208322525024414,8.08838176727295,1.9997220039367676,2.6184334754943848,11.24143886566162,15.442694664001465,2.828608274459839,3.894684076309204,0.763524055480957,1.089072823524475
DLinear,full,1,Tiantan,False,6895,4.370771884918213,8.37456226348877,2.059227228164673,2.6766250133514404,11.883844375610352,16.039602279663086,2.8195137977600098,3.8859710693359375,0.7205022573471069,0.9996055960655212
DLinear,full,1,Wanliu,False,6895,4.352976322174072,8.317607879638672,2.1639833450317383,2.8187849521636963,11.76988124847412,15.901660919189451,2.8263051509857178,3.889296770095825,0.6517361402511597,0.891856849193573
DLinear,full,1,Wanshouxigong,False,6895,4.370771884918213,8.37456226348877,2.059227228164673,2.6766250133514404,11.883844375610352,16.039602279663086,2.8195137977600098,3.8859710693359375,0.7205022573471069,0.9996055960655212
DLinear,full,2,Aotizhongxin,True,6895,4.355257034301758,8.398179054260254,1.9893732070922852,2.605621576309204,11.88413143157959,16.09955596923828,2.8235793113708496,3.889007806777954,0.7239437699317932,1.0041449069976809
DLinear,full,2,Changping,False,6895,4.094130992889404,7.817458152770996,2.03305721282959,2.6795780658721924,10.79078769683838,14.873584747314451,2.807985782623291,3.865687370300293,0.744694709777832,1.0504332780838013
DLinear,full,2,Dingling,False,6895,4.094130992889404,7.817458152770996,2.03305721282959,2.6795780658721924,10.79078769683838,14.873584747314451,2.807985782623291,3.865687370300293,0.744694709777832,1.0504332780838013
DLinear,full,2,Dongsi,False,6895,4.355257034301758,8.398179054260254,1.9893732070922852,2.605621576309204,11.88413143157959,16.09955596923828,2.8235793113708496,3.889007806777954,0.7239437699317932,1.0041449069976809
DLinear,full,2,Guanyuan,False,6895,4.355257034301758,8.398179054260254,1.9893732070922852,2.605621576309204,11.88413143157959,16.09955596923828,2.8235793113708496,3.889007806777954,0.7239437699317932,1.0041449069976809
DLinear,full,2,Gucheng,False,6895,4.290622234344482,8.213189125061035,2.061457633972168,2.7052323818206787,11.390982627868652,15.673598289489746,2.834228515625,3.9063832759857178,0.8758213520050049,1.2594019174575806
DLinear,full,2,Huairou,False,6895,4.214641571044922,8.231959342956543,2.1219985485076904,2.7835819721221924,11.184335708618164,15.723928451538086,2.8125786781311035,3.865866184234619,0.739655077457428,1.0608779191970823
DLinear,full,2,Nongzhanguan,False,6895,4.355257034301758,8.398179054260254,1.9893732070922852,2.605621576309204,11.88413143157959,16.09955596923828,2.8235793113708496,3.889007806777954,0.7239437699317932,1.0041449069976809
DLinear,full,2,Shunyi,False,6895,4.192746639251709,8.111083984375,1.9261634349823,2.5405280590057373,11.242959976196287,15.502052307128906,2.8351402282714844,3.898015022277832,0.7667226195335388,1.093775987625122
DLinear,full,2,Tiantan,False,6895,4.355257034301758,8.398179054260254,1.9893732070922852,2.605621576309204,11.88413143157959,16.09955596923828,2.8235793113708496,3.889007806777954,0.7239437699317932,1.0041449069976809
DLinear,full,2,Wanliu,False,6895,4.332977771759033,8.334404945373535,2.091890811920166,2.74760103225708,11.761835098266602,15.948979377746582,2.825439929962158,3.889653205871582,0.6527448892593384,0.8947610259056091
DLinear,full,2,Wanshouxigong,False,6895,4.355257034301758,8.398179054260254,1.9893732070922852,2.605621576309204,11.88413143157959,16.09955596923828,2.8235793113708496,3.889007806777954,0.7239437699317932,1.0041449069976809
DLinear,full,3,Aotizhongxin,True,6895,4.358431816101074,8.379085540771484,2.016381025314331,2.6341569423675537,11.881067276000977,16.05677032470703,2.8140251636505127,3.882594347000122,0.7222535014152527,1.0015240907669067
DLinear,full,3,Changping,False,6895,4.099518775939941,7.799774646759033,2.059516429901123,2.7069644927978516,10.787660598754885,14.83141040802002,2.807884931564331,3.8664920330047607,0.7430061101913452,1.0477938652038574
DLinear,full,3,Dingling,False,6895,4.099518775939941,7.799774646759033,2.059516429901123,2.7069644927978516,10.787660598754885,14.83141040802002,2.807884931564331,3.8664920330047607,0.7430061101913452,1.0477938652038574
DLinear,full,3,Dongsi,False,6895,4.358431816101074,8.379085540771484,2.016381025314331,2.6341569423675537,11.881067276000977,16.05677032470703,2.8140251636505127,3.882594347000122,0.7222535014152527,1.0015240907669067
DLinear,full,3,Guanyuan,False,6895,4.358431816101074,8.379085540771484,2.016381025314331,2.6341569423675537,11.881067276000977,16.05677032470703,2.8140251636505127,3.882594347000122,0.7222535014152527,1.0015240907669067
DLinear,full,3,Gucheng,False,6895,4.297367572784424,8.196681022644043,2.0925869941711426,2.734241008758545,11.391037940979004,15.634737014770508,2.831909418106079,3.9044690132141113,0.8739359378814697,1.2555252313613892
DLinear,full,3,Huairou,False,6895,4.224330425262451,8.21477222442627,2.1528337001800537,2.818237781524658,11.193987846374512,15.681791305541992,2.81254243850708,3.866436958312988,0.7379574775695801,1.0580921173095703
DLinear,full,3,Nongzhanguan,False,6895,4.358431816101074,8.379085540771484,2.016381025314331,2.6341569423675537,11.881067276000977,16.05677032470703,2.8140251636505127,3.882594347000122,0.7222535014152527,1.0015240907669067
DLinear,full,3,Shunyi,False,6895,4.195501327514648,8.091462135314941,1.9545636177062988,2.572672128677368,11.23888874053955,15.457618713378906,2.823824167251587,3.891128063201904,0.7647273540496826,1.0906561613082886
DLinear,full,3,Tiantan,False,6895,4.358431816101074,8.379085540771484,2.016381025314331,2.6341569423675537,11.881067276000977,16.05677032470703,2.8140251636505127,3.882594347000122,0.7222535014152527,1.0015240907669067
DLinear,full,3,Wanliu,False,6895,4.338743686676025,8.3182373046875,2.1214425563812256,2.777693271636963,11.7625732421875,15.911188125610352,2.8188281059265137,3.885010719299317,0.6521316766738892,0.8930141925811768
DLinear,full,3,Wanshouxigong,False,6895,4.358431816101074,8.379085540771484,2.016381025314331,2.6341569423675537,11.881067276000977,16.05677032470703,2.8140251636505127,3.882594347000122,0.7222535014152527,1.0015240907669067
DLinear,full,4,Aotizhongxin,True,6895,4.35593843460083,8.386488914489746,2.000499963760376,2.6174423694610596,11.881394386291504,16.0742244720459,2.8199760913848877,3.885575771331787,0.7218798398971558,1.0016707181930542
DLinear,full,4,Changping,False,6895,4.097721099853516,7.806643009185791,2.0453994274139404,2.691518545150757,10.791304588317873,14.848454475402832,2.8114383220672607,3.867124080657959,0.7427389025688171,1.0484193563461304
DLinear,full,4,Dingling,False,6895,4.097721099853516,7.806643486022949,2.0453994274139404,2.691518545150757,10.791304588317873,14.848454475402832,2.8114378452301025,3.867124080657959,0.7427389025688171,1.0484193563461304
DLinear,full,4,Dongsi,False,6895,4.35593843460083,8.386488914489746,2.000499963760376,2.6174423694610596,11.881394386291504,16.0742244720459,2.8199760913848877,3.885575771331787,0.7218798398971558,1.0016707181930542
DLinear,full,4,Guanyuan,False,6895,4.35593843460083,8.386488914489746,2.000499963760376,2.6174423694610596,11.881394386291504,16.0742244720459,2.8199760913848877,3.885575771331787,0.7218798398971558,1.0016707181930542
DLinear,full,4,Gucheng,False,6895,4.2923383712768555,8.202584266662598,2.0751142501831055,2.717475652694702,11.385659217834473,15.649574279785156,2.8357162475585938,3.906225442886353,0.8728711605072021,1.2558393478393557
DLinear,full,4,Huairou,False,6895,4.216876029968262,8.221453666687012,2.1363658905029297,2.799220323562622,11.177518844604492,15.699033737182615,2.816150426864624,3.8670833110809326,0.7374705672264099,1.058056354522705
DLinear,full,4,Nongzhanguan,False,6895,4.35593843460083,8.386488914489746,2.000499963760376,2.6174423694610596,11.881394386291504,16.0742244720459,2.8199760913848877,3.885575771331787,0.7218798398971558,1.0016707181930542
DLinear,full,4,Shunyi,False,6895,4.19296932220459,8.099411010742188,1.938731789588928,2.554329633712769,11.237815856933594,15.47647762298584,2.830495834350586,3.894216775894165,0.7648319602012634,1.091331958770752
DLinear,full,4,Tiantan,False,6895,4.35593843460083,8.386488914489746,2.000499963760376,2.6174423694610596,11.881394386291504,16.0742244720459,2.8199760913848877,3.885575771331787,0.7218798398971558,1.0016707181930542
DLinear,full,4,Wanliu,False,6895,4.333672523498535,8.323005676269531,2.1053740978240967,2.760028123855591,11.753725051879885,15.923664093017578,2.8239846229553223,3.887350082397461,0.6516068577766418,0.892952561378479
DLinear,full,4,Wanshouxigong,False,6895,4.35593843460083,8.386488914489746,2.000499963760376,2.6174423694610596,11.881394386291504,16.0742244720459,2.8199760913848877,3.885575771331787,0.7218798398971558,1.0016707181930542
Informer,full,0,Aotizhongxin,True,6895,4.870835781097412,8.880156517028809,3.6908323764801025,4.6038970947265625,12.246223449707031,16.697643280029297,2.8422656059265137,3.802267074584961,0.704021155834198,0.981994926929474
Informer,full,0,Changping,False,6895,4.9545183181762695,8.565532684326172,4.011899948120117,4.955957412719727,11.59916877746582,15.708003997802734,3.4731597900390625,4.59671688079834,0.7338428497314453,1.020176887512207
Informer,full,0,Dingling,False,6895,4.974804401397705,8.595697402954102,4.076786994934082,5.044676780700684,11.682440757751465,15.761401176452637,3.4134697914123535,4.543375492095947,0.7265207171440125,1.01550555229187
Informer,full,0,Dongsi,False,6895,4.94526481628418,9.090860366821287,3.718879461288452,4.634365558624268,12.461615562438965,17.129627227783203,2.8882944583892822,3.831629037857056,0.7122657895088196,0.9961110949516296
Informer,full,0,Guanyuan,False,6895,4.919192314147949,9.030308723449709,3.650350570678711,4.556347370147705,12.411304473876951,17.016002655029297,2.9040207862854004,3.8589141368865967,0.7110922336578369,0.994952917098999
Informer,full,0,Gucheng,False,6895,4.941772937774658,8.809104919433594,3.965965986251831,4.867675304412842,11.855751037597656,16.355484008789062,3.1258368492126465,4.211278438568115,0.8195406198501587,1.2125550508499146
Informer,full,0,Huairou,False,6895,5.368839263916016,9.358837127685549,4.407963752746582,5.297799587249756,12.796547889709473,17.29871940612793,3.5273866653442383,4.68421745300293,0.7434595823287964,1.047426462173462
Informer,full,0,Nongzhanguan,False,6895,4.915618419647217,9.048036575317385,3.695406913757324,4.616744041442871,12.41654109954834,17.053070068359375,2.845442533493042,3.7909271717071538,0.7050855159759521,0.9875102043151855
Informer,full,0,Shunyi,False,6895,4.854671955108643,8.650081634521484,3.8218953609466553,4.743972301483154,11.902124404907228,16.14140510559082,2.945828437805176,3.8849191665649414,0.7488423585891724,1.073664903640747
Informer,full,0,Tiantan,False,6895,4.9200005531311035,9.089235305786133,3.586381196975708,4.467138290405273,12.452621459960938,17.157543182373047,2.9238839149475098,3.887295961380005,0.7171171307563782,1.0045230388641355
Informer,full,0,Wanliu,False,6895,4.977291584014893,8.789117813110352,4.167105197906494,5.0298285484313965,12.11682415008545,16.36005210876465,2.95280122756958,3.9017350673675537,0.6724418997764587,0.9057677984237672
Informer,full,0,Wanshouxigong,False,6895,4.940942287445068,9.108988761901855,3.6680667400360103,4.568264484405518,12.474166870117188,17.17940330505371,2.904863119125366,3.858226776123047,0.716670572757721,1.003950119018555
Informer,full,1,Aotizhongxin,True,6895,4.821501731872559,9.002999305725098,3.556339979171753,4.611043453216553,12.513747215270996,17.033557891845703,2.5125656127929688,3.438098192214966,0.7033560276031494,0.9958073496818542
Informer,full,1,Changping,False,6895,5.037130355834961,9.035656929016112,3.8849844932556152,4.861333847045898,12.451590538024902,16.8868465423584,3.051988124847412,4.079827308654785,0.7599582672119141,1.0626355409622192
Informer,full,1,Dingling,False,6895,5.163369655609131,9.14283847808838,4.027398109436035,5.030513763427734,12.625523567199709,17.025339126586914,3.230714797973633,4.248094081878662,0.7698448896408081,1.07307767868042
Informer,full,1,Dongsi,False,6895,4.870952129364014,9.10771656036377,3.5614449977874756,4.61248254776001,12.691024780273438,17.256088256835938,2.5253331661224365,3.428264856338501,0.706005334854126,1.0006555318832395
Informer,full,1,Guanyuan,False,6895,4.826137065887451,9.00307846069336,3.5529351234436035,4.598329067230225,12.543656349182127,17.042360305786133,2.5038113594055176,3.4109630584716797,0.704143762588501,1.0001858472824097
Informer,full,1,Gucheng,False,6895,4.975919246673584,9.075759887695312,3.8025248050689697,4.750058650970459,12.551376342773438,17.08258819580078,2.71898889541626,3.691718816757202,0.8307832479476929,1.2128307819366455
Informer,full,1,Huairou,False,6895,5.559905052185059,10.174484252929688,4.319698333740234,5.259926795959473,14.021244049072266,19.167905807495117,3.128060817718506,4.222757816314697,0.7706205248832703,1.0832247734069824
Informer,full,1,Nongzhanguan,False,6895,4.845438480377197,9.053215026855469,3.576802968978882,4.640468597412109,12.587913513183594,17.13343620300293,2.5143322944641113,3.428783893585205,0.7027055025100708,0.9988614916801452
Informer,full,1,Shunyi,False,6895,4.844280242919922,8.79721736907959,3.684194803237915,4.740929126739502,12.294071197509766,16.528329849243164,2.638199806213379,3.563560485839844,0.7606566548347473,1.096859574317932
Informer,full,1,Tiantan,False,6895,4.855849742889404,9.11313247680664,3.4266085624694824,4.417585372924805,12.759421348571776,17.314367294311523,2.524329900741577,3.446869373321533,0.7130388021469116,1.006697654724121
Informer,full,1,Wanliu,False,6895,4.9249749183654785,8.98421573638916,3.9490866661071777,4.925936698913574,12.582575798034668,16.911083221435547,2.5122597217559814,3.4378671646118164,0.6559807062149048,0.8921993374824524
Informer,full,1,Wanshouxigong,False,6895,4.872799396514893,9.136691093444824,3.536379337310791,4.569540977478027,12.742547035217283,17.333728790283203,2.5017759799957275,3.401112794876098,0.7104935646057129,1.0050331354141235
Informer,full,2,Aotizhongxin,True,6895,4.987537384033203,9.20211124420166,3.4254465103149414,4.378210544586182,12.891350746154783,17.43208885192871,2.9358739852905273,3.834495306015014,0.6974790692329407,0.9826063513755798
Informer,full,2,Changping,False,6895,4.949209213256836,8.778177261352539,3.853442668914795,4.8930888175964355,12.19450569152832,16.34990882873535,3.016319274902344,3.988791465759278,0.7325689792633057,1.026318907737732
Informer,full,2,Dingling,False,6895,5.047611236572266,8.898268699645996,3.940669536590576,5.029702186584473,12.428946495056152,16.545883178710938,3.0835118293762207,4.073355197906494,0.7373142242431641,1.0297166109085083
Informer,full,2,Dongsi,False,6895,4.976800441741943,9.134881973266602,3.4125216007232666,4.351534366607666,12.819754600524902,17.290081024169922,2.9795236587524414,3.864749193191528,0.695404052734375,0.9824600219726562
Informer,full,2,Guanyuan,False,6895,4.962429046630859,9.127750396728516,3.3810245990753174,4.324806213378906,12.836722373962402,17.292442321777344,2.9379000663757324,3.8163528442382817,0.6940672993659973,0.9830252528190612
Informer,full,2,Gucheng,False,6895,4.942723274230957,8.90852165222168,3.660020589828491,4.638489723205566,12.44019889831543,16.740161895751953,2.8547017574310303,3.774325132369995,0.8159704804420471,1.2053580284118652
Informer,full,2,Huairou,False,6895,5.321081638336182,9.466204643249512,4.257081508636475,5.271281719207764,13.260482788085938,17.707059860229492,3.030440330505371,4.004286289215088,0.7363186478614807,1.037063479423523
Informer,full,2,Nongzhanguan,False,6895,4.963573932647705,9.122915267944336,3.3968863487243652,4.339067459106445,12.794079780578612,17.269668579101562,2.9688596725463867,3.8573505878448486,0.6944745182991028,0.9809434413909912
Informer,full,2,Shunyi,False,6895,4.900009632110596,8.826727867126465,3.4977643489837646,4.470181465148926,12.368684768676758,16.590463638305664,2.988288164138794,3.907591581344605,0.7453031539916992,1.0720759630203247
Informer,full,2,Tiantan,False,6895,4.98961877822876,9.179465293884276,3.371906042098999,4.305836200714111,12.92700481414795,17.399967193603516,2.958448648452759,3.8441295623779297,0.7011139988899231,0.9868690967559814
Informer,full,2,Wanliu,False,6895,5.020005226135254,9.067280769348145,3.746156930923462,4.705464839935303,12.767908096313477,17.070852279663086,2.9196739196777344,3.812098264694214,0.646284818649292,0.8802148699760437
Informer,full,2,Wanshouxigong,False,6895,4.986907482147217,9.181659698486328,3.418797492980957,4.357993125915527,12.880511283874512,17.394153594970703,2.9488720893859863,3.832745313644409,0.6994507908821106,0.986389935016632
Informer,full,3,Aotizhongxin,True,6895,4.946249961853027,8.885950088500977,3.973769187927246,4.975832939147949,12.219810485839844,16.598636627197266,2.912621259689331,3.8234987258911137,0.6787999868392944,0.9734665155410768
Informer,full,3,Changping,False,6895,4.9915995597839355,8.564983367919922,4.483222484588623,5.438690185546875,11.61514663696289,15.657258987426758,3.158590793609619,4.205393314361572,0.709433376789093,1.0106061697006226
Informer,full,3,Dingling,False,6895,5.0959320068359375,8.723033905029297,4.607034683227539,5.580871105194092,11.90708065032959,15.955033302307127,3.163433074951172,4.200000762939453,0.7061775326728821,1.0079976320266724
Informer,full,3,Dongsi,False,6895,4.9709858894348145,8.919795036315918,3.9516139030456543,4.949160575866699,12.278241157531738,16.664207458496094,2.970045804977417,3.885458469390869,0.6840386986732483,0.9818736910820008
Informer,full,3,Guanyuan,False,6895,4.953968524932861,8.886394500732422,3.9312126636505127,4.934041976928711,12.231943130493164,16.597517013549805,2.972111701965332,3.884425163269043,0.6806046962738037,0.9802656769752502
Informer,full,3,Gucheng,False,6895,5.0583319664001465,8.830703735351562,4.391679286956787,5.31547212600708,11.988076210021973,16.299179077148438,3.0443601608276367,4.06699275970459,0.8092135190963745,1.2113882303237915
Informer,full,3,Huairou,False,6895,5.546390533447266,9.605966567993164,4.944781303405762,5.832813262939453,13.20640754699707,17.752649307250977,3.3132073879241943,4.34341287612915,0.7211635112762451,1.0270612239837646
Informer,full,3,Nongzhanguan,False,6895,4.937946319580078,8.871968269348145,3.947276115417481,4.94952917098999,12.1937837600708,16.571189880371094,2.9310195446014404,3.845907926559448,0.6797067523002625,0.9767735600471495
Informer,full,3,Shunyi,False,6895,4.838629722595215,8.477579116821289,4.108099460601807,5.1039838790893555,11.570684432983398,15.669398307800291,2.9519026279449463,3.843123197555542,0.7238327264785767,1.0616693496704102
Informer,full,3,Tiantan,False,6895,4.922324180603027,8.88568115234375,3.813138246536255,4.778149604797363,12.249839782714844,16.647838592529297,2.9413883686065674,3.857095718383789,0.6849297285079956,0.9812465906143188
Informer,full,3,Wanliu,False,6895,5.020328998565674,8.78355884552002,4.388639450073242,5.3188557624816895,12.100974082946776,16.2597713470459,2.949064016342163,3.893462419509888,0.642636239528656,0.8799129724502563
Informer,full,3,Wanshouxigong,False,6895,4.949886322021484,8.896528244018555,3.93694519996643,4.914814472198486,12.222561836242676,16.627687454223633,2.956655502319336,3.8725409507751465,0.683383584022522,0.9802613854408264
Informer,full,4,Aotizhongxin,True,6895,5.050258159637451,8.86569595336914,4.105409145355225,5.071183204650879,12.28184700012207,16.479833602905273,3.1267459392547607,4.019037246704102,0.6870313286781311,0.973577618598938
Informer,full,4,Changping,False,6895,5.046410083770752,8.65672492980957,4.597189426422119,5.5610480308532715,11.75161838531494,15.827942848205566,3.116349458694458,4.154877662658691,0.7204861640930176,1.0215411186218262
Informer,full,4,Dingling,False,6895,5.14363956451416,8.793769836425781,4.735711097717285,5.710836887359619,11.982501029968262,16.06923484802246,3.134291410446167,4.175067901611328,0.7220538854598999,1.0277787446975708
Informer,full,4,Dongsi,False,6895,5.0683722496032715,8.941320419311523,4.047746658325195,5.00140380859375,12.370427131652832,16.65290069580078,3.16438889503479,4.061605453491211,0.6909279823303223,0.9793378114700316
Informer,full,4,Guanyuan,False,6895,5.050900936126709,8.896954536437988,3.9996604919433594,4.960238933563232,12.387001037597656,16.581510543823242,3.129152774810791,4.014554500579834,0.6877931356430054,0.9778271913528442
Informer,full,4,Gucheng,False,6895,5.057498931884766,8.737833023071289,4.4059906005859375,5.334634780883789,11.992379188537598,16.10456657409668,3.0242536067962646,4.017223358154297,0.807373046875,1.2022629976272583
Informer,full,4,Huairou,False,6895,5.429379463195801,9.365201950073242,5.005334854125977,5.934697151184082,12.8325777053833,17.22595977783203,3.178117036819458,4.224815845489502,0.7014890909194946,1.0122429132461548
Informer,full,4,Nongzhanguan,False,6895,5.04771614074707,8.888446807861328,4.040804386138916,4.997076511383057,12.319798469543455,16.547447204589844,3.141380786895752,4.034438133239746,0.688878059387207,0.9759316444396972
Informer,full,4,Shunyi,False,6895,4.9441986083984375,8.516938209533691,4.208888530731201,5.181074619293213,11.679862022399902,15.674777030944824,3.158149480819702,4.0596442222595215,0.729894757270813,1.0630322694778442
Informer,full,4,Tiantan,False,6895,5.050923824310303,8.926481246948242,3.965517997741699,4.904919147491455,12.37890625,16.648632049560547,3.164696455001831,4.065285682678223,0.6945770978927612,0.9831011295318604
Informer,full,4,Wanliu,False,6895,5.071617603302002,8.76476001739502,4.536931037902832,5.4714765548706055,12.168712615966797,16.177433013916016,2.9313857555389404,3.85503888130188,0.6494432687759399,0.8810800909996033
Informer,full,4,Wanshouxigong,False,6895,5.061459541320801,8.916852951049805,4.042633533477783,4.991512298583984,12.347246170043944,16.603408813476562,3.1632838249206543,4.0606608390808105,0.6926732063293457,0.9817004799842834
LSTM,full,0,Aotizhongxin,True,6895,4.326420783996582,8.150223731994629,2.4970550537109375,3.2598283290863037,11.60646629333496,15.555049896240234,2.5194759368896484,3.487673282623291,0.6826865673065186,0.9770582914352416
LSTM,full,0,Changping,False,6895,4.134647846221924,7.671168804168701,2.512213945388794,3.30131196975708,10.760842323303224,14.52564525604248,2.5605688095092773,3.5279502868652344,0.7049686312675476,1.0236207246780396
LSTM,full,0,Dingling,False,6895,4.121872901916504,7.615743160247803,2.5177371501922607,3.309384346008301,10.686517715454102,14.401150703430176,2.581986904144287,3.5516796112060547,0.701252818107605,1.0190645456314087
LSTM,full,0,Dongsi,False,6895,4.331075668334961,8.152708053588867,2.5054373741149902,3.269207239151001,11.617223739624023,15.55897045135498,2.5198233127593994,3.483595609664917,0.6818209886550903,0.9807552695274352
LSTM,full,0,Guanyuan,False,6895,4.322878360748291,8.137652397155762,2.496171474456787,3.260101795196533,11.594905853271484,15.529847145080566,2.5183298587799072,3.4814960956573486,0.6821058392524719,0.9799531698226928
LSTM,full,0,Gucheng,False,6895,4.27454948425293,8.008947372436523,2.532053232192993,3.314251661300659,11.200636863708496,15.217576026916504,2.546076536178589,3.540553092956543,0.8194307684898376,1.2159602642059326
LSTM,full,0,Huairou,False,6895,4.380467891693115,8.239505767822266,2.661977529525757,3.4475138187408447,11.678160667419434,15.707525253295898,2.4866180419921875,3.44952392578125,0.695115864276886,1.023187518119812
LSTM,full,0,Nongzhanguan,False,6895,4.343019008636475,8.1925687789917,2.5079309940338135,3.2764594554901123,11.663740158081056,15.64182186126709,2.518471956253052,3.480252742767334,0.6819324493408203,0.9792041182518004
LSTM,full,0,Shunyi,False,6895,4.189784049987793,7.820557117462158,2.4588327407836914,3.2044472694396973,11.001459121704102,14.854172706604004,2.5738399028778076,3.5486490726470947,0.7250025868415833,1.0660680532455444
LSTM,full,0,Tiantan,False,6895,4.332234859466553,8.150367736816406,2.4884791374206543,3.243135929107666,11.628628730773926,15.55290412902832,2.528498649597168,3.51383638381958,0.6833324432373047,0.977813184261322
LSTM,full,0,Wanliu,False,6895,4.331228733062744,8.07505989074707,2.670743703842163,3.467679500579834,11.497357368469238,15.35147762298584,2.5430612564086914,3.519178867340088,0.6137558817863464,0.865487277507782
LSTM,full,0,Wanshouxigong,False,6895,4.339884281158447,8.166088104248047,2.515886068344116,3.283935546875,11.63809871673584,15.584189414978027,2.524703025817871,3.48323655128479,0.6808450222015381,0.9776789546012878
LSTM,full,1,Aotizhongxin,True,6895,4.386363983154297,8.103072166442871,2.5791070461273193,3.357619524002075,11.59022331237793,15.385090827941896,2.680924415588379,3.701386213302612,0.6952010989189148,0.9819448590278624
LSTM,full,1,Changping,False,6895,4.211056232452393,7.709502696990967,2.588620901107788,3.415919065475464,10.804315567016602,14.523777961730955,2.733341932296753,3.753376483917236,0.7179417610168457,1.0243510007858276
LSTM,full,1,Dingling,False,6895,4.20070219039917,7.680933475494385,2.585299253463745,3.408024787902832,10.771279335021973,14.467424392700195,2.728235960006714,3.74411416053772,0.7179986834526062,1.0235248804092407
LSTM,full,1,Dongsi,False,6895,4.370134353637695,8.076261520385742,2.5852513313293457,3.3637020587921143,11.521478652954102,15.32905101776123,2.6802077293395996,3.6940126419067383,0.6935985684394836,0.9817906022071838
LSTM,full,1,Guanyuan,False,6895,4.376040458679199,8.082917213439941,2.58089280128479,3.358936071395874,11.559170722961426,15.34583568572998,2.6706202030181885,3.6872317790985103,0.6934769153594971,0.980514407157898
LSTM,full,1,Gucheng,False,6895,4.395632266998291,8.085506439208984,2.6277289390563965,3.41939377784729,11.414915084838867,15.31849765777588,2.6920998096466064,3.693046569824219,0.8477854132652283,1.2306101322174072
LSTM,full,1,Huairou,False,6895,4.480376243591309,8.351841926574707,2.720552444458008,3.530944347381592,11.799055099487305,15.87110710144043,2.6912426948547363,3.686658143997192,0.7106528282165527,1.030521273612976
LSTM,full,1,Nongzhanguan,False,6895,4.376907825469971,8.086235046386719,2.5895230770111084,3.369227170944214,11.547567367553713,15.34848976135254,2.6778934001922607,3.695836305618286,0.6926469206809998,0.9806636571884156
LSTM,full,1,Shunyi,False,6895,4.25239372253418,7.84619665145874,2.4960150718688965,3.269075393676758,11.054912567138672,14.849376678466797,2.715657949447632,3.7278921604156494,0.7429900169372559,1.0784940719604492
LSTM,full,1,Tiantan,False,6895,4.396012783050537,8.118809700012207,2.58129620552063,3.3570306301116943,11.626069068908691,15.418618202209473,2.6794726848602295,3.700162887573242,0.6972134709358215,0.9826899766921996
LSTM,full,1,Wanliu,False,6895,4.427167892456055,8.135978698730469,2.7589545249938965,3.585391044616699,11.66144847869873,15.416030883789062,2.6606316566467285,3.6757540702819824,0.6276329159736633,0.8696866035461426
LSTM,full,1,Wanshouxigong,False,6895,4.382017612457275,8.091460227966309,2.587172031402588,3.366558074951172,11.56271266937256,15.358616828918455,2.684046506881714,3.701709747314453,0.6941319108009338,0.9815555214881896
LSTM,full,2,Aotizhongxin,True,6895,4.306446552276611,8.081999778747559,2.6344306468963623,3.400773763656616,11.389413833618164,15.37689208984375,2.510596752166748,3.5076675415039062,0.6913436651229858,0.9782971143722534
LSTM,full,2,Changping,False,6895,4.145310401916504,7.608221530914307,2.7212765216827393,3.514312982559204,10.58058738708496,14.337045669555664,2.5578222274780273,3.548016309738159,0.7215563654899597,1.0249254703521729
LSTM,full,2,Dingling,False,6895,4.1298418045043945,7.559910297393799,2.731719732284546,3.522202968597412,10.521403312683104,14.23703384399414,2.546677827835083,3.530595064163208,0.7195703387260437,1.022183895111084
LSTM,full,2,Dongsi,False,6895,4.303676605224609,8.0797758102417,2.6275715827941895,3.392030715942383,11.404868125915527,15.379581451416016,2.4930200576782227,3.4834225177764893,0.6892493963241577,0.9795474410057068
LSTM,full,2,Guanyuan,False,6895,4.301383972167969,8.076196670532227,2.625652551651001,3.38746976852417,11.39566707611084,15.371829986572266,2.4946043491363525,3.489295959472656,0.6896106004714966,0.9780280590057372
LSTM,full,2,Gucheng,False,6895,4.30238151550293,7.954692840576172,2.7303528785705566,3.4947850704193115,11.11163330078125,15.066176414489746,2.5246741771698,3.5237600803375244,0.842867910861969,1.2200326919555664
LSTM,full,2,Huairou,False,6895,4.432327747344971,8.21195125579834,2.898818016052246,3.679975748062134,11.57399082183838,15.576568603515623,2.54378342628479,3.5393216609954834,0.712716817855835,1.0227888822555542
LSTM,full,2,Nongzhanguan,False,6895,4.313609600067139,8.094922065734863,2.634910821914673,3.4004571437835693,11.429840087890623,15.407630920410156,2.500645399093628,3.4923384189605713,0.6890423893928528,0.9779485464096068
LSTM,full,2,Shunyi,False,6895,4.15788459777832,7.684913635253906,2.584031343460083,3.329723596572876,10.744449615478516,14.535232543945312,2.561107873916626,3.565979242324829,0.7419566512107849,1.074866533279419
LSTM,full,2,Tiantan,False,6895,4.300373077392578,8.03626537322998,2.6489436626434326,3.4057233333587646,11.350476264953612,15.279162406921388,2.510063648223877,3.509747266769409,0.6920114159584045,0.9778615832328796
LSTM,full,2,Wanliu,False,6895,4.31851863861084,7.971116065979004,2.832681179046631,3.6268036365509033,11.294700622558594,15.09308910369873,2.5270397663116455,3.529621839523315,0.6196561455726624,0.8610662221908569
LSTM,full,2,Wanshouxigong,False,6895,4.30526065826416,8.06497573852539,2.6490652561187744,3.4124462604522705,11.371779441833496,15.339746475219728,2.5110743045806885,3.502566337585449,0.6891252398490906,0.9770804047584534
LSTM,full,3,Aotizhongxin,True,6895,4.323937892913818,8.087262153625488,2.5874640941619873,3.3582329750061035,11.481882095336914,15.393244743347168,2.529343605041504,3.526637315750122,0.6970607042312622,0.9738495349884032
LSTM,full,3,Changping,False,6895,4.19426155090332,7.709396839141846,2.6608705520629883,3.4475064277648926,10.791006088256836,14.558765411376951,2.5921449661254883,3.582357406616211,0.7330240607261658,1.0309840440750122
LSTM,full,3,Dingling,False,6895,4.164642810821533,7.628573417663574,2.657358407974243,3.447087049484253,10.68752670288086,14.392237663269045,2.5827536582946777,3.564504861831665,0.7309326529502869,1.0275425910949707
LSTM,full,3,Dongsi,False,6895,4.298314094543457,8.03136920928955,2.5640783309936523,3.3329343795776367,11.414363861083984,15.284695625305176,2.522077798843384,3.512063980102539,0.6927380561828613,0.9729005098342896
LSTM,full,3,Guanyuan,False,6895,4.311641216278076,8.05765151977539,2.5703866481781006,3.338057518005371,11.450440406799316,15.336563110351562,2.5304114818573,3.521601438522339,0.6953256130218506,0.9739201068878174
LSTM,full,3,Gucheng,False,6895,4.398157596588135,8.03130054473877,2.7088513374328613,3.470503091812134,11.44609546661377,15.22466278076172,2.5756633281707764,3.5592551231384277,0.8620218634605408,1.2263885736465454
LSTM,full,3,Huairou,False,6895,4.541783809661865,8.449995994567871,2.878387212753296,3.658766984939575,12.02774715423584,16.091739654541016,2.5313076972961426,3.4945764541625977,0.7296878099441528,1.032989740371704
LSTM,full,3,Nongzhanguan,False,6895,4.312972545623779,8.06753158569336,2.5690722465515137,3.337526559829712,11.458776473999023,15.356575965881348,2.5303778648376465,3.525794982910156,0.6936619281768799,0.9724122881889344
LSTM,full,3,Shunyi,False,6895,4.249853610992432,7.865983963012695,2.5521631240844727,3.2997007369995117,11.095051765441896,14.918197631835938,2.603031873703003,3.5909676551818848,0.7491644024848938,1.076625108718872
LSTM,full,3,Tiantan,False,6895,4.33202600479126,8.068650245666504,2.598706007003784,3.3604540824890137,11.490289688110352,15.350678443908691,2.5393455028533936,3.539217233657837,0.6997643113136292,0.9748990535736084
LSTM,full,3,Wanliu,False,6895,4.397914409637451,8.104007720947266,2.801643133163452,3.6076269149780273,11.597304344177246,15.372220993041992,2.565906286239624,3.5548794269561768,0.6268013119697571,0.8616580367088318
LSTM,full,3,Wanshouxigong,False,6895,4.313407897949219,8.049570083618164,2.5900344848632812,3.3602492809295654,11.42989444732666,15.313859939575195,2.5387587547302246,3.5256221294403076,0.6949463486671448,0.9730048775672911
LSTM,full,4,Aotizhongxin,True,6895,4.370493412017822,8.094657897949219,2.582484245300293,3.3723559379577637,11.565437316894531,15.38279914855957,2.6413090229034424,3.623005390167236,0.6927464604377747,0.98208349943161
LSTM,full,4,Changping,False,6895,4.204986095428467,7.702785491943359,2.598893642425537,3.4172964096069336,10.788691520690918,14.524592399597168,2.7137668132781982,3.692077159881592,0.7185961604118347,1.028854489326477
LSTM,full,4,Dingling,False,6895,4.186017036437988,7.663924694061279,2.598388433456421,3.419853448867798,10.727093696594238,14.44701099395752,2.7009963989257812,3.670798778533935,0.7175918817520142,1.027964472770691
LSTM,full,4,Dongsi,False,6895,4.346022129058838,8.063214302062988,2.572261095046997,3.362022399902344,11.48505401611328,15.321434020996094,2.636098861694336,3.612038135528565,0.6906780004501343,0.982498288154602
LSTM,full,4,Guanyuan,False,6895,4.36334753036499,8.09044075012207,2.576498508453369,3.365224838256836,11.547008514404297,15.37689971923828,2.6383349895477295,3.617134571075439,0.6915487051010132,0.9815704226493835
LSTM,full,4,Gucheng,False,6895,4.395921230316162,8.08813190460205,2.66719388961792,3.4543659687042236,11.428086280822754,15.333744049072266,2.643354654312134,3.6197993755340576,0.845045268535614,1.2297022342681885
LSTM,full,4,Huairou,False,6895,4.512686729431152,8.389127731323242,2.7955291271209717,3.597994565963745,11.90980339050293,15.955047607421877,2.6384761333465576,3.5986392498016357,0.7069389224052429,1.0249541997909546
LSTM,full,4,Nongzhanguan,False,6895,4.351635932922363,8.067388534545898,2.5768771171569824,3.367518424987793,11.502095222473145,15.32833766937256,2.6369752883911133,3.61519718170166,0.6906002759933472,0.9814615249633788
LSTM,full,4,Shunyi,False,6895,4.269028186798096,7.882256507873535,2.514037847518921,3.2874109745025635,11.11751937866211,14.933345794677734,2.699918746948242,3.678675889968872,0.744634747505188,1.0841132402420044
LSTM,full,4,Tiantan,False,6895,4.38319206237793,8.113572120666504,2.5882883071899414,3.370619773864746,11.605554580688477,15.42128849029541,2.644089698791504,3.629982948303222,0.6948365569114685,0.982960045337677
LSTM,full,4,Wanliu,False,6895,4.423802375793457,8.138272285461426,2.8056447505950928,3.63753890991211,11.636069297790527,15.425673484802246,2.6270251274108887,3.603736400604248,0.626473069190979,0.8694778084754944
LSTM,full,4,Wanshouxigong,False,6895,4.365921497344971,8.088457107543945,2.587186813354492,3.3782260417938232,11.539945602416992,15.368386268615724,2.645293712615967,3.6234421730041504,0.69125896692276,0.9816061854362488
PatchTST,full,0,Aotizhongxin,True,6895,4.343411922454834,8.32275676727295,2.117337465286255,2.780898094177246,11.980269432067873,15.985722541809082,2.572182893753052,3.5760223865509033,0.7038589119911194,1.0042083263397217
PatchTST,full,0,Changping,False,6895,4.073085308074951,7.732807159423828,2.1957502365112305,2.890669345855713,10.812986373901367,14.732050895690918,2.568026304244995,3.56321120262146,0.7155808806419373,1.0485583543777466
PatchTST,full,0,Dingling,False,6895,4.073085308074951,7.732807159423828,2.1957502365112305,2.890669345855713,10.812986373901367,14.732050895690918,2.568026304244995,3.563211441040039,0.7155808806419373,1.0485583543777466
PatchTST,full,0,Dongsi,False,6895,4.343411922454834,8.32275676727295,2.117337465286255,2.780898094177246,11.980269432067873,15.985722541809082,2.572182893753052,3.5760223865509033,0.7038589119911194,1.0042083263397217
PatchTST,full,0,Guanyuan,False,6895,4.343411922454834,8.32275676727295,2.117337465286255,2.780898094177246,11.980269432067873,15.985722541809082,2.572182893753052,3.5760223865509033,0.7038589119911194,1.0042083263397217
PatchTST,full,0,Gucheng,False,6895,4.320698261260986,8.213083267211914,2.1946444511413574,2.8724253177642822,11.628679275512695,15.710392951965332,2.619824171066284,3.6325743198394775,0.8396477103233337,1.2474249601364136
PatchTST,full,0,Huairou,False,6895,4.301130294799805,8.262859344482422,2.3050873279571533,3.0071043968200684,11.63239860534668,15.820322036743164,2.569005012512207,3.5601956844329834,0.6980333924293518,1.0483800172805786
PatchTST,full,0,Nongzhanguan,False,6895,4.343411922454834,8.32275676727295,2.117337465286255,2.780898094177246,11.980269432067873,15.985722541809082,2.572182893753052,3.5760223865509033,0.7038589119911194,1.0042083263397217
PatchTST,full,0,Shunyi,False,6895,4.218188285827637,8.080588340759277,2.0828351974487305,2.7382524013519287,11.458909034729004,15.47758960723877,2.5918197631835938,3.596646785736084,0.7391893267631531,1.0926607847213743
PatchTST,full,0,Tiantan,False,6895,4.343411922454834,8.32275676727295,2.117337465286255,2.780898094177246,11.980269432067873,15.985722541809082,2.572182893753052,3.5760223865509033,0.7038589119911194,1.0042083263397217
PatchTST,full,0,Wanliu,False,6895,4.392249584197998,8.372957229614258,2.2571563720703125,2.9600741863250732,12.10156536102295,16.064741134643555,2.5772063732147217,3.576800584793091,0.6330685019493103,0.891156017780304
PatchTST,full,0,Wanshouxigong,False,6895,4.343411922454834,8.32275676727295,2.117337465286255,2.780898094177246,11.980269432067873,15.985722541809082,2.572182893753052,3.5760223865509033,0.7038589119911194,1.0042083263397217
PatchTST,full,1,Aotizhongxin,True,6895,4.346998691558838,8.314706802368164,2.071206331253052,2.719383001327514,12.010565757751465,15.974641799926758,2.603802442550659,3.601101875305176,0.7024227976799011,0.9925566911697388
PatchTST,full,1,Changping,False,6895,4.094206809997559,7.753024578094482,2.1386070251464844,2.80936598777771,10.919337272644045,14.785144805908203,2.5975382328033447,3.5860683917999268,0.7213471531867981,1.0414308309555054
PatchTST,full,1,Dingling,False,6895,4.094206809997559,7.753024578094482,2.1386070251464844,2.80936598777771,10.919337272644045,14.785144805908203,2.5975382328033447,3.5860683917999268,0.7213471531867981,1.0414308309555054
PatchTST,full,1,Dongsi,False,6895,4.346998691558838,8.314706802368164,2.071206331253052,2.719383001327514,12.010565757751465,15.974641799926758,2.603802442550659,3.601101875305176,0.7024227976799011,0.9925566911697388
PatchTST,full,1,Guanyuan,False,6895,4.346998691558838,8.314706802368164,2.071206331253052,2.719383001327514,12.010565757751465,15.974641799926758,2.603802442550659,3.601101875305176,0.7024227976799011,0.9925566911697388
PatchTST,full,1,Gucheng,False,6895,4.327434062957764,8.205267906188965,2.1524269580841064,2.8120203018188477,11.663010597229004,15.70149040222168,2.6468863487243652,3.6512136459350586,0.8474095463752747,1.2369375228881836
PatchTST,full,1,Huairou,False,6895,4.314680099487305,8.27951431274414,2.2475485801696777,2.923551321029663,11.712703704833984,15.866708755493164,2.5990915298461914,3.581951379776001,0.6993743777275085,1.035126805305481
PatchTST,full,1,Nongzhanguan,False,6895,4.346998691558838,8.314706802368164,2.071206331253052,2.719383001327514,12.010565757751465,15.974641799926758,2.603802442550659,3.601101875305176,0.7024227976799011,0.9925566911697388
PatchTST,full,1,Shunyi,False,6895,4.216010570526123,8.0708589553833,2.033686876296997,2.667715549468994,11.46856689453125,15.465492248535156,2.621533155441284,3.6179733276367183,0.7402592301368713,1.0803582668304443
PatchTST,full,1,Tiantan,False,6895,4.346998691558838,8.314706802368164,2.071206331253052,2.719383001327514,12.010565757751465,15.974641799926758,2.603802442550659,3.601101875305176,0.7024227976799011,0.9925566911697388
PatchTST,full,1,Wanliu,False,6895,4.388908386230469,8.357629776000977,2.2107608318328857,2.888978958129883,12.100781440734863,16.03975486755371,2.610507011413574,3.605271816253662,0.633585512638092,0.884250819683075
PatchTST,full,1,Wanshouxigong,False,6895,4.346998691558838,8.314706802368164,2.071206331253052,2.719383001327514,12.010565757751465,15.974641799926758,2.603802442550659,3.601101875305176,0.7024227976799011,0.9925566911697388
PatchTST,full,2,Aotizhongxin,True,6895,4.425920486450195,8.397188186645508,2.259127140045166,2.9426348209381104,12.243828773498535,16.127872467041016,2.5042219161987305,3.5074031352996826,0.6965023875236511,0.9908732771873474
PatchTST,full,2,Changping,False,6895,4.168993949890137,7.822362899780273,2.340895891189575,3.0500693321228027,11.111456871032717,14.904146194458008,2.5032379627227783,3.498967409133911,0.7203857898712158,1.0383493900299072
PatchTST,full,2,Dingling,False,6895,4.168993949890137,7.822362899780273,2.340895891189575,3.0500693321228027,11.111456871032717,14.904146194458008,2.5032379627227783,3.498967409133911,0.7203857898712158,1.0383493900299072
PatchTST,full,2,Dongsi,False,6895,4.425920486450195,8.397188186645508,2.259127140045166,2.9426348209381104,12.243828773498535,16.127872467041016,2.5042219161987305,3.5074031352996826,0.6965023875236511,0.9908732771873474
PatchTST,full,2,Guanyuan,False,6895,4.425920486450195,8.397188186645508,2.259127140045166,2.9426348209381104,12.243828773498535,16.127872467041016,2.5042219161987305,3.5074031352996826,0.6965023875236511,0.9908732771873474
PatchTST,full,2,Gucheng,False,6895,4.392814636230469,8.256733894348145,2.3382577896118164,3.0312395095825195,11.834355354309082,15.786406517028809,2.5592727661132812,3.575685977935791,0.8393770456314087,1.2288376092910769
PatchTST,full,2,Huairou,False,6895,4.4217329025268555,8.36088752746582,2.4725794792175293,3.1947662830352783,12.014555931091309,16.004568099975586,2.4997003078460693,3.491417169570923,0.7000996470451355,1.0368249416351318
PatchTST,full,2,Nongzhanguan,False,6895,4.425920486450195,8.397188186645508,2.259127140045166,2.9426348209381104,12.243828773498535,16.127872467041016,2.5042219161987305,3.5074031352996826,0.6965023875236511,0.9908732771873474
PatchTST,full,2,Shunyi,False,6895,4.310007095336914,8.151323318481445,2.2392706871032715,2.916745901107788,11.743462562561035,15.609999656677246,2.521094799041748,3.526160955429077,0.7362041473388672,1.0784401893615725
PatchTST,full,2,Tiantan,False,6895,4.425920486450195,8.397188186645508,2.259127140045166,2.9426348209381104,12.243828773498535,16.127872467041016,2.5042219161987305,3.5074031352996826,0.6965023875236511,0.9908732771873474
PatchTST,full,2,Wanliu,False,6895,4.452175617218018,8.403482437133789,2.419630527496338,3.1463568210601807,12.246116638183594,16.10735511779785,2.5150437355041504,3.5151150226593018,0.627912700176239,0.8783861398696899
PatchTST,full,2,Wanshouxigong,False,6895,4.425920486450195,8.397188186645508,2.259127140045166,2.9426348209381104,12.243828773498535,16.127872467041016,2.5042219161987305,3.5074031352996826,0.6965023875236511,0.9908732771873474
PatchTST,full,3,Aotizhongxin,True,6895,4.413276672363281,8.37486457824707,2.3711533546447754,3.0589494705200195,12.098743438720703,16.071908950805664,2.482954263687134,3.4493870735168457,0.7002530694007874,0.9958423376083374
PatchTST,full,3,Changping,False,6895,4.175247669219971,7.799222469329834,2.480034589767456,3.1926395893096924,11.01736831665039,14.839526176452637,2.4820878505706787,3.4377329349517822,0.7215012907981873,1.0435603857040403
PatchTST,full,3,Dingling,False,6895,4.175247669219971,7.799222469329834,2.480034589767456,3.1926395893096924,11.01736831665039,14.839526176452637,2.4820878505706787,3.4377329349517822,0.7215012907981873,1.0435603857040403
PatchTST,full,3,Dongsi,False,6895,4.413276672363281,8.37486457824707,2.3711533546447754,3.0589494705200195,12.098743438720703,16.071908950805664,2.482954263687134,3.4493870735168457,0.7002530694007874,0.9958423376083374
PatchTST,full,3,Guanyuan,False,6895,4.413276672363281,8.37486457824707,2.3711533546447754,3.0589494705200195,12.098743438720703,16.071908950805664,2.482954263687134,3.4493870735168457,0.7002530694007874,0.9958423376083374
PatchTST,full,3,Gucheng,False,6895,4.397902011871338,8.271672248840332,2.445764541625977,3.1429615020751953,11.772584915161133,15.811387062072754,2.532687187194824,3.5039501190185547,0.8405683636665344,1.235466241836548
PatchTST,full,3,Huairou,False,6895,4.4349470138549805,8.390843391418457,2.5996837615966797,3.3204264640808105,11.959921836853027,16.054227828979492,2.4758565425872803,3.4308528900146484,0.7043273448944092,1.0444235801696775
PatchTST,full,3,Nongzhanguan,False,6895,4.413276672363281,8.37486457824707,2.3711533546447754,3.0589494705200195,12.098743438720703,16.071908950805664,2.482954263687134,3.4493870735168457,0.7002530694007874,0.9958423376083374
PatchTST,full,3,Shunyi,False,6895,4.327714443206787,8.175683975219727,2.3770856857299805,3.054166555404663,11.68854808807373,15.646888732910156,2.5015392303466797,3.467085361480713,0.7436839938163757,1.092436909675598
PatchTST,full,3,Tiantan,False,6895,4.413276672363281,8.37486457824707,2.3711533546447754,3.0589494705200195,12.098743438720703,16.071908950805664,2.482954263687134,3.4493870735168457,0.7002530694007874,0.9958423376083374
PatchTST,full,3,Wanliu,False,6895,4.466765403747559,8.449897766113281,2.5248613357543945,3.2607507705688477,12.217037200927734,16.19269561767578,2.49511981010437,3.4626049995422363,0.6300434470176697,0.8818413019180298
PatchTST,full,3,Wanshouxigong,False,6895,4.413276672363281,8.37486457824707,2.3711533546447754,3.0589494705200195,12.098743438720703,16.071908950805664,2.482954263687134,3.4493870735168457,0.7002530694007874,0.9958423376083374
PatchTST,full,4,Aotizhongxin,True,6895,4.322015285491943,8.272103309631348,2.090248107910156,2.7468292713165283,11.932170867919922,15.88192367553711,2.5644497871398926,3.5975420475006104,0.7011936902999878,0.993930160999298
PatchTST,full,4,Changping,False,6895,4.059601306915283,7.700928688049316,2.1720898151397705,2.852604866027832,10.790839195251465,14.669158935546877,2.5555851459503174,3.5794692039489746,0.7198890447616577,1.040694236755371
PatchTST,full,4,Dingling,False,6895,4.059601306915283,7.700928688049316,2.1720898151397705,2.852604866027832,10.790839195251465,14.669158935546877,2.5555851459503174,3.5794692039489746,0.7198890447616577,1.040694236755371
PatchTST,full,4,Dongsi,False,6895,4.322015285491943,8.272103309631348,2.090248107910156,2.7468292713165283,11.932170867919922,15.88192367553711,2.5644497871398926,3.5975420475006104,0.7011936902999878,0.993930160999298
PatchTST,full,4,Guanyuan,False,6895,4.322015285491943,8.272103309631348,2.090248107910156,2.7468292713165283,11.932170867919922,15.88192367553711,2.5644497871398926,3.5975420475006104,0.7011936902999878,0.993930160999298
PatchTST,full,4,Gucheng,False,6895,4.304004192352295,8.15571403503418,2.155597686767578,2.819819688796997,11.608368873596191,15.59748077392578,2.60591983795166,3.645843267440796,0.8461323976516724,1.2400704622268677
PatchTST,full,4,Huairou,False,6895,4.320593357086182,8.25409984588623,2.2738113403320312,2.957577705383301,11.74916934967041,15.8080472946167,2.558173418045044,3.5770609378814697,0.701219379901886,1.0410085916519165
PatchTST,full,4,Nongzhanguan,False,6895,4.322015285491943,8.272103309631348,2.090248107910156,2.7468292713165283,11.932170867919922,15.88192367553711,2.5644497871398926,3.5975420475006104,0.7011936902999878,0.993930160999298
PatchTST,full,4,Shunyi,False,6895,4.201809406280518,8.056246757507324,2.0604441165924072,2.7081947326660156,11.424827575683594,15.428646087646484,2.5808193683624268,3.6136741638183594,0.7411485910415649,1.0846039056777954
PatchTST,full,4,Tiantan,False,6895,4.322015285491943,8.272103309631348,2.090248107910156,2.7468292713165283,11.932170867919922,15.88192367553711,2.5644497871398926,3.5975420475006104,0.7011936902999878,0.993930160999298
PatchTST,full,4,Wanliu,False,6895,4.387118339538574,8.354303359985352,2.2172322273254395,2.9025824069976807,12.125505447387695,16.031370162963867,2.57202410697937,3.600565195083618,0.6337057948112488,0.8851938247680664
PatchTST,full,4,Wanshouxigong,False,6895,4.322015285491943,8.272103309631348,2.090248107910156,2.7468292713165283,11.932170867919922,15.88192367553711,2.5644497871398926,3.5975420475006104,0.7011936902999878,0.993930160999298
TFT,full,0,Aotizhongxin,True,6895,4.453017234802246,8.195578575134277,2.8358144760131836,3.666681051254273,11.776447296142578,15.566657066345217,2.4945266246795654,3.457181692123413,0.7052813172340393,0.9760279655456544
TFT,full,0,Changping,False,6895,4.343934059143066,7.81395435333252,3.1278061866760254,4.0184831619262695,10.952749252319336,14.645939826965332,2.573235034942627,3.543086051940918,0.7219398617744446,1.0130600929260254
TFT,full,0,Dingling,False,6895,4.4095964431762695,7.972810745239258,3.0640604496002197,3.948198556900024,11.286187171936035,15.008109092712402,2.5618865489959717,3.521132230758667,0.726252019405365,1.016288995742798
TFT,full,0,Dongsi,False,6895,4.406657695770264,8.130186080932617,2.819084882736206,3.6530768871307377,11.619861602783203,15.43348217010498,2.488757610321045,3.4527251720428467,0.6989283561706543,0.9700663685798644
TFT,full,0,Guanyuan,False,6895,4.443487644195557,8.184113502502441,2.8474221229553223,3.689951181411743,11.721179008483888,15.53534984588623,2.501772880554199,3.464926242828369,0.7035771608352661,0.9748189449310304
TFT,full,0,Gucheng,False,6895,4.473128318786621,8.212395668029785,2.9093456268310547,3.774440050125122,11.572019577026367,15.546828269958496,2.532118558883667,3.5096805095672607,0.8790287375450134,1.2270395755767822
TFT,full,0,Huairou,False,6895,4.693960666656494,8.649699211120605,3.042274236679077,3.8969497680664062,12.48499584197998,16.464317321777344,2.495023012161255,3.4520087242126465,0.7535519599914551,1.0454164743423462
TFT,full,0,Nongzhanguan,False,6895,4.462884902954102,8.223877906799316,2.8405227661132812,3.67488169670105,11.825318336486816,15.627392768859863,2.483208179473877,3.444051742553711,0.7024887204170227,0.9731448888778688
TFT,full,0,Shunyi,False,6895,4.386110305786133,7.9665846824646,3.0563690662384033,3.928333282470703,11.178956031799316,14.98812770843506,2.55590558052063,3.5550522804260254,0.753208577632904,1.0731574296951294
TFT,full,0,Tiantan,False,6895,4.50931453704834,8.328462600708008,2.766479253768921,3.588226795196533,12.056504249572754,15.856446266174316,2.503501892089844,3.4921553134918213,0.7107734084129333,0.9776238203048706
TFT,full,0,Wanliu,False,6895,4.469296455383301,8.219101905822754,3.0195586681365967,3.898061037063598,11.724979400634766,15.563666343688965,2.499929428100586,3.4708642959594727,0.6327175498008728,0.863156795501709
TFT,full,0,Wanshouxigong,False,6895,4.457276344299316,8.213740348815918,2.8744864463806152,3.72772479057312,11.769208908081056,15.59206771850586,2.4838740825653076,3.450672149658203,0.7015355229377747,0.9728822708129884
TFT,full,1,Aotizhongxin,True,6895,4.7684221267700195,8.555379867553711,3.0619351863861084,3.8854401111602783,12.139086723327637,16.05362319946289,3.172868013381958,4.360265731811523,0.6997976303100586,0.9750362634658812
TFT,full,1,Changping,False,6895,4.680149555206299,8.282059669494629,3.1405675411224365,3.98092269897461,11.519922256469728,15.38228702545166,3.3233041763305664,4.565748691558838,0.7368018627166748,1.0302780866622925
TFT,full,1,Dingling,False,6895,4.665727138519287,8.291058540344238,3.1605207920074463,4.002554893493652,11.571871757507324,15.449070930480955,3.2028121948242188,4.384855270385742,0.7277045845985413,1.0224217176437378
TFT,full,1,Dongsi,False,6895,4.712425231933594,8.445812225341797,3.049049615859986,3.889395236968994,11.942495346069336,15.82437515258789,3.1647214889526367,4.341165065765381,0.6934316158294678,0.9711395502090454
TFT,full,1,Guanyuan,False,6895,4.75868034362793,8.523396492004395,3.045593023300171,3.8691482543945312,12.106951713562012,15.987539291381836,3.185279607772827,4.367441177368164,0.6968978047370911,0.9730283617973328
TFT,full,1,Gucheng,False,6895,4.803985118865967,8.516854286193848,3.182375192642212,4.0480241775512695,12.002463340759276,15.920318603515623,3.167413234710694,4.336705207824707,0.8636888861656189,1.2236248254776
TFT,full,1,Huairou,False,6895,5.041412830352783,9.12606716156006,3.3823490142822266,4.2425217628479,12.828817367553713,17.173330307006836,3.1923322677612305,4.367117881774902,0.7621516585350037,1.070712685585022
TFT,full,1,Nongzhanguan,False,6895,4.747023582458496,8.497434616088867,3.0720553398132324,3.903205156326294,12.045401573181152,15.927359580993652,3.1742990016937256,4.354534149169922,0.6963372826576233,0.973561942577362
TFT,full,1,Shunyi,False,6895,4.605142116546631,8.208812713623047,3.040159225463867,3.842377185821533,11.423389434814451,15.305688858032228,3.2239737510681152,4.40095853805542,0.7330448031425476,1.068671464920044
TFT,full,1,Tiantan,False,6895,4.862696647644043,8.725156784057617,3.090735673904419,3.9152114391326904,12.4216947555542,16.383716583251953,3.230226755142212,4.4491424560546875,0.7081311941146851,0.9815950989723206
TFT,full,1,Wanliu,False,6895,4.822274684906006,8.542462348937988,3.3571765422821045,4.224238395690918,12.045089721679688,15.90883445739746,3.261393785476685,4.496396541595459,0.6254382729530334,0.8613304495811462
TFT,full,1,Wanshouxigong,False,6895,4.833546161651611,8.611018180847168,3.132080078125,3.956937789916992,12.263165473937988,16.130373001098633,3.2404470443725586,4.449877738952637,0.6984920501708984,0.9751135110855104
TFT,full,2,Aotizhongxin,True,6895,4.515316009521484,8.302329063415527,2.8756611347198486,3.6886184215545654,11.691824913024902,15.710407257080078,2.782731771469116,3.7865586280822754,0.7110427021980286,0.9766119122505188
TFT,full,2,Changping,False,6895,4.35776948928833,7.824746131896973,2.980066299438477,3.807605028152466,10.842047691345217,14.62558364868164,2.894888162612915,3.9347872734069824,0.7140751481056213,1.0091804265975952
TFT,full,2,Dingling,False,6895,4.363769054412842,7.818061828613281,2.9847700595855713,3.814618825912475,10.85980224609375,14.60354709625244,2.8966987133026123,3.956226348876953,0.7138044834136963,1.0108028650283811
TFT,full,2,Dongsi,False,6895,4.525736331939697,8.317689895629883,2.864725351333618,3.681354999542236,11.758420944213867,15.746292114257812,2.7748727798461914,3.781471014022827,0.7049283981323242,0.968611776828766
TFT,full,2,Guanyuan,False,6895,4.522119045257568,8.31042194366455,2.867969274520874,3.6787478923797607,11.7326078414917,15.73183250427246,2.7747185230255127,3.778343439102173,0.7131826877593994,0.9761419296264648
TFT,full,2,Gucheng,False,6895,4.465597152709961,8.116225242614746,2.982335090637207,3.787248373031616,11.21509838104248,15.27353286743164,2.797372341156006,3.797308921813965,0.8675815463066101,1.2036993503570557
TFT,full,2,Huairou,False,6895,4.4928154945373535,8.25110149383545,3.0875589847564697,3.905956983566284,11.33299446105957,15.536928176879885,2.808433771133423,3.820898532867432,0.7422775030136108,1.034780502319336
TFT,full,2,Nongzhanguan,False,6895,4.5457634925842285,8.356775283813477,2.8746626377105713,3.690720558166504,11.808841705322266,15.822193145751951,2.793299436569214,3.799650669097901,0.7062497138977051,0.9706785678863524
TFT,full,2,Shunyi,False,6895,4.381494045257568,7.953291416168213,2.8601973056793213,3.6445839405059814,11.059423446655272,14.95896053314209,2.856215715408325,3.8495938777923584,0.7501389980316162,1.0707650184631348
TFT,full,2,Tiantan,False,6895,4.518213272094727,8.31656265258789,2.845593214035034,3.6611487865448,11.74940013885498,15.747064590454102,2.765921115875244,3.7866039276123047,0.7119355201721191,0.9738990068435668
TFT,full,2,Wanliu,False,6895,4.518406867980957,8.17579460144043,3.0785670280456543,3.9053103923797607,11.562392234802246,15.395804405212402,2.7835946083068848,3.786302089691162,0.6490712761878967,0.8695095777511597
TFT,full,2,Wanshouxigong,False,6895,4.536496162414551,8.333126068115234,2.8621203899383545,3.679924726486206,11.7991943359375,15.779145240783691,2.776938199996948,3.781336784362793,0.7077327370643616,0.9707056283950806
TFT,full,3,Aotizhongxin,True,6895,4.826896667480469,8.514896392822266,2.843632936477661,3.693104982376098,12.29306983947754,15.93675422668457,3.4720585346221924,4.629019737243652,0.6988271474838257,0.9832828044891356
TFT,full,3,Changping,False,6895,4.687831401824951,8.310113906860352,2.9404921531677246,3.826415061950683,11.527544975280762,15.41793441772461,3.5735116004943848,4.777477741241455,0.7097818851470947,1.0264363288879397
TFT,full,3,Dingling,False,6895,4.704797267913818,8.30008316040039,2.9744348526000977,3.8498051166534424,11.547196388244627,15.390298843383787,3.585616111755371,4.777986526489258,0.7119379639625549,1.0266988277435305
TFT,full,3,Dongsi,False,6895,4.798755168914795,8.442144393920898,2.839956283569336,3.692790985107422,12.157891273498535,15.775660514831545,3.5035064220428467,4.648645877838135,0.6936655044555664,0.9803646206855774
TFT,full,3,Guanyuan,False,6895,4.830804347991943,8.49620246887207,2.83843994140625,3.6872129440307617,12.27963924407959,15.887606620788574,3.509911298751831,4.665444374084473,0.695228636264801,0.981798529624939
TFT,full,3,Gucheng,False,6895,4.837192058563232,8.524654388427734,2.9653220176696777,3.8316614627838135,12.0390625,15.898604393005373,3.4899182319641113,4.660897254943848,0.8544636368751526,1.2278987169265747
TFT,full,3,Huairou,False,6895,4.791610240936279,8.519760131835938,3.163573741912842,4.0370306968688965,11.81276798248291,15.85881519317627,3.4987986087799072,4.637581825256348,0.6912994384765625,1.019026517868042
TFT,full,3,Nongzhanguan,False,6895,4.835839748382568,8.503636360168457,2.843886137008667,3.693354845046997,12.283052444458008,15.898816108703612,3.5219101905822754,4.676919460296631,0.6945085525512695,0.9800665974617004
TFT,full,3,Shunyi,False,6895,4.688239574432373,8.248682975769043,2.8527255058288574,3.697728395462036,11.627626419067385,15.348220825195312,3.5386459827423096,4.668118476867676,0.7339595556259155,1.0632935762405396
TFT,full,3,Tiantan,False,6895,4.846747398376465,8.551602363586426,2.8392493724823,3.70058798789978,12.320838928222656,16.003177642822266,3.5306732654571533,4.664344787597656,0.696224570274353,0.9835838079452516
TFT,full,3,Wanliu,False,6895,4.848593711853027,8.491284370422363,3.056955337524414,3.9595019817352295,12.24059009552002,15.824963569641112,3.463534116744995,4.640590190887451,0.6332917809486389,0.8748281598091125
TFT,full,3,Wanshouxigong,False,6895,4.861843585968018,8.575000762939453,2.8779518604278564,3.729191303253174,12.363195419311523,16.047767639160156,3.508208751678467,4.659803867340088,0.6980150938034058,0.9854142665863036
TFT,full,4,Aotizhongxin,True,6895,4.8153839111328125,8.58694076538086,3.201571464538574,4.0539631843566895,12.482681274414062,16.18956184387207,2.881047487258911,3.929664373397827,0.6962386965751648,0.9815362691879272
TFT,full,4,Changping,False,6895,4.727502822875977,8.33785343170166,3.3547163009643555,4.214457988739014,11.927175521850586,15.621960639953612,2.897507905960083,3.899573802947998,0.730608344078064,1.0320699214935305
TFT,full,4,Dingling,False,6895,4.718912601470947,8.307737350463867,3.3448386192321777,4.220244884490967,11.888513565063477,15.54912281036377,2.9172754287719727,3.927915573120117,0.7250241637229919,1.029460906982422
TFT,full,4,Dongsi,False,6895,4.750659465789795,8.461302757263184,3.2280704975128174,4.08219051361084,12.237393379211426,15.931041717529297,2.847254514694214,3.866366147994995,0.6899172067642212,0.9815372824668884
TFT,full,4,Guanyuan,False,6895,4.799737453460693,8.519060134887695,3.20202112197876,4.054220199584961,12.418787002563477,16.046539306640625,2.88538122177124,3.925105094909668,0.6927577257156372,0.9813168048858644
TFT,full,4,Gucheng,False,6895,4.803104877471924,8.558091163635254,3.288900375366211,4.158172130584717,12.280790328979492,16.11787986755371,2.8001904487609863,3.796287059783935,0.842537522315979,1.2146836519241333
TFT,full,4,Huairou,False,6895,5.132609844207764,9.135581970214844,3.518663167953491,4.391964435577393,13.394383430480955,17.268390655517578,2.886018991470337,3.907027006149292,0.7313758134841919,1.0411163568496704
TFT,full,4,Nongzhanguan,False,6895,4.790037155151367,8.538644790649414,3.2077653408050537,4.068230628967285,12.384954452514648,16.088947296142578,2.877347230911255,3.9077908992767334,0.6900826096534729,0.9789764285087584
TFT,full,4,Shunyi,False,6895,4.73996114730835,8.349149703979492,3.2426044940948486,4.059290885925293,12.07565212249756,15.674327850341797,2.8929405212402344,3.9375057220458984,0.7486506700515747,1.0802212953567505
TFT,full,4,Tiantan,False,6895,4.874424934387207,8.694538116455078,3.207830905914306,4.063360691070557,12.712388038635254,16.412235260009766,2.881453275680542,3.943681001663208,0.6960299611091614,0.9772380590438844
TFT,full,4,Wanliu,False,6895,4.86820650100708,8.665310859680176,3.415705919265747,4.301207065582275,12.575414657592772,16.311357498168945,2.8541994094848633,3.8785629272460938,0.6275038123130798,0.863993763923645
TFT,full,4,Wanshouxigong,False,6895,4.838848114013672,8.63385009765625,3.2503583431243896,4.109186172485352,12.529675483703612,16.272701263427734,2.8803515434265137,3.940129041671753,0.6950085759162903,0.9811285138130188
TimesNet,full,0,Aotizhongxin,True,6895,4.399258613586426,8.164750099182129,2.861079692840576,3.653782606124878,11.477158546447754,15.466012954711914,2.5813708305358887,3.6278867721557617,0.6774216890335083,0.9712437987327576
TimesNet,full,0,Changping,False,6895,4.204253196716309,7.756735324859619,2.918823719024658,3.707831382751465,10.58889102935791,14.581929206848145,2.6103503704071045,3.6382479667663574,0.6989411115646362,1.02485191822052
TimesNet,full,0,Dingling,False,6895,4.24522590637207,7.784586429595947,2.999424934387207,3.789264440536499,10.66977310180664,14.620360374450684,2.615487813949585,3.6390011310577393,0.6962212920188904,1.0214664936065674
TimesNet,full,0,Dongsi,False,6895,4.379037380218506,8.134836196899414,2.840407371520996,3.6401350498199463,11.421926498413086,15.40736961364746,2.5773353576660156,3.621818780899048,0.6764799952507019,0.9731242656707764
TimesNet,full,0,Guanyuan,False,6895,4.402543544769287,8.169593811035156,2.8486340045928955,3.643714666366577,11.494702339172363,15.47645378112793,2.589024782180786,3.6363742351531982,0.6778151988983154,0.973914921283722
TimesNet,full,0,Gucheng,False,6895,4.364157676696777,8.043591499328613,2.9431095123291016,3.738258838653565,11.125186920166016,15.17892360687256,2.5707764625549316,3.5971741676330566,0.8175607323646545,1.2179946899414062
TimesNet,full,0,Huairou,False,6895,4.42484188079834,8.178704261779785,3.19838809967041,4.013376235961914,11.239005088806152,15.414876937866213,2.564706563949585,3.5767621994018555,0.6972658038139343,1.022722601890564
TimesNet,full,0,Nongzhanguan,False,6895,4.391933917999268,8.166515350341797,2.826429605484009,3.619495153427124,11.488983154296877,15.48067855834961,2.5748534202575684,3.6150012016296382,0.6774711012840271,0.973386824131012
TimesNet,full,0,Shunyi,False,6895,4.247127056121826,7.819443225860596,2.883147954940796,3.641831636428833,10.77443504333496,14.729125022888184,2.608884334564209,3.6391873359680176,0.7220452427864075,1.0588033199310305
TimesNet,full,0,Tiantan,False,6895,4.410125732421875,8.177903175354004,2.8217179775238037,3.605273962020874,11.544600486755373,15.499479293823242,2.594987392425537,3.651842832565307,0.6791995763778687,0.971924126148224
TimesNet,full,0,Wanliu,False,6895,4.40316104888916,8.08133316040039,3.084350347518921,3.8847765922546382,11.340564727783203,15.245838165283203,2.5775067806243896,3.6006932258605957,0.6102225184440613,0.8600715398788452
TimesNet,full,0,Wanshouxigong,False,6895,4.400139808654785,8.167543411254883,2.8502721786499023,3.6495306491851807,11.485332489013672,15.471067428588867,2.5870275497436523,3.63521957397461,0.6779227256774902,0.9732725024223328
TimesNet,full,1,Aotizhongxin,True,6895,4.451469421386719,8.26809310913086,2.6838767528533936,3.4519553184509277,11.750025749206545,15.70345973968506,2.6901705265045166,3.7378251552581783,0.6818072199821472,0.979502499103546
TimesNet,full,1,Changping,False,6895,4.239273548126221,7.765146255493164,2.7610135078430176,3.5308146476745605,10.73416805267334,14.596990585327148,2.7598745822906494,3.820046901702881,0.7020384669303894,1.0288047790527344
TimesNet,full,1,Dingling,False,6895,4.247346878051758,7.758286952972412,2.7554914951324463,3.528082847595215,10.749886512756348,14.57863712310791,2.7830214500427246,3.837702751159668,0.7009900212287903,1.0257078409194946
TimesNet,full,1,Dongsi,False,6895,4.430613994598389,8.240035057067871,2.6800811290740967,3.4454314708709717,11.680397987365724,15.64784336090088,2.6801366806030273,3.7289047241210938,0.681839644908905,0.9807698726654052
TimesNet,full,1,Guanyuan,False,6895,4.450922966003418,8.267385482788086,2.69100570678711,3.46016001701355,11.74069595336914,15.69989013671875,2.690105676651001,3.738621711730957,0.6818877458572388,0.9808824062347412
TimesNet,full,1,Gucheng,False,6895,4.366927623748779,8.07334041595459,2.7241008281707764,3.5135481357574463,11.24879550933838,15.27165412902832,2.6667380332946777,3.6917009353637695,0.828079879283905,1.232159972190857
TimesNet,full,1,Huairou,False,6895,4.447421550750732,8.294099807739258,2.896512985229492,3.712558507919311,11.551494598388672,15.7137451171875,2.648512601852417,3.6614186763763423,0.6931671500205994,1.0283490419387815
TimesNet,full,1,Nongzhanguan,False,6895,4.448700904846191,8.2728271484375,2.6783666610717773,3.4446823596954346,11.754718780517578,15.718884468078612,2.679670810699463,3.721169471740722,0.6820449233055115,0.9810152053833008
TimesNet,full,1,Shunyi,False,6895,4.307480335235596,7.957309246063232,2.669804573059082,3.4151382446289062,11.123111724853516,15.04267692565918,2.7137839794158936,3.766898870468139,0.7232228517532349,1.067831039428711
TimesNet,full,1,Tiantan,False,6895,4.441091537475586,8.25937271118164,2.6438167095184326,3.398027181625366,11.735154151916504,15.69245719909668,2.7019808292388916,3.755995512008667,0.6834146976470947,0.9806047081947328
TimesNet,full,1,Wanliu,False,6895,4.446321964263916,8.204864501953125,2.862006187438965,3.6523361206054688,11.635072708129885,15.541523933410645,2.668003797531128,3.692570686340332,0.6202033758163452,0.874991238117218
TimesNet,full,1,Wanshouxigong,False,6895,4.445865631103516,8.265679359436035,2.6735761165618896,3.439366102218628,11.735891342163086,15.700539588928224,2.6911733150482178,3.739835500717163,0.6828237175941467,0.9814472198486328
TimesNet,full,2,Aotizhongxin,True,6895,4.441152095794678,8.309568405151367,2.6798079013824463,3.4645087718963623,11.719159126281738,15.7996826171875,2.6791975498199463,3.687242031097412,0.6864443421363831,0.9834385514259338
TimesNet,full,2,Changping,False,6895,4.200042724609375,7.81282377243042,2.737375497817993,3.5374844074249268,10.678512573242188,14.729575157165527,2.6800954341888428,3.69150710105896,0.7041904330253601,1.0292977094650269
TimesNet,full,2,Dingling,False,6895,4.20463228225708,7.805501937866211,2.7565605640411377,3.5599029064178467,10.685775756835938,14.710894584655762,2.6725738048553467,3.682819128036499,0.7036185264587402,1.028052568435669
TimesNet,full,2,Dongsi,False,6895,4.423016548156738,8.290637969970703,2.6745636463165283,3.4582009315490723,11.649577140808104,15.761232376098633,2.682270050048828,3.6873116493225098,0.6856576204299927,0.9832541942596436
TimesNet,full,2,Guanyuan,False,6895,4.434748649597168,8.298792839050293,2.6729745864868164,3.455138921737671,11.69784450531006,15.77853012084961,2.6819961071014404,3.6894917488098145,0.6861788630485535,0.983571469783783
TimesNet,full,2,Gucheng,False,6895,4.393253803253174,8.166207313537598,2.7311675548553467,3.5202219486236572,11.312803268432615,15.462994575500488,2.699617624282837,3.7046189308166504,0.8294302225112915,1.2358468770980835
TimesNet,full,2,Huairou,False,6895,4.42403507232666,8.2796049118042,2.8777124881744385,3.679407358169556,11.445915222167969,15.68570327758789,2.6776700019836426,3.682257890701294,0.6948426365852356,1.0339722633361816
TimesNet,full,2,Nongzhanguan,False,6895,4.438031196594238,8.313202857971191,2.668723821640014,3.452606678009033,11.717815399169922,15.809904098510742,2.679819345474243,3.6874301433563232,0.6857683658599854,0.9831494688987732
TimesNet,full,2,Shunyi,False,6895,4.2824273109436035,7.97776460647583,2.624490976333618,3.385429620742798,11.06162166595459,15.101950645446776,2.714789628982544,3.72786545753479,0.728805422782898,1.0732932090759275
TimesNet,full,2,Tiantan,False,6895,4.433676719665527,8.30578327178955,2.664997100830078,3.444729804992676,11.707452774047852,15.795258522033691,2.6744279861450195,3.6902382373809814,0.6878305673599243,0.984849750995636
TimesNet,full,2,Wanliu,False,6895,4.439613342285156,8.232504844665527,2.882870674133301,3.6900806427001953,11.560096740722656,15.587709426879885,2.6951115131378174,3.707117319107056,0.6203715801239014,0.8720334768295288
TimesNet,full,2,Wanshouxigong,False,6895,4.439511299133301,8.304802894592285,2.6810336112976074,3.4651615619659424,11.707476615905762,15.788372993469238,2.6835339069366455,3.692147493362427,0.6859987378120422,0.983397901058197
TimesNet,full,3,Aotizhongxin,True,6895,4.3794708251953125,8.293984413146973,2.6390397548675537,3.39855694770813,11.682902336120604,15.815381050109863,2.5080134868621826,3.538756847381592,0.6879273653030396,0.980547308921814
TimesNet,full,3,Changping,False,6895,4.131325721740723,7.739157199859619,2.666578769683838,3.446749210357666,10.595128059387209,14.624768257141112,2.5519275665283203,3.571038246154785,0.7116674184799194,1.030556559562683
TimesNet,full,3,Dingling,False,6895,4.145476818084717,7.732520580291748,2.709061861038208,3.5001442432403564,10.596981048583984,14.594738006591797,2.5659780502319336,3.5860860347747803,0.7098846435546875,1.0247459411621094
TimesNet,full,3,Dongsi,False,6895,4.369882583618164,8.298196792602539,2.641918659210205,3.4017693996429443,11.653494834899902,15.82656192779541,2.499457359313965,3.525502920150757,0.6846626996994019,0.979303240776062
TimesNet,full,3,Guanyuan,False,6895,4.384707450866699,8.303659439086914,2.6389079093933105,3.3959827423095703,11.707107543945312,15.83730697631836,2.5071403980255127,3.5341291427612305,0.6856754422187805,0.9798149466514589
TimesNet,full,3,Gucheng,False,6895,4.314444065093994,8.083541870117188,2.693296432495117,3.4627275466918945,11.223814010620115,15.345197677612305,2.50266695022583,3.5228371620178223,0.8379982709884644,1.2241830825805664
TimesNet,full,3,Huairou,False,6895,4.348306655883789,8.134635925292969,2.8464043140411377,3.631716966629028,11.330212593078612,15.430712699890137,2.506582021713257,3.5112545490264893,0.7100274562835693,1.031529426574707
TimesNet,full,3,Nongzhanguan,False,6895,4.38330602645874,8.325682640075684,2.6255743503570557,3.380664825439453,11.72822093963623,15.891042709350586,2.4924428462982178,3.5145139694213867,0.6869862675666809,0.9808462262153624
TimesNet,full,3,Shunyi,False,6895,4.214953899383545,7.911465167999268,2.5963656902313232,3.3376598358154297,10.982431411743164,15.00680446624756,2.5458338260650635,3.5877978801727295,0.7351816892623901,1.0717531442642212
TimesNet,full,3,Tiantan,False,6895,4.360316753387451,8.255099296569824,2.5799672603607178,3.323739528656006,11.653393745422363,15.74811840057373,2.519125461578369,3.546103000640869,0.6887820959091187,0.9804866313934326
TimesNet,full,3,Wanliu,False,6895,4.368658542633057,8.18040657043457,2.801389455795288,3.5666918754577637,11.548714637756348,15.548043251037598,2.5055389404296875,3.530444860458374,0.6189899444580078,0.86553555727005
TimesNet,full,3,Wanshouxigong,False,6895,4.364490032196045,8.269868850708008,2.6261062622070312,3.3856983184814453,11.643580436706545,15.771267890930176,2.5011353492736816,3.521975517272949,0.687141478061676,0.981256902217865
TimesNet,full,4,Aotizhongxin,True,6895,4.457376480102539,8.327237129211426,2.704814910888672,3.5314347743988037,11.800686836242676,15.819832801818848,2.638739585876465,3.69791030883789,0.6852647066116333,0.9791867733001708
TimesNet,full,4,Changping,False,6895,4.203371047973633,7.799999713897705,2.7363274097442627,3.591715097427368,10.716404914855955,14.68393611907959,2.6612396240234375,3.713731050491333,0.6995131373405457,1.0245797634124756
TimesNet,full,4,Dingling,False,6895,4.204446792602539,7.786447048187256,2.751385450363159,3.608957529067993,10.710116386413574,14.6505765914917,2.6583547592163086,3.715749979019165,0.6979294419288635,1.021906852722168
TimesNet,full,4,Dongsi,False,6895,4.439749240875244,8.310860633850098,2.6914193630218506,3.5193979740142822,11.74606227874756,15.788470268249512,2.6370842456817627,3.695681095123291,0.6844326853752136,0.9806028604507446
TimesNet,full,4,Guanyuan,False,6895,4.450852870941162,8.313529968261719,2.7026584148406982,3.5283191204071045,11.783318519592283,15.792396545410156,2.632558107376098,3.6944615840911865,0.6848697066307068,0.9804709553718568
TimesNet,full,4,Gucheng,False,6895,4.388460636138916,8.143744468688965,2.7584290504455566,3.600553512573242,11.298861503601074,15.397343635559082,2.6588704586029053,3.7045087814331055,0.8376809358596802,1.231549859046936
TimesNet,full,4,Huairou,False,6895,4.416401386260986,8.27584457397461,2.873600959777832,3.7310986518859863,11.434431076049805,15.659136772155762,2.65860366821289,3.712512969970703,0.6989712119102478,1.0227785110473633
TimesNet,full,4,Nongzhanguan,False,6895,4.449803829193115,8.332096099853516,2.6981821060180664,3.5256168842315674,11.793187141418455,15.834980964660645,2.6232049465179443,3.682236909866333,0.6846378445625305,0.97969651222229
TimesNet,full,4,Shunyi,False,6895,4.283304691314697,8.003979682922363,2.6263110637664795,3.440082550048828,11.11019802093506,15.14602279663086,2.6675119400024414,3.725132942199707,0.7291971445083618,1.0686345100402832
TimesNet,full,4,Tiantan,False,6895,4.446375370025635,8.3153076171875,2.700017213821411,3.5266306400299072,11.768383979797363,15.796011924743652,2.6318531036376953,3.6966984272003174,0.6852434277534485,0.9801114201545716
TimesNet,full,4,Wanliu,False,6895,4.445549488067627,8.229392051696777,2.9019124507904053,3.7717444896698,11.604066848754885,15.558987617492676,2.654561758041382,3.717861652374267,0.6216573715209961,0.8723441362380981
TimesNet,full,4,Wanshouxigong,False,6895,4.451735973358154,8.325136184692383,2.7066261768341064,3.536115884780884,11.781046867370604,15.815213203430176,2.6346206665039062,3.694127321243286,0.6846464276313782,0.979743242263794
Transformer,full_normon,0,Aotizhongxin,True,6895,4.847576141357422,8.825254440307617,3.138589143753052,3.997285842895508,12.692137718200684,16.707799911499023,2.854332685470581,3.926341772079468,0.7052443623542786,0.997699499130249
Transformer,full_normon,0,Changping,False,6895,4.587373733520508,8.25400447845459,3.1368563175201416,4.028233528137207,11.528285026550291,15.465616226196287,2.963939905166626,4.003573417663574,0.7204160690307617,1.0362542867660522
Transformer,full_normon,0,Dingling,False,6895,4.6389946937561035,8.283803939819336,3.2827136516571045,4.181182861328125,11.548575401306152,15.473958015441896,2.9979639053344727,4.058790683746338,0.7267259359359741,1.0422101020812988
Transformer,full_normon,0,Dongsi,False,6895,4.792546272277832,8.804924964904785,3.037006378173828,3.8937525749206543,12.596333503723145,16.69773292541504,2.8325347900390625,3.8894524574279785,0.7043086290359497,1.0016642808914185
Transformer,full_normon,0,Guanyuan,False,6895,4.814884185791016,8.792150497436523,3.102461099624634,3.969249963760376,12.582313537597656,16.64019012451172,2.872680187225342,3.945127010345459,0.7020799517631531,0.9963573813438416
Transformer,full_normon,0,Gucheng,False,6895,4.8394775390625,8.663812637329102,3.341522693634033,4.229852199554443,12.247937202453612,16.274106979370117,2.9312655925750732,4.000622749328613,0.8371841311454773,1.2261210680007937
Transformer,full_normon,0,Huairou,False,6895,4.818564414978027,8.713481903076172,3.546672105789185,4.442454814910889,12.141525268554688,16.359525680541992,2.8690340518951416,3.9076685905456543,0.7170315980911255,1.0293859243392944
Transformer,full_normon,0,Nongzhanguan,False,6895,4.80767822265625,8.819405555725098,3.055715560913086,3.907649993896485,12.63309097290039,16.723548889160156,2.8388869762420654,3.896631002426147,0.7030215859413147,0.9985620379447936
Transformer,full_normon,0,Shunyi,False,6895,4.731329917907715,8.502333641052246,3.10599422454834,3.944294452667236,12.062521934509276,15.987281799316406,3.002537250518799,4.102505683898926,0.7542628645896912,1.085153579711914
Transformer,full_normon,0,Tiantan,False,6895,4.865128517150879,8.799854278564453,3.1897473335266113,4.039815902709961,12.683863639831545,16.636852264404297,2.8837740421295166,3.95698356628418,0.7031278610229492,0.9935092926025392
Transformer,full_normon,0,Wanliu,False,6895,4.840538501739502,8.708279609680176,3.4611995220184326,4.398169994354248,12.390159606933594,16.35969352722168,2.8865795135498047,3.94804310798645,0.6242187023162842,0.8752371668815613
Transformer,full_normon,0,Wanshouxigong,False,6895,4.849050998687744,8.835164070129395,3.1530466079711914,4.006054878234863,12.66551399230957,16.7221736907959,2.874551296234131,3.945137500762939,0.7030898928642273,0.99839985370636
Transformer,full_normon,1,Aotizhongxin,True,6895,5.012984752655029,9.049920082092283,3.3118338584899902,4.188508987426758,13.12278652191162,17.13006591796875,2.8929903507232666,3.952420711517334,0.7243261337280273,0.9999039769172668
Transformer,full_normon,1,Changping,False,6895,4.789219856262207,8.499034881591797,3.3683228492736816,4.327418804168701,11.948594093322754,15.879715919494627,3.089308261871338,4.115383625030518,0.7506490349769592,1.0516905784606934
Transformer,full_normon,1,Dingling,False,6895,4.8698320388793945,8.557924270629883,3.605142593383789,4.5670647621154785,11.997618675231934,15.924842834472656,3.1224918365478516,4.168948173522949,0.7540774345397949,1.0551886558532717
Transformer,full_normon,1,Dongsi,False,6895,4.930964946746826,8.986678123474121,3.116016387939453,3.9876387119293217,12.990678787231444,17.045751571655273,2.900202989578247,3.9481027126312256,0.7169601917266846,0.9975603818893432
Transformer,full_normon,1,Guanyuan,False,6895,4.982722282409668,9.038199424743652,3.2120115756988525,4.079988956451416,13.093740463256836,17.130756378173828,2.90376615524292,3.955501556396485,0.7213696837425232,1.0005249977111816
Transformer,full_normon,1,Gucheng,False,6895,5.0065999031066895,8.932486534118652,3.536278247833252,4.464217185974121,12.701422691345217,16.799959182739258,2.9003913402557373,3.929286479949951,0.8883081674575806,1.2450227737426758
Transformer,full_normon,1,Huairou,False,6895,5.038276672363281,9.042134284973145,3.7994911670684814,4.744300842285156,12.66618537902832,16.966148376464844,2.9525339603424072,3.94950270652771,0.7348959445953369,1.040995478630066
Transformer,full_normon,1,Nongzhanguan,False,6895,4.953112602233887,9.015226364135742,3.1626923084259033,4.029365062713623,13.051746368408203,17.102710723876953,2.8798441886901855,3.9197728633880615,0.7181658744812012,0.9970544576644896
Transformer,full_normon,1,Shunyi,False,6895,4.854053974151611,8.712441444396973,3.214311122894287,4.079593658447266,12.442888259887695,16.411352157592773,2.9863898754119873,4.055725574493408,0.7726268172264099,1.096369981765747
Transformer,full_normon,1,Tiantan,False,6895,5.067579746246338,9.069091796875,3.460019826889038,4.337029933929443,13.157641410827637,17.12604331970215,2.925452470779419,3.984574556350708,0.7272049784660339,1.0028539896011353
Transformer,full_normon,1,Wanliu,False,6895,4.977435111999512,8.919349670410156,3.5556018352508545,4.5159525871276855,12.827689170837402,16.784971237182617,2.8843867778778076,3.914174795150757,0.6420630216598511,0.8771508932113647
Transformer,full_normon,1,Wanshouxigong,False,6895,5.009029388427734,9.045117378234863,3.3014559745788574,4.168397903442383,13.101971626281738,17.12416648864746,2.9110052585601807,3.9548499584198,0.7216835021972656,1.001550316810608
Transformer,full_normon,2,Aotizhongxin,True,6895,4.907337188720703,8.923017501831055,3.1050705909729004,4.027411937713623,12.920730590820312,16.892391204833984,2.881749391555786,3.987607955932617,0.7217944860458374,1.003510355949402
Transformer,full_normon,2,Changping,False,6895,4.738464832305908,8.459076881408691,3.316650152206421,4.289400100708008,11.904486656188965,15.82623291015625,2.99475359916687,4.032464504241943,0.7379671931266785,1.0462243556976318
Transformer,full_normon,2,Dingling,False,6895,4.789088249206543,8.47612190246582,3.5226621627807617,4.49953031539917,11.921462059020996,15.81121826171875,2.969931364059448,4.004090309143066,0.7422975301742554,1.05141019821167
Transformer,full_normon,2,Dongsi,False,6895,4.844326496124268,8.857134819030762,2.9769787788391113,3.88358998298645,12.797983169555664,16.790569305419922,2.883448600769043,3.9726643562316895,0.7188968062400818,1.0038414001464844
Transformer,full_normon,2,Guanyuan,False,6895,4.870959281921387,8.859926223754883,3.0418078899383545,3.945612907409668,12.81301498413086,16.773530960083008,2.910068988800049,4.008723258972168,0.7189497351646423,1.0020818710327148
Transformer,full_normon,2,Gucheng,False,6895,4.870183944702148,8.809715270996094,3.33724308013916,4.302327632904053,12.423751831054688,16.581623077392578,2.8576505184173584,3.9307353496551514,0.8620917201042175,1.238296627998352
Transformer,full_normon,2,Huairou,False,6895,5.016162395477295,8.991609573364258,3.898536920547486,4.883011817932129,12.605786323547363,16.839237213134766,2.823697090148926,3.858779430389404,0.7366254329681396,1.0498443841934204
Transformer,full_normon,2,Nongzhanguan,False,6895,4.871568202972412,8.89541244506836,3.019070863723755,3.934869289398194,12.885419845581056,16.866817474365234,2.8628792762756348,3.9416074752807617,0.7189029455184937,1.002214431762695
Transformer,full_normon,2,Shunyi,False,6895,4.825212478637695,8.634744644165039,3.1781253814697266,4.101126670837402,12.332653045654297,16.216049194335938,3.016597270965576,4.153435230255127,0.7734735012054443,1.0975960493087769
Transformer,full_normon,2,Tiantan,False,6895,4.975792407989502,8.974936485290527,3.2272231578826904,4.152729034423828,13.045252799987791,16.969402313232422,2.907740592956543,3.9978861808776855,0.7229495644569397,1.00446879863739
Transformer,full_normon,2,Wanliu,False,6895,4.907595157623291,8.819684028625488,3.4129602909088135,4.408711910247803,12.695646286010742,16.586536407470703,2.8820505142211914,3.9782485961914062,0.6397190690040588,0.8780643939971924
Transformer,full_normon,2,Wanshouxigong,False,6895,4.906748294830322,8.909032821655273,3.1085591316223145,4.022160053253174,12.908409118652344,16.865745544433594,2.889228582382202,3.9803388118743896,0.7207958102226257,1.0046236515045166
Transformer,full_normon,3,Aotizhongxin,True,6895,4.851125717163086,9.028620719909668,2.8126490116119385,3.6533071994781494,12.999593734741213,17.212499618530273,2.8765480518341064,3.928611993789673,0.7157100439071655,1.0066092014312744
Transformer,full_normon,3,Changping,False,6895,4.573520660400391,8.330753326416016,2.858123779296875,3.743786334991455,11.772467613220217,15.71467113494873,2.923275947570801,3.942176818847656,0.7402153015136719,1.0479719638824463
Transformer,full_normon,3,Dingling,False,6895,4.640261650085449,8.367009162902832,3.0198686122894287,3.9268407821655273,11.858043670654297,15.742735862731934,2.9374067783355713,3.957410335540771,0.7457302808761597,1.0547268390655518
Transformer,full_normon,3,Dongsi,False,6895,4.843380451202393,9.047722816467283,2.771448135375977,3.607846736907959,13.003499984741213,17.260770797729492,2.8843586444854736,3.9341328144073486,0.7142166495323181,1.0084199905395508
Transformer,full_normon,3,Guanyuan,False,6895,4.833926677703857,9.009936332702637,2.7721569538116455,3.611645460128784,12.961973190307615,17.1787166595459,2.8888535499572754,3.943814992904663,0.7127236723899841,1.0049190521240234
Transformer,full_normon,3,Gucheng,False,6895,4.740601062774658,8.751506805419922,2.9404051303863525,3.811490774154663,12.289204597473145,16.57666778564453,2.8742589950561523,3.93855881690979,0.8585352897644043,1.2368541955947876
Transformer,full_normon,3,Huairou,False,6895,4.847972393035889,8.965624809265137,3.104331970214844,4.004185676574707,12.715248107910156,17.017841339111328,2.8443026542663574,3.8473904132843018,0.7280060648918152,1.0425491333007812
Transformer,full_normon,3,Nongzhanguan,False,6895,4.865165710449219,9.069117546081545,2.7883334159851074,3.62697172164917,13.080218315124512,17.305683135986328,2.877927780151367,3.91657042503357,0.7141856551170349,1.0071898698806765
Transformer,full_normon,3,Shunyi,False,6895,4.717752456665039,8.63157844543457,2.8333308696746826,3.646310567855835,12.342860221862791,16.3623046875,2.9208037853240967,3.972090482711792,0.7740180492401123,1.103854775428772
Transformer,full_normon,3,Tiantan,False,6895,4.870363235473633,9.00091552734375,2.9107022285461426,3.763837575912475,12.961094856262209,17.127561569213867,2.8958740234375,3.941997528076172,0.7137792706489563,1.0033836364746094
Transformer,full_normon,3,Wanliu,False,6895,4.83687162399292,8.866358757019043,3.086327314376831,3.98956298828125,12.747535705566406,16.801057815551758,2.8799571990966797,3.935105323791504,0.6336667537689209,0.8786060214042664
Transformer,full_normon,3,Wanshouxigong,False,6895,4.868024826049805,9.050287246704102,2.8324990272521973,3.673208475112915,13.036094665527344,17.251296997070312,2.8901588916778564,3.939419746398926,0.7133496403694153,1.006003975868225
Transformer,full_normon,4,Aotizhongxin,True,6895,4.854167938232422,8.785992622375488,3.339906930923462,4.2176594734191895,12.573030471801758,16.588180541992188,2.792882919311523,3.847369432449341,0.7108522057533264,1.008006572723389
Transformer,full_normon,4,Changping,False,6895,4.6825408935546875,8.332599639892578,3.5578432083129883,4.493375778198242,11.609065055847168,15.535472869873049,2.840946674346924,3.8822193145751953,0.7223060131072998,1.0563278198242188
Transformer,full_normon,4,Dingling,False,6895,4.8129472732543945,8.475679397583008,3.8141837120056152,4.730295181274414,11.837430953979492,15.767218589782717,2.868255853652954,3.9012644290924072,0.7319149971008301,1.0713751316070557
Transformer,full_normon,4,Dongsi,False,6895,4.795299053192139,8.736170768737793,3.177773714065552,4.050868034362793,12.51194190979004,16.529369354248047,2.7845664024353027,3.8256638050079346,0.7069109678268433,1.0087171792984009
Transformer,full_normon,4,Guanyuan,False,6895,4.822429656982422,8.743432998657227,3.2446794509887695,4.115165710449219,12.54443645477295,16.523698806762695,2.7930092811584473,3.848442554473877,0.7075899243354797,1.0063475370407104
Transformer,full_normon,4,Gucheng,False,6895,4.790594577789307,8.584653854370117,3.5608468055725098,4.411032676696777,11.996002197265623,16.103641510009766,2.769340991973877,3.809069156646729,0.8361871242523193,1.2212940454483032
Transformer,full_normon,4,Huairou,False,6895,4.987235069274902,8.911447525024414,3.8843977451324463,4.7982072830200195,12.515254974365234,16.690385818481445,2.826875925064087,3.8681750297546382,0.7224111557006836,1.0493199825286863
Transformer,full_normon,4,Nongzhanguan,False,6895,4.796813011169434,8.724906921386719,3.200629949569702,4.073851585388184,12.500648498535156,16.503746032714844,2.7814152240753174,3.809679508209229,0.704556941986084,1.0061569213867188
Transformer,full_normon,4,Shunyi,False,6895,4.699146747589111,8.436114311218262,3.2797229290008545,4.125617980957031,11.93566608428955,15.854920387268066,2.827514410018921,3.8839147090911865,0.7536845803260803,1.089991331100464
Transformer,full_normon,4,Tiantan,False,6895,4.916445732116699,8.814085006713867,3.4572999477386475,4.326625347137451,12.662294387817385,16.611055374145508,2.838514566421509,3.884784698486328,0.7076730728149414,1.0069500207901
Transformer,full_normon,4,Wanliu,False,6895,4.855067253112793,8.603117942810059,3.685022354125977,4.5816850662231445,12.291550636291504,16.102914810180664,2.818833112716675,3.872529983520508,0.6248598098754883,0.8731595277786255
Transformer,full_normon,4,Wanshouxigong,False,6895,4.856598854064941,8.759035110473633,3.3618404865264893,4.242489337921143,12.558764457702637,16.5236759185791,2.798863410949707,3.852274656295776,0.7069292068481445,1.006070852279663
XAI-MeteoFormer,no_revin,0,Aotizhongxin,True,6895,4.188625335693359,8.260855674743652,2.0600500106811523,2.6960785388946533,11.746868133544922,15.960321426391602,2.281191825866699,3.175981044769287,0.6663928627967834,0.937786102294922
XAI-MeteoFormer,no_revin,0,Changping,False,6895,4.030998706817627,7.891347885131836,2.0728561878204346,2.7289087772369385,11.005695343017578,15.16223430633545,2.3581080436706543,3.279787302017212,0.6873400211334229,0.9980913400650024
XAI-MeteoFormer,no_revin,0,Dingling,False,6895,4.037553310394287,7.914793968200684,2.1019980907440186,2.773200035095215,11.020791053771973,15.207345008850098,2.339599847793579,3.259425163269043,0.6878210306167603,0.999007523059845
XAI-MeteoFormer,no_revin,0,Dongsi,False,6895,4.20543098449707,8.296380996704102,2.066981315612793,2.6945879459381104,11.803367614746094,16.03380584716797,2.284389019012451,3.1773386001586914,0.6669893264770508,0.9383400678634644
XAI-MeteoFormer,no_revin,0,Guanyuan,False,6895,4.202847957611084,8.29025650024414,2.0680906772613525,2.700101613998413,11.788251876831056,16.019304275512695,2.2882745265960693,3.181981325149536,0.6667695641517639,0.9379093647003174
XAI-MeteoFormer,no_revin,0,Gucheng,False,6895,4.123579502105713,8.08657455444336,2.100921154022217,2.758446216583252,11.233792304992676,15.54924774169922,2.375507354736328,3.2865169048309326,0.7840986251831055,1.1753394603729248
XAI-MeteoFormer,no_revin,0,Huairou,False,6895,4.095342636108398,8.136934280395508,2.1214022636413574,2.7662265300750732,11.260381698608398,15.675579071044922,2.318251848220825,3.234457492828369,0.6813344955444336,1.0006599426269531
XAI-MeteoFormer,no_revin,0,Nongzhanguan,False,6895,4.202941417694092,8.279265403747559,2.066924810409546,2.6966958045959473,11.788274765014648,15.996965408325195,2.2891910076141357,3.1826412677764893,0.6673757433891296,0.938447654247284
XAI-MeteoFormer,no_revin,0,Shunyi,False,6895,4.034093856811523,7.936552047729492,1.978002429008484,2.5976548194885254,11.158878326416016,15.295947074890137,2.2908191680908203,3.192397117614746,0.7086731791496277,1.024801254272461
XAI-MeteoFormer,no_revin,0,Tiantan,False,6895,4.205340385437012,8.30489730834961,2.058011531829834,2.686208486557007,11.814149856567385,16.053180694580078,2.281965494155884,3.1754207611083984,0.6672332286834717,0.9389401078224182
XAI-MeteoFormer,no_revin,0,Wanliu,False,6895,4.1361494064331055,8.096718788146973,2.147284507751465,2.799337863922119,11.45793628692627,15.599934577941896,2.3201308250427246,3.214278221130371,0.6192471385002136,0.8376142382621765
XAI-MeteoFormer,no_revin,0,Wanshouxigong,False,6895,4.201128005981445,8.285212516784668,2.0620131492614746,2.6907052993774414,11.78976058959961,16.011005401611328,2.2854247093200684,3.179044485092163,0.6673189997673035,0.9383891820907592
XAI-MeteoFormer,no_revin,1,Aotizhongxin,True,6895,4.188346862792969,8.236848831176758,2.071371793746948,2.629425048828125,11.774564743041992,15.934843063354492,2.245107889175415,3.1081314086914062,0.662341296672821,0.9429863095283508
XAI-MeteoFormer,no_revin,1,Changping,False,6895,4.021790981292725,7.804684638977051,2.027231931686402,2.6078124046325684,10.935973167419434,14.999885559082031,2.433898448944092,3.2943472862243652,0.6900572776794434,1.0012351274490356
XAI-MeteoFormer,no_revin,1,Dingling,False,6895,4.024198532104492,7.817281246185303,2.0274806022644043,2.6154770851135254,10.93762493133545,15.02346897125244,2.4402358531951904,3.2998223304748535,0.6914510726928711,1.0026752948760986
XAI-MeteoFormer,no_revin,1,Dongsi,False,6895,4.202981948852539,8.269632339477539,2.0730385780334473,2.6284377574920654,11.82502555847168,16.0018367767334,2.251951217651367,3.113189697265625,0.661910891532898,0.9422744512557985
XAI-MeteoFormer,no_revin,1,Guanyuan,False,6895,4.208740234375,8.281455993652344,2.083848476409912,2.640080213546753,11.839707374572754,16.024839401245117,2.2491629123687744,3.1107494831085205,0.6622411608695984,0.9422382712364196
XAI-MeteoFormer,no_revin,1,Gucheng,False,6895,4.154762268066406,8.085174560546875,2.0622308254241943,2.6490747928619385,11.3666410446167,15.564528465270996,2.399392604827881,3.287247657775879,0.7907857894897461,1.1840909719467163
XAI-MeteoFormer,no_revin,1,Huairou,False,6895,4.124278545379639,8.119065284729004,2.0608184337615967,2.652270793914795,11.325477600097656,15.647785186767578,2.4213342666625977,3.281834363937378,0.689482569694519,1.0093879699707031
XAI-MeteoFormer,no_revin,1,Nongzhanguan,False,6895,4.205915451049805,8.268945693969727,2.0804295539855957,2.6356184482574463,11.833173751831056,16.000276565551758,2.2478034496307373,3.107597589492798,0.6622557044029236,0.9430460929870604
XAI-MeteoFormer,no_revin,1,Shunyi,False,6895,4.06642484664917,7.993984699249268,1.96222186088562,2.530524730682373,11.333012580871582,15.436541557312012,2.2674882411956787,3.140650510787964,0.7029825448989868,1.0301436185836792
XAI-MeteoFormer,no_revin,1,Tiantan,False,6895,4.21037483215332,8.290464401245117,2.082278251647949,2.6384592056274414,11.847359657287598,16.04335594177246,2.2487311363220215,3.1123158931732178,0.6631292104721069,0.9434025883674622
XAI-MeteoFormer,no_revin,1,Wanliu,False,6895,4.119626998901367,8.057795524597168,2.1061580181121826,2.6962571144104004,11.481205940246582,15.551222801208496,2.276698112487793,3.1455981731414795,0.6144444346427917,0.840920090675354
XAI-MeteoFormer,no_revin,1,Wanshouxigong,False,6895,4.218081951141357,8.31292724609375,2.078361988067627,2.6378750801086426,11.878828048706056,16.090078353881836,2.2513906955718994,3.111098289489746,0.6637470126152039,0.9439874887466432
XAI-MeteoFormer,no_revin,2,Aotizhongxin,True,6895,4.1526641845703125,8.19658374786377,2.0221002101898193,2.6380209922790527,11.709672927856444,15.849165916442873,2.2198686599731445,3.1137187480926514,0.6590189337730408,0.9409759640693665
XAI-MeteoFormer,no_revin,2,Changping,False,6895,3.946725368499756,7.735019683837891,2.09709095954895,2.739089012145996,10.770108222961426,14.863994598388672,2.2415127754211426,3.144136428833008,0.6781907081604004,0.9977946281433104
XAI-MeteoFormer,no_revin,2,Dingling,False,6895,3.940685749053955,7.771522521972656,2.0710394382476807,2.716428279876709,10.791914939880373,14.946962356567385,2.2213454246520996,3.1295948028564453,0.6784439086914062,1.0005947351455688
XAI-MeteoFormer,no_revin,2,Dongsi,False,6895,4.177675247192383,8.243890762329102,2.0450146198272705,2.657212495803833,11.77823257446289,15.942465782165527,2.227847099304199,3.1208415031433105,0.6596068739891052,0.9403988718986512
XAI-MeteoFormer,no_revin,2,Guanyuan,False,6895,4.163275241851807,8.227407455444336,2.0240771770477295,2.635911464691162,11.73803424835205,15.910218238830566,2.232121706008911,3.129395008087158,0.6588667035102844,0.9405665397644044
XAI-MeteoFormer,no_revin,2,Gucheng,False,6895,4.137028694152832,8.118379592895508,2.0619521141052246,2.720763683319092,11.460641860961914,15.649806022644045,2.2436163425445557,3.1497817039489746,0.7819011807441711,1.1799044609069824
XAI-MeteoFormer,no_revin,2,Huairou,False,6895,4.104945182800293,8.181208610534668,2.0629663467407227,2.7099785804748535,11.4839448928833,15.804637908935549,2.1994028091430664,3.097412586212158,0.6734654903411865,1.002091407775879
XAI-MeteoFormer,no_revin,2,Nongzhanguan,False,6895,4.180554389953613,8.233968734741211,2.042217254638672,2.6564464569091797,11.790725708007812,15.92166519165039,2.2281057834625244,3.122415542602539,0.6611635684967041,0.9420109987258912
XAI-MeteoFormer,no_revin,2,Shunyi,False,6895,4.051518440246582,7.970655918121338,1.961026072502136,2.575944185256958,11.260930061340332,15.372193336486816,2.2799081802368164,3.1815202236175537,0.704207718372345,1.0312496423721311
XAI-MeteoFormer,no_revin,2,Tiantan,False,6895,4.17196798324585,8.245405197143555,2.0251235961914062,2.6348137855529785,11.777969360351562,15.94896411895752,2.2248404026031494,3.122091770172119,0.6599338054656982,0.9421886205673218
XAI-MeteoFormer,no_revin,2,Wanliu,False,6895,4.150425910949707,8.183040618896484,2.0659122467041016,2.6949622631073,11.700132369995115,15.81826400756836,2.2265536785125732,3.109422445297241,0.6091064810752869,0.83652663230896
XAI-MeteoFormer,no_revin,2,Wanshouxigong,False,6895,4.17580509185791,8.237637519836426,2.035182237625122,2.6486704349517822,11.782221794128418,15.930712699890137,2.226658344268799,3.122121810913086,0.659159779548645,0.940195083618164
XAI-MeteoFormer,no_revin,3,Aotizhongxin,True,6895,4.113217353820801,8.24528980255127,1.970464110374451,2.5646860599517822,11.577861785888672,15.961660385131836,2.234100341796875,3.112126588821411,0.6704416275024414,0.9495657086372375
XAI-MeteoFormer,no_revin,3,Changping,False,6895,4.010600566864014,7.945191383361816,1.9566552639007568,2.590046644210815,10.956491470336914,15.282130241394045,2.4339406490325928,3.351639986038208,0.6953149437904358,1.0093759298324585
XAI-MeteoFormer,no_revin,3,Dingling,False,6895,4.0168867111206055,7.967442512512207,1.996273398399353,2.6383190155029297,10.96155834197998,15.326205253601074,2.413076639175415,3.323831081390381,0.6966395378112793,1.009634017944336
XAI-MeteoFormer,no_revin,3,Dongsi,False,6895,4.1471686363220215,8.329482078552246,1.9695721864700315,2.5623209476470947,11.7037992477417,16.131723403930664,2.2446367740631104,3.1335272789001465,0.6706615686416626,0.9508417248725892
XAI-MeteoFormer,no_revin,3,Guanyuan,False,6895,4.135588645935059,8.312904357910156,1.9661691188812256,2.558722972869873,11.66177463531494,16.097976684570312,2.245412826538086,3.134810447692871,0.6689994931221008,0.9479430913925172
XAI-MeteoFormer,no_revin,3,Gucheng,False,6895,4.079789638519287,8.039767265319824,1.9841723442077637,2.6090826988220215,11.06899356842041,15.457402229309082,2.466823101043701,3.3753604888916016,0.7991678714752197,1.191539645195007
XAI-MeteoFormer,no_revin,3,Huairou,False,6895,4.046680927276611,8.111563682556152,2.008301019668579,2.6454737186431885,11.09532642364502,15.629805564880373,2.3890841007232666,3.2965033054351807,0.694013237953186,1.0166393518447876
XAI-MeteoFormer,no_revin,3,Nongzhanguan,False,6895,4.1422295570373535,8.294559478759766,1.971076726913452,2.563995122909546,11.682883262634276,16.06048011779785,2.2413930892944336,3.127021074295044,0.6735637187957764,0.9526647329330444
XAI-MeteoFormer,no_revin,3,Shunyi,False,6895,3.9851794242858887,7.991236686706543,1.888115406036377,2.502871513366699,11.10422134399414,15.43764877319336,2.231448173522949,3.126549243927002,0.7169347405433655,1.0386508703231812
XAI-MeteoFormer,no_revin,3,Tiantan,False,6895,4.149673938751221,8.344578742980957,1.957942247390747,2.5488805770874023,11.730323791503906,16.166393280029297,2.238569498062134,3.1261584758758545,0.6718619465827942,0.9518682956695556
XAI-MeteoFormer,no_revin,3,Wanliu,False,6895,4.098050594329834,8.113401412963867,2.044055461883545,2.6602320671081543,11.438936233520508,15.667205810546877,2.2908923625946045,3.172269582748413,0.6183192729949951,0.841206967830658
XAI-MeteoFormer,no_revin,3,Wanshouxigong,False,6895,4.155359745025635,8.34984016418457,1.974103569984436,2.568512439727783,11.729079246520996,16.172496795654297,2.246115207672119,3.1346418857574463,0.6721391081809998,0.9520390629768372
XAI-MeteoFormer,no_revin,4,Aotizhongxin,True,6895,4.109862804412842,8.139829635620117,1.969870448112488,2.5926971435546875,11.531360626220703,15.731316566467283,2.263694524765014,3.1480863094329834,0.674528956413269,0.9594438076019288
XAI-MeteoFormer,no_revin,4,Changping,False,6895,4.040810585021973,7.896780967712402,2.029210090637207,2.689918279647827,11.102728843688965,15.188080787658691,2.330861806869507,3.236804962158203,0.7004420757293701,1.0228304862976074
XAI-MeteoFormer,no_revin,4,Dingling,False,6895,4.066016674041748,7.981757640838623,2.0557596683502197,2.719454050064087,11.162928581237791,15.356088638305664,2.3429524898529053,3.2521402835845947,0.7024211883544922,1.025922775268555
XAI-MeteoFormer,no_revin,4,Dongsi,False,6895,4.148168087005615,8.224891662597656,1.9851579666137695,2.6084492206573486,11.663674354553224,15.90199375152588,2.269539594650269,3.161839485168457,0.6743016242980957,0.9595512747764589
XAI-MeteoFormer,no_revin,4,Guanyuan,False,6895,4.128096103668213,8.193907737731934,1.963426113128662,2.5852253437042236,11.602219581604004,15.840312957763672,2.2728474140167236,3.168661117553711,0.6738949418067932,0.9597336053848268
XAI-MeteoFormer,no_revin,4,Gucheng,False,6895,4.0581207275390625,7.950307369232178,1.997054934501648,2.658090829849243,11.038537979125977,15.275307655334473,2.398542642593384,3.3145081996917725,0.7983528971672058,1.2012933492660522
XAI-MeteoFormer,no_revin,4,Huairou,False,6895,4.048499584197998,8.059720039367676,2.0380687713623047,2.696232318878174,11.164968490600586,15.533374786376951,2.2957170009613037,3.196396827697754,0.6952469348907471,1.0314974784851074
XAI-MeteoFormer,no_revin,4,Nongzhanguan,False,6895,4.157032489776611,8.243024826049805,1.9871385097503664,2.611769437789917,11.696118354797363,15.939834594726562,2.2657063007354736,3.1560146808624268,0.6791654825210571,0.9642130732536316
XAI-MeteoFormer,no_revin,4,Shunyi,False,6895,4.041144847869873,8.001904487609863,1.9303745031356812,2.5590548515319824,11.234532356262209,15.440067291259766,2.2780606746673584,3.1763603687286377,0.7216089963912964,1.0431901216506958
XAI-MeteoFormer,no_revin,4,Tiantan,False,6895,4.15415620803833,8.257746696472168,1.9630061388015747,2.585010528564453,11.708444595336914,15.973599433898926,2.268561840057373,3.161423921585083,0.6766137480735779,0.9637756943702698
XAI-MeteoFormer,no_revin,4,Wanliu,False,6895,4.099984645843506,8.091513633728027,2.013343572616577,2.66528844833374,11.479290008544922,15.618714332580566,2.291135549545288,3.1820554733276367,0.6161683797836304,0.8466669321060181
XAI-MeteoFormer,no_revin,4,Wanshouxigong,False,6895,4.143220901489258,8.205158233642578,1.9703359603881836,2.5934367179870605,11.647056579589844,15.861376762390137,2.278599262237549,3.1726040840148926,0.6768918633460999,0.9611788988113404
iTransformer,full,0,Aotizhongxin,True,6895,4.2563982009887695,8.244466781616211,2.0440516471862793,2.6914098262786865,11.528788566589355,15.785072326660156,2.7379276752471924,3.8036491870880127,0.7148271203041077,1.0024373531341553
iTransformer,full,0,Changping,False,6895,4.019365310668945,7.74398946762085,2.1356866359710693,2.8277335166931152,10.478187561035156,14.715717315673828,2.7218546867370605,3.768186092376709,0.741732120513916,1.062915563583374
iTransformer,full,0,Dingling,False,6895,4.031071186065674,7.75970458984375,2.149552345275879,2.847954511642456,10.506610870361328,14.742673873901367,2.7246220111846924,3.776571035385132,0.7435047030448914,1.0640655755996704
iTransformer,full,0,Dongsi,False,6895,4.2681779861450195,8.264994621276855,2.0383524894714355,2.686143636703491,11.577018737792969,15.827796936035156,2.74413800239563,3.8085296154022217,0.7132046222686768,1.000580906867981
iTransformer,full,0,Guanyuan,False,6895,4.252807140350342,8.236676216125488,2.042180061340332,2.688666343688965,11.512625694274902,15.767829895019531,2.7421584129333496,3.809792518615722,0.714260458946228,1.0017263889312744
iTransformer,full,0,Gucheng,False,6895,4.183141231536865,8.039718627929688,2.1414921283721924,2.8089542388916016,10.978081703186035,15.312174797058104,2.7591652870178223,3.8287994861602783,0.8538245558738708,1.2392228841781616
iTransformer,full,0,Huairou,False,6895,4.151982307434082,8.065692901611328,2.2648909091949463,2.946394681930542,10.89121437072754,15.374407768249512,2.7161669731140137,3.744577407836914,0.7356530427932739,1.0705339908599854
iTransformer,full,0,Nongzhanguan,False,6895,4.26554536819458,8.262703895568848,2.042546272277832,2.6876449584960938,11.564187049865724,15.82415008544922,2.7407820224761963,3.802126407623291,0.7146627306938171,1.002880573272705
iTransformer,full,0,Shunyi,False,6895,4.124900817871094,7.963284015655518,2.0150928497314453,2.6475989818573,10.968988418579102,15.19690990447998,2.758136034011841,3.80914044380188,0.7573821544647217,1.0909435749053955
iTransformer,full,0,Tiantan,False,6895,4.261416435241699,8.255313873291016,2.0499143600463867,2.698629140853882,11.55255889892578,15.809316635131836,2.7285094261169434,3.7919929027557377,0.7146831750869751,1.0022631883621216
iTransformer,full,0,Wanliu,False,6895,4.248327732086182,8.194893836975098,2.1980457305908203,2.8871419429779053,11.404452323913574,15.65079402923584,2.744511127471924,3.814457654953003,0.6463067531585693,0.889988362789154
iTransformer,full,0,Wanshouxigong,False,6895,4.257143020629883,8.242663383483887,2.0425219535827637,2.688056468963623,11.536091804504396,15.783125877380373,2.7365167140960693,3.7990195751190186,0.713442862033844,1.0003371238708496
iTransformer,full,1,Aotizhongxin,True,6895,4.23626708984375,8.220162391662598,2.03568172454834,2.6841211318969727,11.46873378753662,15.728650093078612,2.729435443878174,3.8313703536987305,0.7112191915512085,1.004982590675354
iTransformer,full,1,Changping,False,6895,4.009688377380371,7.745519161224365,2.117631196975708,2.8102612495422363,10.46750545501709,14.711732864379885,2.716337203979492,3.8088736534118657,0.7372785210609436,1.0639837980270386
iTransformer,full,1,Dingling,False,6895,4.023205757141113,7.756264686584473,2.1374242305755615,2.836089611053467,10.49575138092041,14.727642059326172,2.72153377532959,3.815800666809082,0.738115131855011,1.063658595085144
iTransformer,full,1,Dongsi,False,6895,4.236432075500488,8.213040351867676,2.033773183822632,2.6801254749298096,11.470969200134276,15.715160369873049,2.731224775314331,3.8288822174072266,0.7097625136375427,1.0032261610031128
iTransformer,full,1,Guanyuan,False,6895,4.232248783111572,8.203536987304688,2.038360357284546,2.682502269744873,11.448484420776367,15.693676948547363,2.731327533721924,3.833534002304077,0.7108235359191895,1.004387617111206
iTransformer,full,1,Gucheng,False,6895,4.189890384674072,8.0637845993042,2.120969295501709,2.7925846576690674,11.035184860229492,15.357089042663574,2.7539303302764893,3.860185861587525,0.8494739532470703,1.2484856843948364
iTransformer,full,1,Huairou,False,6895,4.165500640869141,8.098123550415039,2.236706256866455,2.9256536960601807,10.961194038391112,15.432308197021484,2.7275991439819336,3.799821138381958,0.7365014553070068,1.0789726972579956
iTransformer,full,1,Nongzhanguan,False,6895,4.237422466278076,8.22004222869873,2.0384042263031006,2.683718681335449,11.471604347229004,15.729913711547852,2.728161334991455,3.825160264968872,0.7115200161933899,1.0059638023376465
iTransformer,full,1,Shunyi,False,6895,4.110739707946777,7.934287071228027,1.9933851957321167,2.6338329315185547,10.935434341430664,15.127402305603027,2.760700941085815,3.8523411750793457,0.7534397840499878,1.093515157699585
iTransformer,full,1,Tiantan,False,6895,4.241654396057129,8.227022171020508,2.051419734954834,2.701260566711426,11.482975006103516,15.742965698242188,2.720524311065674,3.8193705081939697,0.7116981148719788,1.0050805807113647
iTransformer,full,1,Wanliu,False,6895,4.2642717361450195,8.236470222473145,2.179318428039551,2.86635422706604,11.498483657836914,15.734170913696287,2.737478017807007,3.844989061355591,0.6418061256408691,0.8908921480178833
iTransformer,full,1,Wanshouxigong,False,6895,4.238584041595459,8.216192245483398,2.040299892425537,2.6841866970062256,11.481046676635742,15.722996711730955,2.723266363143921,3.821046113967895,0.7097171545028687,1.0026967525482178
iTransformer,full,2,Aotizhongxin,True,6895,4.2470293045043945,8.293310165405273,2.043849229812622,2.679892063140869,11.579991340637209,15.904072761535645,2.649906873703003,3.739510774612427,0.7143658995628357,1.005345106124878
iTransformer,full,2,Changping,False,6895,4.001773834228516,7.750216007232666,2.117382049560547,2.7912089824676514,10.498587608337402,14.74754810333252,2.648120641708374,3.7202634811401367,0.7430087924003601,1.0686306953430176
iTransformer,full,2,Dingling,False,6895,4.012674331665039,7.759361267089844,2.127264976501465,2.810020685195923,10.52373504638672,14.760119438171388,2.6552329063415527,3.7323086261749263,0.7444639801979065,1.0692617893218994
iTransformer,full,2,Dongsi,False,6895,4.250147342681885,8.29141616821289,2.0410690307617188,2.6761374473571777,11.597944259643556,15.902787208557127,2.6485650539398193,3.7312581539154057,0.7130135297775269,1.003853678703308
iTransformer,full,2,Guanyuan,False,6895,4.235886096954346,8.267857551574707,2.041635274887085,2.6764719486236572,11.540604591369627,15.852340698242188,2.647320032119751,3.736317873001098,0.7139831185340881,1.00477933883667
iTransformer,full,2,Gucheng,False,6895,4.185155391693115,8.074446678161621,2.132387399673462,2.7908363342285156,11.063787460327148,15.39912223815918,2.6881868839263916,3.782004356384278,0.8562585115432739,1.249584078788757
iTransformer,full,2,Huairou,False,6895,4.182527542114258,8.121997833251953,2.2497169971466064,2.9285800457000732,11.089865684509276,15.503085136413574,2.649090528488159,3.710670709609986,0.7414377927780151,1.0844879150390625
iTransformer,full,2,Nongzhanguan,False,6895,4.244607448577881,8.289474487304688,2.042041301727295,2.6772820949554443,11.576951026916504,15.898900032043455,2.6447253227233887,3.7291102409362793,0.7147105932235718,1.006202220916748
iTransformer,full,2,Shunyi,False,6895,4.124673843383789,7.992270469665527,1.996982455253601,2.62601637840271,11.054965019226074,15.270156860351562,2.687078952789306,3.771686553955078,0.7596703767776489,1.098299264907837
iTransformer,full,2,Tiantan,False,6895,4.249711990356445,8.29238510131836,2.0568995475769043,2.694418668746948,11.590429306030272,15.903483390808104,2.636542797088623,3.723111152648926,0.7149741649627686,1.0061763525009155
iTransformer,full,2,Wanliu,False,6895,4.2601704597473145,8.273809432983398,2.1963210105895996,2.8781332969665527,11.538880348205566,15.83265209197998,2.6590068340301514,3.751173257827759,0.6464742422103882,0.8920878171920776
iTransformer,full,2,Wanshouxigong,False,6895,4.241353988647461,8.271383285522461,2.044142723083496,2.677892684936523,11.566304206848145,15.8619384765625,2.6414008140563965,3.725917100906372,0.7135685682296753,1.004214644432068
iTransformer,full,3,Aotizhongxin,True,6895,4.237198829650879,8.276615142822266,1.97872793674469,2.603369951248169,11.53712272644043,15.870319366455078,2.71623158454895,3.7882986068725586,0.7167156934738159,1.006826400756836
iTransformer,full,3,Changping,False,6895,3.9791107177734375,7.719305992126465,2.03635573387146,2.698810577392578,10.443659782409668,14.69112491607666,2.693815231323242,3.7551286220550537,0.7426128387451172,1.0663272142410278
iTransformer,full,3,Dingling,False,6895,3.982461214065552,7.721095085144043,2.0495638847351074,2.716130495071411,10.438887596130373,14.690434455871582,2.6976263523101807,3.759873390197754,0.7437657713890076,1.0669305324554443
iTransformer,full,3,Dongsi,False,6895,4.2466888427734375,8.298315048217773,1.9784902334213257,2.6026172637939453,11.570926666259766,15.915164947509766,2.721855640411377,3.790963649749756,0.7154859900474548,1.0052917003631592
iTransformer,full,3,Guanyuan,False,6895,4.23383092880249,8.272248268127441,1.978915095329285,2.602473258972168,11.521860122680664,15.860488891601562,2.7185089588165283,3.792163372039795,0.71603924036026,1.005892038345337
iTransformer,full,3,Gucheng,False,6895,4.171599864959717,8.076650619506836,2.05515456199646,2.704369306564331,11.029257774353027,15.407837867736816,2.7483129501342773,3.8266897201538086,0.8536748290061951,1.2532252073287964
iTransformer,full,3,Huairou,False,6895,4.127687454223633,8.074416160583496,2.147827386856079,2.808007001876831,10.913778305053713,15.41439723968506,2.7094547748565674,3.759082317352295,0.7396875023841858,1.0795886516571045
iTransformer,full,3,Nongzhanguan,False,6895,4.241272449493408,8.287532806396484,1.9805858135223389,2.605152130126953,11.54869556427002,15.892507553100586,2.7194089889526367,3.789572954177856,0.7164027690887451,1.0066378116607666
iTransformer,full,3,Shunyi,False,6895,4.089954376220703,7.964876174926758,1.9304143190383911,2.54722261428833,10.929858207702637,15.216723442077637,2.739876508712769,3.809945583343506,0.7596696019172668,1.0974164009094238
iTransformer,full,3,Tiantan,False,6895,4.238222122192383,8.287294387817383,1.981126308441162,2.606550693511963,11.549395561218262,15.89416790008545,2.7061750888824463,3.779708862304687,0.7161934971809387,1.0060620307922363
iTransformer,full,3,Wanliu,False,6895,4.228605270385742,8.24476432800293,2.11319351196289,2.7815308570861816,11.43907070159912,15.779593467712402,2.7181642055511475,3.792073965072632,0.6439919471740723,0.8900305032730103
iTransformer,full,3,Wanshouxigong,False,6895,4.2342987060546875,8.270463943481445,1.980350136756897,2.603477954864502,11.527613639831545,15.858588218688965,2.7139077186584473,3.7841172218322754,0.7153236269950867,1.0048863887786863
iTransformer,full,4,Aotizhongxin,True,6895,4.278221130371094,8.294767379760742,2.075082778930664,2.727848768234253,11.608424186706545,15.888936042785645,2.708350896835327,3.7815957069396977,0.7210242748260498,1.006377339363098
iTransformer,full,4,Changping,False,6895,4.032594203948975,7.777875900268555,2.1709234714508057,2.8577687740325928,10.50411891937256,14.781661033630373,2.705726623535156,3.765507936477661,0.7496107816696167,1.0667681694030762
iTransformer,full,4,Dingling,False,6895,4.033641815185547,7.769186019897461,2.1864261627197266,2.880528688430786,10.486571311950684,14.756237983703612,2.7111945152282715,3.776252508163452,0.7503725290298462,1.066253662109375
iTransformer,full,4,Dongsi,False,6895,4.28861665725708,8.310895919799805,2.0729193687438965,2.7269442081451416,11.651093482971191,15.922283172607422,2.710988759994507,3.7841076850891113,0.7194669246673584,1.0045710802078247
iTransformer,full,4,Guanyuan,False,6895,4.271936893463135,8.279715538024902,2.072627067565918,2.7236104011535645,11.585566520690918,15.857815742492676,2.70915150642395,3.783490896224976,0.7203980684280396,1.005798578262329
iTransformer,full,4,Gucheng,False,6895,4.2072601318359375,8.087515830993652,2.1768651008605957,2.843843936920166,11.042819023132324,15.406756401062012,2.742897272109986,3.823095560073853,0.8664594888687134,1.2490272521972656
iTransformer,full,4,Huairou,False,6895,4.1805949211120605,8.09862995147705,2.3010687828063965,2.9884912967681885,10.975979804992676,15.434475898742676,2.701319456100464,3.746666669845581,0.7440099120140076,1.0768799781799316
iTransformer,full,4,Nongzhanguan,False,6895,4.280850887298584,8.297367095947266,2.072110891342163,2.723562479019165,11.62006378173828,15.894997596740724,2.7102465629577637,3.781902551651001,0.7209811806678772,1.0067929029464722
iTransformer,full,4,Shunyi,False,6895,4.150263786315918,8.023454666137695,2.045654296875,2.6858792304992676,11.049827575683594,15.31674861907959,2.7398431301116943,3.805216073989868,0.7657275199890137,1.0985549688339231
iTransformer,full,4,Tiantan,False,6895,4.270098686218262,8.27613353729248,2.0835726261138916,2.7396044731140137,11.57805061340332,15.849920272827148,2.697777032852173,3.773503065109253,0.7209946513175964,1.0063830614089966
iTransformer,full,4,Wanliu,False,6895,4.285775661468506,8.257770538330078,2.2454426288604736,2.937000036239624,11.517351150512695,15.775062561035156,2.7271509170532227,3.805704116821289,0.653158962726593,0.8951221704483032
iTransformer,full,4,Wanshouxigong,False,6895,4.272862911224365,8.274524688720703,2.075530767440796,2.726654291152954,11.591246604919434,15.848176956176758,2.7049400806427,3.776547908782959,0.7197408676147461,1.0046665668487549
Crossformer,full_normon,0,Aotizhongxin,True,6895,4.135837078094482,7.94692325592041,2.5530576705932617,3.3194477558135986,11.099677085876465,15.182851791381836,2.2195985317230225,3.183093309402466,0.6710154414176941,0.9718752503395081
Crossformer,full_normon,0,Changping,False,6895,3.945244550704956,7.491024017333984,2.693937063217163,3.4989383220672607,10.17236614227295,14.179464340209961,2.2287330627441406,3.183922290802002,0.6859427690505981,1.012211561203003
Crossformer,full_normon,0,Dingling,False,6895,3.958258628845215,7.4879631996154785,2.7231287956237793,3.5296266078948975,10.19617748260498,14.164579391479492,2.2279791831970215,3.1876626014709473,0.6857483386993408,1.0117337703704834
Crossformer,full_normon,0,Dongsi,False,6895,4.127267360687256,7.9423956871032715,2.5368192195892334,3.3068807125091553,11.079536437988281,15.175850868225098,2.2216053009033203,3.1841671466827393,0.6711045503616333,0.9725064635276794
Crossformer,full_normon,0,Guanyuan,False,6895,4.139841079711914,7.96516227722168,2.5450682640075684,3.309342622756958,11.122793197631836,15.222519874572754,2.2203757762908936,3.1864631175994873,0.6711347103118896,0.9720269441604614
Crossformer,full_normon,0,Gucheng,False,6895,4.135234355926514,7.853675365447998,2.6828739643096924,3.4726686477661133,10.807377815246582,14.927783966064453,2.249185562133789,3.220832586288452,0.8014994263648987,1.2036868333816528
Crossformer,full_normon,0,Huairou,False,6895,4.180734634399414,7.97873592376709,2.7751882076263428,3.5412967205047607,11.039308547973633,15.19736385345459,2.2235257625579834,3.1783199310302734,0.6849110126495361,1.0190848112106323
Crossformer,full_normon,0,Nongzhanguan,False,6895,4.129001140594482,7.937601089477539,2.544480323791504,3.306593418121338,11.084096908569336,15.167065620422363,2.2163612842559814,3.1784753799438477,0.6710606813430786,0.9725801348686218
Crossformer,full_normon,0,Shunyi,False,6895,4.0048136711120605,7.639476299285889,2.490751028060913,3.2361674308776855,10.576888084411621,14.546853065490723,2.2398037910461426,3.1988632678985596,0.7118147015571594,1.0629973411560059
Crossformer,full_normon,0,Tiantan,False,6895,4.154880046844482,7.982923984527588,2.531968116760254,3.286092519760132,11.190081596374512,15.263599395751953,2.2262847423553467,3.192099094390869,0.671186625957489,0.971078634262085
Crossformer,full_normon,0,Wanliu,False,6895,4.176294803619385,7.95706844329834,2.760481834411621,3.5444674491882324,11.092328071594238,15.153682708740234,2.2486159801483154,3.2137832641601562,0.6037517189979553,0.8567594885826111
Crossformer,full_normon,0,Wanshouxigong,False,6895,4.151057720184326,7.9773030281066895,2.557183265686035,3.321864128112793,11.156268119812012,15.245613098144531,2.219400644302368,3.1845128536224365,0.671378493309021,0.972028374671936
Crossformer,full_normon,1,Aotizhongxin,True,6895,4.136469841003418,7.905086517333984,2.5601513385772705,3.2695882320404053,11.076125144958496,15.103281021118164,2.237661361694336,3.1978652477264404,0.6719387173652649,0.9674198031425476
Crossformer,full_normon,1,Changping,False,6895,3.9195408821105957,7.400035381317139,2.697038173675537,3.420133113861084,10.041182518005371,14.001527786254883,2.2493607997894287,3.20566463470459,0.6905807256698608,1.0127735137939453
Crossformer,full_normon,1,Dingling,False,6895,3.91312575340271,7.381062984466553,2.692384958267212,3.41241717338562,10.025300979614258,13.964530944824219,2.2456295490264893,3.200483560562134,0.6891875863075256,1.0121818780899048
Crossformer,full_normon,1,Dongsi,False,6895,4.131536960601807,7.896806716918945,2.5601582527160645,3.2719335556030273,11.058170318603516,15.085805892944336,2.237854242324829,3.197216272354126,0.6699632406234741,0.9638602137565613
Crossformer,full_normon,1,Guanyuan,False,6895,4.1384806632995605,7.912164211273193,2.55959153175354,3.2684166431427,11.087249755859375,15.118969917297363,2.2362773418426514,3.1959009170532227,0.6708014011383057,0.9642810225486755
Crossformer,full_normon,1,Gucheng,False,6895,4.11643648147583,7.802418231964111,2.6831934452056885,3.4009389877319336,10.704834938049316,14.834739685058594,2.2664918899536133,3.2277233600616455,0.811228334903717,1.206992268562317
Crossformer,full_normon,1,Huairou,False,6895,4.107573986053467,7.776670932769775,2.8403472900390625,3.57780385017395,10.678875923156738,14.764859199523926,2.223548650741577,3.1729960441589355,0.6875246167182922,1.0182551145553589
Crossformer,full_normon,1,Nongzhanguan,False,6895,4.136504173278809,7.902700424194336,2.5628433227539062,3.2737960815429688,11.072859764099121,15.097668647766113,2.2396018505096436,3.1972646713256836,0.6707103848457336,0.9648027420043945
Crossformer,full_normon,1,Shunyi,False,6895,3.9835939407348633,7.592360496520996,2.5028433799743652,3.1960771083831787,10.463436126708984,14.455337524414062,2.2546780109405518,3.207615613937378,0.7134156227111816,1.0560550689697266
Crossformer,full_normon,1,Tiantan,False,6895,4.145994663238525,7.9234418869018555,2.569679021835327,3.27825665473938,11.102338790893555,15.13941478729248,2.2398507595062256,3.2003886699676514,0.6721084713935852,0.9656156301498413
Crossformer,full_normon,1,Wanliu,False,6895,4.179235458374023,7.95066499710083,2.7521016597747803,3.4786672592163086,11.108489990234375,15.156002044677734,2.2534945011138916,3.2128331661224365,0.6028559803962708,0.8511691689491272
Crossformer,full_normon,1,Wanshouxigong,False,6895,4.12908411026001,7.884539604187012,2.561678409576416,3.2694637775421143,11.047123908996582,15.060949325561523,2.2371573448181152,3.1958651542663574,0.6703782081604004,0.9637095332145691
Crossformer,full_normon,2,Aotizhongxin,True,6895,4.103140354156494,7.8370513916015625,2.460346221923828,3.19412899017334,11.064101219177246,14.982211112976074,2.2143397331237793,3.1756248474121094,0.6737735271453857,0.9611386060714722
Crossformer,full_normon,2,Changping,False,6895,3.893852710723877,7.335841178894043,2.586519718170166,3.337671995162964,10.065156936645508,13.892219543457031,2.2294349670410156,3.1797423362731934,0.6943032741546631,1.0068140029907227
Crossformer,full_normon,2,Dingling,False,6895,3.901063919067383,7.340026378631592,2.5874404907226562,3.3367719650268555,10.100018501281738,13.902368545532227,2.223256826400757,3.175265073776245,0.6935402750968933,1.0058372020721436
Crossformer,full_normon,2,Dongsi,False,6895,4.09385347366333,7.820087432861328,2.4518611431121826,3.1869359016418457,11.034452438354492,14.947747230529785,2.216036081314087,3.1780102252960205,0.6730639934539795,0.9610360860824585
Crossformer,full_normon,2,Guanyuan,False,6895,4.099515914916992,7.83029317855835,2.4530110359191895,3.185981273651123,11.05729866027832,14.96977710723877,2.213933229446411,3.1756231784820557,0.6738201379776001,0.961593508720398
Crossformer,full_normon,2,Gucheng,False,6895,4.100525856018066,7.755006313323975,2.5669243335723877,3.308912754058838,10.776640892028809,14.760077476501465,2.2490241527557373,3.217003107070923,0.8095154762268066,1.1843067407608032
Crossformer,full_normon,2,Huairou,False,6895,4.108789920806885,7.795511722564697,2.7073333263397217,3.4545116424560547,10.822818756103516,14.835994720458984,2.217963457107544,3.167032480239868,0.6870434880256653,1.0047483444213867
Crossformer,full_normon,2,Nongzhanguan,False,6895,4.0965423583984375,7.821207046508789,2.4558892250061035,3.189465045928955,11.04047966003418,14.94973373413086,2.216684103012085,3.1770756244659424,0.6731163263320923,0.961254358291626
Crossformer,full_normon,2,Shunyi,False,6895,3.966845989227295,7.553106307983398,2.4002461433410645,3.1033408641815186,10.513383865356445,14.396366119384766,2.2443149089813232,3.1969802379608154,0.7094424366950989,1.0444581508636475
Crossformer,full_normon,2,Tiantan,False,6895,4.109574317932129,7.851231098175049,2.4550437927246094,3.1887028217315674,11.089092254638672,15.011128425598145,2.2188313007354736,3.1845524311065674,0.6753270626068115,0.9613211154937744
Crossformer,full_normon,2,Wanliu,False,6895,4.147702693939209,7.876382350921631,2.6594645977020264,3.4012434482574463,11.092927932739258,15.020892143249512,2.2326207160949707,3.198808193206787,0.6057969331741333,0.8494235277175903
Crossformer,full_normon,2,Wanshouxigong,False,6895,4.101587772369385,7.828005313873291,2.4667115211486816,3.1999001502990723,11.052396774291992,14.96218204498291,2.2132701873779297,3.1750097274780273,0.6739743947982788,0.9611006379127502
Crossformer,full_normon,3,Aotizhongxin,True,6895,4.166660785675049,7.853180885314941,2.727018117904663,3.4608051776885986,11.024168014526367,14.95266056060791,2.236842632293701,3.197086811065674,0.6786145567893982,0.9535168409347534
Crossformer,full_normon,3,Changping,False,6895,3.9998278617858887,7.4600138664245605,2.897998571395874,3.6453332901000977,10.147176742553711,14.068958282470703,2.249361753463745,3.2227249145507812,0.7047741413116455,0.9986407160758972
Crossformer,full_normon,3,Dingling,False,6895,4.012828826904297,7.448353290557861,2.934929370880127,3.683743476867676,10.178303718566895,14.037107467651367,2.2361867427825928,3.210580348968506,0.7018921971321106,0.9968332052230835
Crossformer,full_normon,3,Dongsi,False,6895,4.149017333984375,7.838086128234863,2.696584701538086,3.437429428100586,10.988218307495117,14.92682933807373,2.2347545623779297,3.195511817932129,0.676514208316803,0.9512473344802856
Crossformer,full_normon,3,Guanyuan,False,6895,4.157505989074707,7.847506046295166,2.7081239223480225,3.4507715702056885,11.007452964782715,14.942930221557617,2.2356364727020264,3.197758197784424,0.6788102984428406,0.9532743692398071
Crossformer,full_normon,3,Gucheng,False,6895,4.184085845947266,7.790114879608154,2.9074010848999023,3.656264305114746,10.704522132873535,14.737809181213379,2.2967522144317627,3.2817585468292236,0.8276658058166504,1.1842259168624878
Crossformer,full_normon,3,Huairou,False,6895,4.236809730529785,7.900875091552734,3.1957249641418457,3.9380381107330322,10.78876781463623,14.92687702178955,2.2488155364990234,3.2164392471313477,0.7139288187026978,1.0149128437042236
Crossformer,full_normon,3,Nongzhanguan,False,6895,4.161647319793701,7.842953681945801,2.714172124862671,3.4531304836273193,11.016716003417969,14.933294296264648,2.2370998859405518,3.195443630218506,0.6786007881164551,0.953652024269104
Crossformer,full_normon,3,Shunyi,False,6895,4.0079169273376465,7.545618534088135,2.695726156234741,3.418721914291382,10.359305381774902,14.305390357971191,2.2558045387268066,3.2135016918182373,0.7208327054977417,1.0426082611083984
Crossformer,full_normon,3,Tiantan,False,6895,4.189155578613281,7.882122993469238,2.745490312576294,3.4846041202545166,11.082307815551758,15.00437068939209,2.2467617988586426,3.213541269302368,0.6820597648620605,0.9544433355331421
Crossformer,full_normon,3,Wanliu,False,6895,4.208881378173828,7.8587446212768555,2.9770667552948,3.7450270652770996,10.995755195617676,14.896697998046875,2.2514865398406982,3.2240686416625977,0.6112163066864014,0.8414337635040283
Crossformer,full_normon,3,Wanshouxigong,False,6895,4.166622638702393,7.843381404876709,2.7319223880767822,3.469764232635498,11.012516975402832,14.928360939025879,2.2430338859558105,3.204939842224121,0.6790186166763306,0.9527605175971985
Crossformer,full_normon,4,Aotizhongxin,True,6895,4.146594524383545,8.035605430603027,2.4226326942443848,3.1365694999694824,11.239641189575195,15.40145206451416,2.2397146224975586,3.210310935974121,0.6843897104263306,0.9669548273086548
Crossformer,full_normon,4,Changping,False,6895,3.9244134426116943,7.514369010925293,2.512981414794922,3.253802537918091,10.226137161254883,14.27925968170166,2.250072479248047,3.2153027057647705,0.7084577083587646,1.0199400186538696
Crossformer,full_normon,4,Dingling,False,6895,3.923049211502075,7.503988742828369,2.503547430038452,3.246821403503418,10.240145683288574,14.261563301086426,2.240760326385498,3.2041420936584473,0.7077441811561584,1.019200325012207
Crossformer,full_normon,4,Dongsi,False,6895,4.142053127288818,8.030475616455078,2.4158425331115723,3.131221294403076,11.230188369750977,15.39234447479248,2.2381598949432373,3.2079014778137207,0.6840136051177979,0.9668095111846924
Crossformer,full_normon,4,Guanyuan,False,6895,4.1461687088012695,8.035455703735352,2.424638509750366,3.1396284103393555,11.241591453552246,15.40192985534668,2.234006643295288,3.2034783363342285,0.684441328048706,0.9670724868774414
Crossformer,full_normon,4,Gucheng,False,6895,4.137289047241211,7.920536994934082,2.5389699935913086,3.254762887954712,10.920263290405273,15.113415718078613,2.265115261077881,3.2393858432769775,0.8248046636581421,1.1988409757614136
Crossformer,full_normon,4,Huairou,False,6895,4.119052886962891,7.981935024261475,2.6437089443206787,3.3816287517547607,10.903022766113281,15.240033149719238,2.231337547302246,3.1797070503234863,0.6981451511383057,1.0200800895690918
Crossformer,full_normon,4,Nongzhanguan,False,6895,4.148834705352783,8.04335880279541,2.421200752258301,3.137082576751709,11.252481460571289,15.418420791625977,2.237536907196045,3.20599102973938,0.6841197609901428,0.9670352339744568
Crossformer,full_normon,4,Shunyi,False,6895,4.0078043937683105,7.738197326660156,2.3645949363708496,3.0664286613464355,10.66818904876709,14.781075477600098,2.275012731552124,3.243485927581787,0.7234244346618652,1.056165099143982
Crossformer,full_normon,4,Tiantan,False,6895,4.1468024253845215,8.033356666564941,2.4219796657562256,3.137211322784424,11.2423734664917,15.396540641784668,2.237485647201538,3.2105588912963867,0.6853753328323364,0.9674787521362305
Crossformer,full_normon,4,Wanliu,False,6895,4.173755168914795,8.036757469177246,2.6252293586730957,3.371140718460083,11.206256866455078,15.360825538635254,2.25020170211792,3.2105398178100586,0.6133283376693726,0.8548117280006409
Crossformer,full_normon,4,Wanshouxigong,False,6895,4.1462321281433105,8.035929679870605,2.4255518913269043,3.1408112049102783,11.237886428833008,15.402052879333496,2.2368834018707275,3.206474781036377,0.684608519077301,0.9670912623405457
