model,dataset,ablation,seed,missing_rate,n_windows,test_stride,MAE,RMSE,MAE_T,RMSE_T,MAE_RH,RMSE_RH,MAE_P,RMSE_P,MAE_WS,RMSE_WS
Autoformer,jena,full,0,0.0,2782,5,3.83553409576416,6.043105602264404,2.6196887493133545,3.326026678085327,8.107664108276367,10.545475959777832,3.6451046466827393,4.692714691162109,0.969679594039917,1.3361865282058716
Autoformer,jena,full,0,0.05,2782,5,3.838501453399658,6.049742221832275,2.617316722869873,3.3229963779449463,8.122782707214355,10.563801765441896,3.642045259475708,4.687103271484375,0.9718623161315918,1.3387972116470337
Autoformer,jena,full,0,0.1,2782,5,3.841189384460449,6.0505547523498535,2.6199259757995605,3.3270773887634277,8.124460220336914,10.563387870788574,3.648271799087525,4.689262390136719,0.972099542617798,1.3390672206878662
Autoformer,jena,full,0,0.2,2782,5,3.855289459228515,6.0682878494262695,2.6260998249053955,3.3361527919769287,8.147072792053223,10.584416389465332,3.673528909683227,4.726029872894287,0.9744545817375184,1.3421382904052734
Autoformer,jena,full,1,0.0,2782,5,4.12506628036499,6.447346210479736,3.0477304458618164,3.7880263328552246,8.650209426879883,11.158509254455566,3.836750030517578,5.0678534507751465,0.965576946735382,1.3147094249725342
Autoformer,jena,full,1,0.05,2782,5,4.12981653213501,6.455519676208496,3.047960042953491,3.795494794845581,8.654709815979004,11.166876792907717,3.8493764400482178,5.084933757781982,0.967219889163971,1.3166128396987915
Autoformer,jena,full,1,0.1,2782,5,4.143210411071777,6.477120399475098,3.053560972213745,3.800657987594605,8.677884101867676,11.197477340698242,3.873136043548584,5.122963905334473,0.9682613015174866,1.3187390565872192
Autoformer,jena,full,1,0.2,2782,5,4.150390625,6.491868019104004,3.045238256454468,3.79744291305542,8.696706771850586,11.214310646057127,3.8878774642944336,5.161808013916016,0.9717428088188172,1.3235598802566528
Autoformer,jena,full,2,0.0,2782,5,3.956766366958618,6.186116695404053,3.104809045791626,3.909432172775269,8.252239227294922,10.687098503112791,3.52032208442688,4.670466423034668,0.9496938586235046,1.3270996809005735
Autoformer,jena,full,2,0.05,2782,5,3.9600954055786137,6.190328598022461,3.105393886566162,3.9093704223632817,8.260274887084961,10.691954612731934,3.524284601211548,4.681429862976074,0.950428545475006,1.3280963897705078
Autoformer,jena,full,2,0.1,2782,5,3.9631311893463135,6.195494174957275,3.103644847869873,3.906502723693848,8.27088737487793,10.703370094299316,3.527322292327881,4.685197830200195,0.9506679773330688,1.327627420425415
Autoformer,jena,full,2,0.2,2782,5,3.967571496963501,6.20669412612915,3.099701166152954,3.903017282485962,8.288784980773926,10.729406356811523,3.5292093753814697,4.687401294708252,0.9525879621505736,1.3292022943496704
Crossformer,jena,full,0,0.0,2782,5,3.0833890438079834,5.154646873474121,2.3585903644561768,2.9482054710388184,7.000883102416992,9.297616004943848,2.141787052154541,3.109840631484986,0.8322948813438416,1.2136073112487793
Crossformer,jena,full,0,0.05,2782,5,3.0893428325653076,5.161649703979492,2.3637335300445557,2.954014301300049,7.008429050445557,9.307271003723145,2.15193772315979,3.121201276779175,0.8332710266113281,1.215366005897522
Crossformer,jena,full,0,0.1,2782,5,3.0997703075408936,5.174419403076172,2.371134996414185,2.9624311923980713,7.0334038734436035,9.329243659973145,2.1601834297180176,3.131821632385254,0.8343584537506104,1.2162853479385376
Crossformer,jena,full,0,0.2,2782,5,3.1237354278564453,5.210683345794678,2.3828086853027344,2.978513479232788,7.092563152313232,9.395047187805176,2.183187961578369,3.1593358516693115,0.8363825678825378,1.2186206579208374
Crossformer,jena,full,1,0.0,2782,5,3.1055712699890137,5.198526382446289,2.5487585067749023,3.2871925830841064,6.905019760131836,9.27993869781494,2.1370983123779297,3.1131019592285156,0.8314071893692017,1.2183570861816406
Crossformer,jena,full,1,0.05,2782,5,3.111207962036133,5.204948425292969,2.5519332885742188,3.2907497882843018,6.920763969421387,9.292098999023438,2.1402230262756348,3.1160314083099365,0.8319132328033447,1.218262791633606
Crossformer,jena,full,1,0.1,2782,5,3.120271921157837,5.217864036560059,2.5548226833343506,3.294286012649536,6.940258026123047,9.31511402130127,2.15282678604126,3.129349946975708,0.8331815004348755,1.2197999954223633
Crossformer,jena,full,1,0.2,2782,5,3.143862009048462,5.249186992645264,2.573439121246338,3.3134853839874268,6.994246006011963,9.368674278259276,2.173401117324829,3.1583244800567627,0.8343613147735596,1.2204958200454712
Crossformer,jena,full,2,0.0,2782,5,3.1356711387634277,5.180815696716309,2.605387926101685,3.197275876998902,6.858780860900879,9.244197845458984,2.2484023571014404,3.1965408325195312,0.8301112055778503,1.2115068435668943
Crossformer,jena,full,2,0.05,2782,5,3.138042688369751,5.183051109313965,2.6053109169006348,3.1989309787750244,6.864225387573242,9.247453689575195,2.2518327236175537,3.1998324394226074,0.8308025598526001,1.2118570804595947
Crossformer,jena,full,2,0.1,2782,5,3.1449341773986816,5.192493915557861,2.609139919281006,3.203808307647705,6.878620624542236,9.263437271118164,2.2603628635406494,3.2096078395843506,0.8316158652305603,1.2127392292022705
Crossformer,jena,full,2,0.2,2782,5,3.167090654373169,5.226219654083252,2.618229389190674,3.217060089111328,6.936064720153809,9.325164794921877,2.2805004119873047,3.2355775833129883,0.8335689306259155,1.2150577306747437
DLinear,jena,full,0,0.0,2782,5,3.421058416366577,5.756481170654297,2.121896982192993,2.8011398315429688,7.711975574493408,10.329111099243164,2.9207229614257812,4.039531707763672,0.9296388626098632,1.301371932029724
DLinear,jena,full,0,0.05,2782,5,3.428838014602661,5.76669454574585,2.1288352012634277,2.8077433109283447,7.730998992919922,10.34813404083252,2.925098657608032,4.044079303741455,0.9304174184799194,1.3027552366256714
DLinear,jena,full,0,0.1,2782,5,3.4399561882019043,5.779436111450195,2.1387827396392822,2.819683074951172,7.759043216705322,10.371335983276367,2.9297056198120117,4.0485711097717285,0.9322922229766846,1.3043580055236816
DLinear,jena,full,0,0.2,2782,5,3.4665167331695557,5.818175792694092,2.1611387729644775,2.841614246368408,7.827847003936768,10.445877075195312,2.942305564880371,4.063272476196289,0.9347745180130004,1.3051353693008425
DLinear,jena,full,1,0.0,2782,5,3.423389434814453,5.764315605163574,2.1110904216766357,2.782576322555542,7.720701217651367,10.349332809448242,2.93155288696289,4.044259071350098,0.9302167296409608,1.3045742511749268
DLinear,jena,full,1,0.05,2782,5,3.4319934844970703,5.7744574546813965,2.1171674728393555,2.7900004386901855,7.743134021759033,10.368535041809082,2.9357221126556396,4.047605037689209,0.931951344013214,1.3052603006362915
DLinear,jena,full,1,0.1,2782,5,3.4420599937438965,5.7887067794799805,2.122088670730591,2.793480157852173,7.770851612091064,10.396719932556152,2.9420995712280273,4.053721904754639,0.9332006573677064,1.3070989847183228
DLinear,jena,full,1,0.2,2782,5,3.4694955348968506,5.826861381530762,2.145678997039795,2.819253206253052,7.839222431182861,10.468034744262695,2.9556853771209717,4.069443702697754,0.937394678592682,1.3118590116500854
DLinear,jena,full,2,0.0,2782,5,3.4326858520507812,5.769264221191406,2.1217198371887207,2.790621280670166,7.716082572937012,10.341304779052734,2.96530818939209,4.088813781738281,0.9276316165924072,1.2996504306793213
DLinear,jena,full,2,0.05,2782,5,3.4388225078582764,5.77712869644165,2.1266801357269287,2.7960309982299805,7.732061386108398,10.356306076049805,2.968625783920288,4.091564178466797,0.9279231429100036,1.2996591329574585
DLinear,jena,full,2,0.1,2782,5,3.449965715408325,5.792993545532227,2.1339118480682373,2.803016185760498,7.762514591217041,10.387322425842283,2.9742252826690674,4.097325801849365,0.9292118549346924,1.3014016151428225
DLinear,jena,full,2,0.2,2782,5,3.472492933273315,5.827017784118652,2.1496002674102783,2.8199105262756348,7.821311950683594,10.453311920166016,2.984922409057617,4.1091694831848145,0.9341385364532472,1.3067643642425537
Informer,jena,full,0,0.0,2782,5,3.4088919162750244,5.631262302398682,2.733806848526001,3.434682846069336,7.447398662567139,10.031166076660156,2.6039249897003174,3.5981969833374023,0.850438117980957,1.2149524688720703
Informer,jena,full,0,0.05,2782,5,3.4054250717163086,5.623307228088379,2.7281882762908936,3.426305055618286,7.425662994384766,10.011068344116213,2.61751937866211,3.6120822429656982,0.8503317832946777,1.2157810926437378
Informer,jena,full,0,0.1,2782,5,3.3979744911193848,5.612119674682617,2.72415542602539,3.422279119491577,7.412240982055664,9.990029335021973,2.605106830596924,3.604624748229981,0.8503944873809814,1.2155543565750122
Informer,jena,full,0,0.2,2782,5,3.4193804264068604,5.640315532684326,2.7319509983062744,3.4325783252716064,7.457645416259766,10.037301063537598,2.635764837265014,3.6384928226470943,0.8521601557731628,1.2181978225708008
Informer,jena,full,1,0.0,2782,5,3.430264472961426,5.552175521850586,2.9725284576416016,3.739592313766479,7.176700115203857,9.681597709655762,2.7273805141448975,3.752354860305786,0.8444491028785706,1.2282347679138184
Informer,jena,full,1,0.05,2782,5,3.4319651126861572,5.556431770324707,2.965903043746948,3.7290031909942623,7.190685749053955,9.696517944335938,2.7254419326782227,3.7489166259765625,0.8458288311958313,1.2302148342132568
Informer,jena,full,1,0.1,2782,5,3.4282522201538086,5.552910804748535,2.9690518379211426,3.7342369556427,7.183617115020752,9.690296173095703,2.7146291732788086,3.739541530609131,0.8457104563713074,1.2283108234405518
Informer,jena,full,1,0.2,2782,5,3.444955587387085,5.5749831199646,2.9719886779785156,3.736008882522583,7.222445011138916,9.72658634185791,2.739018678665161,3.7741503715515137,0.8463703989982605,1.23016619682312
Informer,jena,full,2,0.0,2782,5,3.465299367904663,5.668667793273926,2.8988442420959473,3.5668179988861084,7.592097759246826,10.104248046875,2.489990234375,3.495100736618042,0.8802659511566162,1.225317358970642
Informer,jena,full,2,0.05,2782,5,3.465027332305908,5.667605876922607,2.9060168266296387,3.57486629486084,7.583255767822266,10.09724235534668,2.4923348426818848,3.501134157180786,0.8784992098808289,1.222752809524536
Informer,jena,full,2,0.1,2782,5,3.470106840133667,5.669696807861328,2.8990697860717773,3.5683603286743164,7.600337505340576,10.100688934326172,2.5031251907348633,3.5116589069366455,0.8778951168060303,1.2218856811523438
Informer,jena,full,2,0.2,2782,5,3.47973895072937,5.686833381652832,2.914832592010498,3.586376667022705,7.614161491394043,10.132071495056152,2.510615587234497,3.512808322906494,0.879344642162323,1.224539875984192
LSTM,jena,full,0,0.0,2782,5,3.383465528488159,5.577944278717041,2.498152494430542,3.179598331451416,7.623429298400879,10.000377655029297,2.531200408935547,3.5668675899505615,0.8810797333717346,1.2703943252563477
LSTM,jena,full,0,0.05,2782,5,3.3852689266204834,5.579979419708252,2.4979050159454346,3.179006338119507,7.629148960113525,10.004749298095703,2.5325260162353516,3.567659378051758,0.8814968466758728,1.2709835767745972
LSTM,jena,full,0,0.1,2782,5,3.387667179107666,5.584254741668701,2.498000383377075,3.1786296367645264,7.63870096206665,10.014126777648926,2.532050371170044,3.5682151317596436,0.8819161653518677,1.2716130018234253
LSTM,jena,full,0,0.2,2782,5,3.394219875335694,5.593091011047363,2.4970180988311768,3.1766357421875,7.658653736114502,10.03158187866211,2.5383362770080566,3.5758585929870605,0.8828713297843933,1.2728962898254397
LSTM,jena,full,1,0.0,2782,5,3.344972610473633,5.55753231048584,2.5669634342193604,3.2722043991088867,7.553015232086182,9.978781700134276,2.379814386367798,3.415269374847412,0.8800959587097168,1.2638053894042969
LSTM,jena,full,1,0.05,2782,5,3.346294641494751,5.557867050170898,2.566901922225952,3.2720320224761963,7.556631565093994,9.978841781616213,2.3810253143310547,3.4172909259796143,0.8806195855140686,1.2642027139663696
LSTM,jena,full,1,0.1,2782,5,3.3484675884246826,5.560500144958496,2.564840316772461,3.269246816635132,7.562369823455811,9.98338508605957,2.385840654373169,3.4237847328186035,0.8808184862136841,1.2642693519592283
LSTM,jena,full,1,0.2,2782,5,3.356332540512085,5.570084095001221,2.5637035369873047,3.2684104442596436,7.582418918609619,10.000253677368164,2.397099494934082,3.437368392944336,0.8821088671684265,1.2650196552276611
LSTM,jena,full,2,0.0,2782,5,3.3357560634613037,5.572638988494873,2.301454782485962,2.9633049964904785,7.670677661895752,10.06702709197998,2.480809211730957,3.53299617767334,0.8900831341743469,1.2684451341629028
LSTM,jena,full,2,0.05,2782,5,3.3371832370758057,5.573453426361084,2.3005857467651367,2.962483167648315,7.674869537353516,10.068316459655762,2.4829397201538086,3.535141706466675,0.8903355002403259,1.2684696912765503
LSTM,jena,full,2,0.1,2782,5,3.339329957962036,5.5748066902160645,2.300506114959717,2.961009740829468,7.6806440353393555,10.07093906402588,2.4859116077423096,3.537562370300293,0.890257716178894,1.2681293487548828
LSTM,jena,full,2,0.2,2782,5,3.346039056777954,5.5838093757629395,2.303398370742798,2.9639620780944824,7.698686599731445,10.087395668029783,2.490480661392212,3.544391632080078,0.8915895223617554,1.269783616065979
PatchTST,jena,full,0,0.0,2782,5,3.3513779640197754,5.679869174957275,2.3633601665496826,3.075474500656128,7.770351886749268,10.316376686096191,2.3636629581451416,3.3922650814056396,0.9081369638442992,1.2845284938812256
Autoformer,jena,full,3,0.0,2782,5,3.96291446685791,6.224761486053467,2.817784309387207,3.522562026977539,8.323863983154297,10.76661205291748,3.737215757369995,4.986008167266846,0.9727962017059326,1.3423638343811035
Autoformer,jena,full,3,0.05,2782,5,3.9668400287628174,6.230247974395752,2.82077956199646,3.525700330734253,8.333329200744629,10.775781631469728,3.7397189140319824,4.9912285804748535,0.9735309481620787,1.34296977519989
Autoformer,jena,full,3,0.1,2782,5,3.971136093139648,6.236201286315918,2.8184099197387695,3.520509958267212,8.345586776733398,10.786200523376465,3.7463490962982178,5.0016584396362305,0.9741991758346558,1.344665765762329
Autoformer,jena,full,3,0.2,2782,5,3.983241319656372,6.251193046569824,2.829061985015869,3.5336477756500244,8.374293327331543,10.810669898986816,3.75533127784729,5.014340877532959,0.9742796421051024,1.3449145555496216
Autoformer,jena,full,4,0.0,2782,5,4.058823585510254,6.435664176940918,2.928871154785156,3.6681182384490967,8.668540000915527,11.245162010192873,3.676435232162475,4.897627353668213,0.9614478349685668,1.3325244188308716
Autoformer,jena,full,4,0.05,2782,5,4.061219215393066,6.443657398223877,2.924945116043091,3.6643245220184326,8.68212890625,11.261910438537598,3.6762869358062744,4.903833389282227,0.9615170359611512,1.3331924676895142
Autoformer,jena,full,4,0.1,2782,5,4.064358711242676,6.442888259887695,2.921593427658081,3.6622989177703857,8.681865692138672,11.255556106567385,3.690739631652832,4.915304183959961,0.9632359147071838,1.3352904319763184
Autoformer,jena,full,4,0.2,2782,5,4.074758529663086,6.465041637420654,2.908853054046631,3.644406080245972,8.724186897277832,11.303707122802734,3.7004432678222656,4.933205604553223,0.9655497074127196,1.3397985696792605
Crossformer,jena,full,3,0.0,2782,5,3.1031103134155273,5.141911506652832,2.5198254585266113,3.1299898624420166,6.961837291717529,9.2300386428833,2.083796501159668,3.0546798706054688,0.8469848036766052,1.1981278657913208
Crossformer,jena,full,3,0.05,2782,5,3.111613512039185,5.152909278869629,2.526808023452759,3.137045621871948,6.9800310134887695,9.24953842163086,2.091460943222046,3.062080144882202,0.8481545448303223,1.199388027191162
Crossformer,jena,full,3,0.1,2782,5,3.119163751602173,5.159722805023193,2.5291635990142822,3.1404590606689453,6.994670391082764,9.259072303771973,2.1036767959594727,3.075279712677002,0.8491452932357788,1.200301170349121
Crossformer,jena,full,3,0.2,2782,5,3.1421334743499756,5.1864237785339355,2.5397210121154785,3.1522977352142334,7.047054290771484,9.304545402526855,2.130213737487793,3.104353904724121,0.8515434265136719,1.2030737400054932
Crossformer,jena,full,4,0.0,2782,5,3.123711585998535,5.175003528594971,2.623115301132202,3.240736246109009,6.9411540031433105,9.254109382629396,2.099495649337769,3.085134744644165,0.8310794234275818,1.209826946258545
Crossformer,jena,full,4,0.05,2782,5,3.1329269409179688,5.188655853271484,2.6247243881225586,3.24337100982666,6.965256214141846,9.280898094177246,2.109783411026001,3.0933213233947754,0.8319419026374817,1.210556149482727
Crossformer,jena,full,4,0.1,2782,5,3.1413776874542236,5.200383186340332,2.629434823989868,3.24784779548645,6.988315105438232,9.303962707519531,2.1145195960998535,3.09786319732666,0.8332411050796509,1.211188554763794
Crossformer,jena,full,4,0.2,2782,5,3.1637961864471436,5.229852676391602,2.6415956020355225,3.2597827911376953,7.039780616760254,9.357645988464355,2.1386373043060303,3.121152639389038,0.8351706266403198,1.213305115699768
DLinear,jena,full,3,0.0,2782,5,3.4366679191589355,5.773428440093994,2.1208465099334717,2.79122543334961,7.738409519195557,10.356378555297852,2.960538148880005,4.074024677276611,0.9268777966499328,1.2987236976623535
DLinear,jena,full,3,0.05,2782,5,3.4434564113616943,5.783645153045654,2.125882625579834,2.7973785400390625,7.754415512084961,10.375703811645508,2.964313268661499,4.077769756317139,0.929214894771576,1.3013187646865845
DLinear,jena,full,3,0.1,2782,5,3.4509119987487793,5.791335582733154,2.129884958267212,2.800957441329956,7.773287296295166,10.389683723449709,2.968878984451294,4.082775592803955,0.93159818649292,1.303189992904663
DLinear,jena,full,3,0.2,2782,5,3.470811367034912,5.813291072845459,2.1444501876831055,2.8133339881896973,7.823546409606934,10.430171012878418,2.980515956878662,4.094897747039795,0.9347326755523682,1.3061012029647827
DLinear,jena,full,4,0.0,2782,5,3.4188501834869385,5.751934051513672,2.1199958324432373,2.8000333309173584,7.702386856079102,10.321853637695312,2.923762798309326,4.032851219177246,0.9292575716972352,1.3016374111175537
DLinear,jena,full,4,0.05,2782,5,3.4291553497314453,5.764793395996094,2.1253297328948975,2.804884910583496,7.732234954833984,10.3473539352417,2.929096221923828,4.0377020835876465,0.9299585819244384,1.301233410835266
DLinear,jena,full,4,0.1,2782,5,3.4369418621063232,5.774526119232178,2.1304428577423096,2.809473752975464,7.750319004058838,10.365730285644531,2.933968305587769,4.042210578918457,0.9330369234085084,1.3036987781524658
DLinear,jena,full,4,0.2,2782,5,3.4583027362823486,5.800970554351807,2.1481268405914307,2.8250653743743896,7.801811218261719,10.414779663085938,2.9467549324035645,4.055333137512207,0.9365190863609314,1.307936191558838
Informer,jena,full,3,0.0,2782,5,3.5662240982055664,5.781706809997559,3.291792631149292,3.991908311843872,7.521903991699219,10.164523124694824,2.5964999198913574,3.602060556411743,0.8547002077102661,1.2185331583023071
Informer,jena,full,3,0.05,2782,5,3.5697755813598633,5.786523818969727,3.3002593517303467,4.0015177726745605,7.533306121826172,10.17202377319336,2.590283155441284,3.600860118865967,0.8552517890930176,1.2194379568099976
Informer,jena,full,3,0.1,2782,5,3.577826738357544,5.800441265106201,3.2972331047058105,4.0010905265808105,7.558219432830811,10.201692581176758,2.600356340408325,3.606587409973145,0.8554961681365967,1.2205480337142944
Informer,jena,full,3,0.2,2782,5,3.5824038982391357,5.803393363952637,3.2947745323181152,3.999112844467163,7.567603588104248,10.203362464904783,2.6106345653533936,3.622532844543457,0.8566039204597473,1.2220004796981812
Informer,jena,full,4,0.0,2782,5,3.412683486938477,5.557662487030029,2.823208808898926,3.5042564868927,7.381959915161133,9.841089248657228,2.599970817565918,3.597806215286255,0.8455951809883118,1.2163022756576538
Informer,jena,full,4,0.05,2782,5,3.420086145401001,5.56305456161499,2.82745361328125,3.5096144676208496,7.401265144348144,9.849245071411133,2.6052629947662354,3.6031103134155273,0.8463643789291382,1.217738151550293
Informer,jena,full,4,0.1,2782,5,3.4223885536193848,5.573241233825684,2.8235466480255127,3.5062096118927,7.4037885665893555,9.869531631469728,2.6160035133361816,3.6140623092651367,0.8462163805961609,1.2171621322631836
Informer,jena,full,4,0.2,2782,5,3.4303669929504395,5.576830863952637,2.832275629043579,3.515772819519043,7.40928316116333,9.868892669677734,2.6321661472320557,3.6281564235687256,0.8477429747581482,1.2185860872268677
LSTM,jena,full,3,0.0,2782,5,3.376150369644165,5.568910598754883,2.460145950317383,3.129929780960083,7.627804756164551,9.994288444519045,2.5292093753814697,3.573380470275879,0.8874413371086121,1.2648191452026367
LSTM,jena,full,3,0.05,2782,5,3.377775192260742,5.570562362670898,2.460296392440796,3.1298983097076416,7.632661819458008,9.99776554107666,2.5305161476135254,3.5739071369171143,0.8876261711120605,1.2650243043899536
LSTM,jena,full,3,0.1,2782,5,3.3797104358673096,5.573234558105469,2.4608213901519775,3.1307711601257324,7.638713359832764,10.002947807312012,2.531647205352783,3.5753207206726074,0.8876593708992004,1.2649712562561035
LSTM,jena,full,3,0.2,2782,5,3.3880765438079834,5.582840442657471,2.4585442543029785,3.1279313564300537,7.662728309631348,10.021259307861328,2.542090892791748,3.5858750343322754,0.8889418840408325,1.266615867614746
LSTM,jena,full,4,0.0,2782,5,3.344326972961426,5.535584926605225,2.483104944229126,3.1645700931549072,7.57427167892456,9.941838264465332,2.4339253902435303,3.481034994125366,0.8860058784484863,1.2643312215805054
LSTM,jena,full,4,0.05,2782,5,3.345935344696045,5.53684139251709,2.483525037765503,3.1643266677856445,7.578956127166748,9.944131851196287,2.435312986373902,3.4828567504882812,0.8859465718269348,1.263908863067627
LSTM,jena,full,4,0.1,2782,5,3.3482203483581543,5.539480686187744,2.481480598449707,3.1618707180023193,7.585816860198975,9.949856758117676,2.4387965202331543,3.48526668548584,0.8867858052253723,1.2646005153656006
LSTM,jena,full,4,0.2,2782,5,3.35404896736145,5.545806884765625,2.4806597232818604,3.1584346294403076,7.600427627563477,9.961176872253418,2.447202205657959,3.496083974838257,0.8879047632217407,1.2651311159133911
PatchTST,jena,full,0,0.05,2782,5,3.361302375793457,5.6905598640441895,2.371668577194214,3.084242343902588,7.788758754730225,10.332552909851074,2.3754193782806396,3.4057602882385254,0.9093636274337769,1.287051796913147
PatchTST,jena,full,0,0.1,2782,5,3.372227668762207,5.700893402099609,2.3812246322631836,3.0969936847686768,7.811741828918457,10.34736442565918,2.3848705291748047,3.4172754287719727,0.9110729694366456,1.2898328304290771
PatchTST,jena,full,0,0.2,2782,5,3.4029979705810547,5.741912841796875,2.3987884521484375,3.116725444793701,7.8839430809021,10.418771743774414,2.4158778190612793,3.455371618270874,0.913382887840271,1.2937875986099243
PatchTST,jena,full,1,0.0,2782,5,3.3641927242279053,5.622316837310791,2.3450794219970703,3.027764081954956,7.805571556091309,10.203136444091797,2.3933472633361816,3.39435076713562,0.9127739667892456,1.2840694189071655
PatchTST,jena,full,1,0.05,2782,5,3.373748302459717,5.633990287780762,2.3524575233459473,3.0370662212371826,7.829346179962158,10.22404956817627,2.399610757827759,3.400217056274414,0.9135777354240416,1.284888505935669
PatchTST,jena,full,1,0.1,2782,5,3.3824350833892822,5.645664215087891,2.356431245803833,3.039980411529541,7.846581935882568,10.24304485321045,2.4126908779144287,3.4175238609313965,0.914035975933075,1.2857558727264404
PatchTST,jena,full,1,0.2,2782,5,3.4126410484313965,5.685671806335449,2.383716583251953,3.0682265758514404,7.910679340362549,10.308295249938965,2.44055700302124,3.4604010581970215,0.9156101942062378,1.2876869440078735
PatchTST,jena,full,2,0.0,2782,5,3.3425838947296143,5.641208171844482,2.3586859703063965,3.0552263259887695,7.768750190734863,10.237588882446287,2.331590175628662,3.389596700668335,0.9113078117370604,1.288763165473938
PatchTST,jena,full,2,0.05,2782,5,3.3503992557525635,5.651381969451904,2.361290216445923,3.058596134185791,7.787957668304443,10.256805419921877,2.339948892593384,3.395915985107422,0.9123986959457396,1.2896347045898438
PatchTST,jena,full,2,0.1,2782,5,3.3647074699401855,5.6727681159973145,2.369457006454468,3.0692639350891113,7.821812629699707,10.294960975646973,2.353538274765014,3.4123666286468506,0.9140227437019348,1.2924166917800903
PatchTST,jena,full,2,0.2,2782,5,3.3928327560424805,5.716119766235352,2.384146213531494,3.0869128704071045,7.88603925704956,10.373176574707031,2.3817310333251953,3.446464776992798,0.9194129705429076,1.298521876335144
PatchTST,jena,full,3,0.0,2782,5,3.3762640953063965,5.675252437591553,2.4149527549743652,3.1234796047210693,7.812215328216553,10.290960311889648,2.3813042640686035,3.3959476947784424,0.8965842723846436,1.281214475631714
PatchTST,jena,full,3,0.05,2782,5,3.38527250289917,5.689838409423828,2.419334888458252,3.128422737121582,7.833436965942383,10.31783676147461,2.38965106010437,3.406576156616211,0.8986655473709106,1.2835434675216677
PatchTST,jena,full,3,0.1,2782,5,3.3980374336242676,5.702399253845215,2.427816152572632,3.13537073135376,7.856127738952637,10.335872650146484,2.4079437255859375,3.429006338119507,0.9002606868743896,1.2847298383712769
PatchTST,jena,full,3,0.2,2782,5,3.4296040534973145,5.742166519165039,2.4451100826263428,3.1520931720733643,7.9225993156433105,10.40359115600586,2.445640563964844,3.4717729091644287,0.9050657153129578,1.2908560037612915
PatchTST,jena,full,4,0.0,2782,5,3.3256494998931885,5.60879373550415,2.3119988441467285,2.9955644607543945,7.67343807220459,10.187310218811035,2.4051742553710938,3.381394624710083,0.9119877219200134,1.2828694581985474
PatchTST,jena,full,4,0.05,2782,5,3.337027788162231,5.623815536499023,2.3157958984375,2.999399900436402,7.70055627822876,10.214778900146484,2.418996572494507,3.3944780826568604,0.9127626419067384,1.2839930057525637
PatchTST,jena,full,4,0.1,2782,5,3.3459832668304443,5.636467933654785,2.3217098712921143,3.0052151679992676,7.720088005065918,10.237071990966797,2.427813768386841,3.4056966304779053,0.914320945739746,1.285040259361267
PatchTST,jena,full,4,0.2,2782,5,3.3743228912353516,5.675318241119385,2.3384552001953125,3.0223941802978516,7.788003444671631,10.306622505187988,2.4538097381591797,3.436924457550049,0.9170214533805848,1.2896394729614258
TFT,jena,full,0,0.0,2782,5,3.327855110168457,5.480832576751709,2.626248598098755,3.3217079639434814,7.414385318756104,9.799423217773438,2.392876148223877,3.398658990859986,0.8779104351997375,1.2428827285766602
TFT,jena,full,0,0.05,2782,5,3.3321802616119385,5.48639440536499,2.6270363330841064,3.3219869136810303,7.426030158996582,9.809974670410156,2.3972747325897217,3.4034430980682373,0.8783795237541199,1.243976593017578
TFT,jena,full,0,0.1,2782,5,3.3375093936920166,5.494882106781006,2.6279215812683105,3.3231444358825684,7.442265033721924,9.82635498046875,2.4011311531066895,3.4095404148101807,0.8787204027175903,1.2447550296783447
TFT,jena,full,0,0.2,2782,5,3.350987434387207,5.511133670806885,2.6307969093322754,3.324737071990967,7.473564147949219,9.85452365875244,2.420140027999878,3.430771827697754,0.8794496655464172,1.2468595504760742
TFT,jena,full,1,0.0,2782,5,3.4216175079345703,5.581630229949951,2.5690438747406006,3.2870161533355713,7.591055393218994,9.928352355957031,2.648239850997925,3.6937742233276367,0.8781318068504333,1.2640199661254885
TFT,jena,full,1,0.05,2782,5,3.4233832359313965,5.5826263427734375,2.568781614303589,3.2850537300109863,7.594034194946289,9.927849769592283,2.652486801147461,3.70294976234436,0.8782293200492859,1.2638249397277832
TFT,jena,full,1,0.1,2782,5,3.4309656620025635,5.593356609344482,2.5708303451538086,3.288290023803711,7.608984470367432,9.94468116760254,2.6664109230041504,3.719741106033325,0.877635657787323,1.2635518312454224
TFT,jena,full,1,0.2,2782,5,3.45101261138916,5.623243808746338,2.5763964653015137,3.2946155071258545,7.657619476318359,9.99595069885254,2.6912026405334473,3.755918741226196,0.8788317441940308,1.2661144733428955
TFT,jena,full,2,0.0,2782,5,3.435297966003418,5.571394443511963,2.6267831325531006,3.3157689571380615,7.536027431488037,9.879867553710938,2.708031177520752,3.743061065673828,0.87035071849823,1.243040919303894
TFT,jena,full,2,0.05,2782,5,3.4381024837493896,5.57487154006958,2.6241254806518555,3.313312292098999,7.54468297958374,9.886079788208008,2.7130088806152344,3.749669790267944,0.8705928921699524,1.2426389455795288
TFT,jena,full,2,0.1,2782,5,3.4437551498413086,5.579671859741211,2.6221532821655273,3.3110451698303223,7.555721282958984,9.890771865844728,2.726337194442749,3.767744541168213,0.870809018611908,1.242846131324768
TFT,jena,full,2,0.2,2782,5,3.461181879043579,5.602048397064209,2.6246917247772217,3.3167147636413574,7.593555927276611,9.92684268951416,2.753578186035156,3.799493789672851,0.8729005455970764,1.2461167573928833
TFT,jena,full,3,0.0,2782,5,3.305576801300049,5.52817964553833,2.281240463256836,2.93652606010437,7.669412136077881,10.025212287902832,2.3988423347473145,3.3961784839630127,0.8728115558624268,1.2573647499084473
TFT,jena,full,3,0.05,2782,5,3.3119378089904785,5.53830623626709,2.284916400909424,2.939810037612915,7.685706615447998,10.044180870056152,2.404440402984619,3.403048276901245,0.872687041759491,1.25800621509552
TFT,jena,full,3,0.1,2782,5,3.320420265197754,5.549946308135986,2.2912027835845947,2.948746681213379,7.700925827026367,10.06179428100586,2.4167559146881104,3.4188413619995117,0.872796356678009,1.2587076425552368
TFT,jena,full,3,0.2,2782,5,3.342153310775757,5.580994129180908,2.2981295585632324,2.956125497817993,7.754044532775879,10.119142532348633,2.4422645568847656,3.443908452987671,0.8741764426231384,1.2624452114105225
TFT,jena,full,4,0.0,2782,5,3.44734263420105,5.614268779754639,2.408172369003296,3.082911252975464,7.577818870544434,9.961606979370115,2.9226062297821045,3.9724841117858887,0.8807739615440369,1.2495793104171753
TFT,jena,full,4,0.05,2782,5,3.4534659385681152,5.622751712799072,2.4089877605438232,3.083376407623291,7.596665382385254,9.978529930114746,2.9268271923065186,3.977410554885864,0.8813831210136414,1.2503128051757812
TFT,jena,full,4,0.1,2782,5,3.4599242210388184,5.631654262542725,2.4090616703033447,3.082568407058716,7.615380764007568,9.996335983276367,2.9324347972869873,3.98341703414917,0.8828192949295044,1.2512236833572388
TFT,jena,full,4,0.2,2782,5,3.471367597579956,5.647780418395996,2.4139788150787354,3.0864486694335938,7.648586273193359,10.02861785888672,2.937541246414185,3.989966869354248,0.8853642344474792,1.2532029151916504
TimesNet,jena,full,0,0.0,2782,5,3.2943925857543945,5.439698696136475,2.3863322734832764,3.0285518169403076,7.43040657043457,9.764768600463867,2.484217882156372,3.5056910514831543,0.8766125440597534,1.2444298267364502
TimesNet,jena,full,0,0.05,2782,5,3.296515464782715,5.441200256347656,2.388343334197998,3.0312297344207764,7.435976505279541,9.768026351928713,2.4842429161071777,3.5032291412353516,0.877500593662262,1.245530605316162
TimesNet,jena,full,0,0.1,2782,5,3.3004276752471924,5.446382999420166,2.389267921447754,3.032489061355591,7.445395469665527,9.776744842529297,2.489044189453125,3.509687900543213,0.8780022859573364,1.246478796005249
TimesNet,jena,full,0,0.2,2782,5,3.3118064403533936,5.4590535163879395,2.395427703857422,3.0385520458221436,7.471329212188721,9.79866886138916,2.5008552074432373,3.521231889724731,0.8796107172966003,1.2487096786499023
TimesNet,jena,full,1,0.0,2782,5,3.321784734725952,5.480993270874023,2.3907153606414795,3.05452036857605,7.490447998046875,9.830573081970217,2.5299861431121826,3.5545825958251953,0.8759891390800476,1.2489322423934937
TimesNet,jena,full,1,0.05,2782,5,3.322397470474243,5.479517936706543,2.3891541957855225,3.052795886993408,7.49125337600708,9.826696395874023,2.532747268676758,3.557579278945923,0.8764334917068481,1.249232053756714
TimesNet,jena,full,1,0.1,2782,5,3.32450532913208,5.481784820556641,2.3875415325164795,3.0519914627075195,7.494960308074951,9.829834938049316,2.53829574584961,3.563363790512085,0.8772243857383728,1.2497999668121338
TimesNet,jena,full,1,0.2,2782,5,3.334219217300415,5.493612766265869,2.3908352851867676,3.055816888809204,7.514464855194092,9.84860610961914,2.5526740550994873,3.580538034439087,0.8789044618606567,1.2513350248336792
TimesNet,jena,full,2,0.0,2782,5,3.3003146648406982,5.475086688995361,2.387582778930664,3.059614896774292,7.403083801269531,9.813632011413574,2.5389411449432373,3.5578885078430176,0.8716514110565186,1.2566194534301758
TimesNet,jena,full,2,0.05,2782,5,3.3020832538604736,5.476595401763916,2.384469985961914,3.0566294193267822,7.406578540802002,9.815144538879396,2.545384168624878,3.5655906200408936,0.8719010949134827,1.2565438747406006
TimesNet,jena,full,2,0.1,2782,5,3.303884267807007,5.478824138641357,2.383852958679199,3.055560350418091,7.409247875213623,9.818479537963867,2.5504109859466553,3.571117401123047,0.8720260858535767,1.2562618255615234
TimesNet,jena,full,2,0.2,2782,5,3.3126721382141113,5.490870952606201,2.3860249519348145,3.060370922088623,7.42901611328125,9.83935260772705,2.5625107288360596,3.5830018520355225,0.873137891292572,1.2577871084213257
TimesNet,jena,full,3,0.0,2782,5,3.3194990158081055,5.456386089324951,2.4727487564086914,3.155827760696411,7.364551067352295,9.718637466430664,2.5585057735443115,3.620728731155395,0.8821921348571777,1.2521051168441772
TimesNet,jena,full,3,0.05,2782,5,3.3212366104125977,5.459427356719971,2.4742207527160645,3.1577091217041016,7.367710590362549,9.723339080810549,2.5603504180908203,3.6246352195739746,0.8826650381088257,1.2525804042816162
TimesNet,jena,full,3,0.1,2782,5,3.3250162601470947,5.463234901428223,2.475205659866333,3.160555362701416,7.375314712524414,9.72865390777588,2.5664782524108887,3.630704641342163,0.8830666542053223,1.2529563903808594
TimesNet,jena,full,3,0.2,2782,5,3.334305763244629,5.472416400909424,2.472445011138916,3.1578304767608643,7.398449420928955,9.745201110839844,2.5813021659851074,3.643094062805176,0.8850274682044983,1.2555480003356934
TimesNet,jena,full,4,0.0,2782,5,3.3300774097442627,5.478079319000244,2.51054310798645,3.167769193649292,7.437577247619629,9.788487434387209,2.500195026397705,3.5470879077911377,0.8719935417175293,1.2674095630645752
TimesNet,jena,full,4,0.05,2782,5,3.334068298339844,5.483395576477051,2.5117647647857666,3.1680378913879395,7.450266838073731,9.79896068572998,2.5018844604492188,3.55066442489624,0.8723581433296204,1.2677615880966189
TimesNet,jena,full,4,0.1,2782,5,3.33888840675354,5.489662170410156,2.5124847888946533,3.1685516834259033,7.464527606964111,9.812223434448242,2.5049188137054443,3.551898241043091,0.8736233711242676,1.2689149379730225
TimesNet,jena,full,4,0.2,2782,5,3.3517274856567383,5.503780841827393,2.5135324001312256,3.1685266494750977,7.491978168487549,9.835511207580566,2.525447130203247,3.573960065841675,0.875951886177063,1.2713634967803955
Transformer,jena,full,0,0.0,2782,5,3.482887029647827,5.703875541687012,2.826927900314331,3.5565006732940674,7.551199913024902,10.115479469299316,2.6850104331970215,3.6972815990448,0.8684107065200806,1.2228217124938965
Transformer,jena,full,0,0.05,2782,5,3.483927965164185,5.702920913696289,2.8288445472717285,3.5581607818603516,7.549098014831543,10.110949516296388,2.688894033432007,3.702035665512085,0.8688762187957764,1.2232580184936523
Transformer,jena,full,0,0.1,2782,5,3.484893321990967,5.703847885131836,2.8297860622406006,3.55892276763916,7.549710750579834,10.112343788146973,2.690596103668213,3.702972888946533,0.8694766759872437,1.223957896232605
Transformer,jena,full,0,0.2,2782,5,3.4895946979522705,5.705913066864014,2.8380939960479736,3.567546129226685,7.548048973083496,10.109529495239258,2.701768159866333,3.7145638465881343,0.8704687356948853,1.2254959344863892
Transformer,jena,full,1,0.0,2782,5,3.3638248443603516,5.55211877822876,2.6381452083587646,3.3704824447631836,7.358242034912109,9.867627143859863,2.5993072986602783,3.618188381195069,0.8596048951148987,1.2176154851913452
Transformer,jena,full,1,0.05,2782,5,3.3641955852508545,5.550020217895508,2.638897180557251,3.371338367462158,7.356369495391846,9.862017631530762,2.6015989780426025,3.619729042053222,0.8599146604537964,1.217851161956787
Transformer,jena,full,1,0.1,2782,5,3.3670361042022705,5.552884101867676,2.6389176845550537,3.3728344440460205,7.360085487365723,9.865501403808594,2.60853910446167,3.6261608600616455,0.860603392124176,1.2185791730880735
Transformer,jena,full,1,0.2,2782,5,3.3751752376556396,5.560668468475342,2.641724109649658,3.374504804611206,7.374292850494385,9.877110481262209,2.622652769088745,3.6401522159576416,0.8620322942733765,1.2201766967773438
Transformer,jena,full,2,0.0,2782,5,3.4946281909942627,5.6572585105896,2.7416138648986816,3.434166669845581,7.573155403137207,10.01065444946289,2.7951996326446533,3.8027474880218506,0.8685422539710999,1.2452698945999146
Transformer,jena,full,2,0.05,2782,5,3.49527359008789,5.65695858001709,2.7423791885375977,3.435248613357544,7.572268962860107,10.008602142333984,2.797712564468384,3.8053364753723145,0.8687321543693542,1.2454322576522827
Transformer,jena,full,2,0.1,2782,5,3.49639630317688,5.657482147216797,2.742483615875244,3.4356250762939453,7.573305606842041,10.008151054382324,2.801044225692749,3.8093087673187256,0.8687503933906555,1.245383620262146
Transformer,jena,full,2,0.2,2782,5,3.5015265941619873,5.664769172668457,2.748410224914551,3.4439239501953125,7.582425594329834,10.01958465576172,2.8057711124420166,3.814874649047851,0.8695002794265747,1.245987057685852
Transformer,jena,full,3,0.0,2782,5,3.518993616104126,5.711843013763428,2.947009325027466,3.6349709033966064,7.580347061157227,10.104599952697754,2.683884620666504,3.697915554046631,0.8647348284721375,1.2288494110107422
Transformer,jena,full,3,0.05,2782,5,3.5193238258361816,5.711846351623535,2.9490928649902344,3.637074470520019,7.577339172363281,10.102959632873535,2.6859920024871826,3.7003214359283447,0.8648712038993835,1.2289392948150637
Transformer,jena,full,3,0.1,2782,5,3.520265817642212,5.711860656738281,2.9495058059692383,3.638786554336548,7.576844215393066,10.102001190185549,2.689880847930908,3.701254606246948,0.8648320436477661,1.2292165756225586
Transformer,jena,full,3,0.2,2782,5,3.522998571395874,5.7125349044799805,2.952185869216919,3.6425397396087646,7.5730881690979,10.096786499023438,2.701300621032715,3.7155566215515137,0.8654190897941589,1.230307936668396
Transformer,jena,full,4,0.0,2782,5,3.399409532546997,5.533504486083984,2.8507556915283203,3.5613605976104736,7.319789409637451,9.77099895477295,2.5578396320343018,3.5700979232788086,0.8692549467086792,1.2559337615966797
Transformer,jena,full,4,0.05,2782,5,3.4008448123931885,5.5340423583984375,2.848567247390747,3.560802459716797,7.322482585906982,9.770092010498049,2.562746047973633,3.5763564109802246,0.8695833086967468,1.2562507390975952
Transformer,jena,full,4,0.1,2782,5,3.402827024459839,5.535461902618408,2.8446764945983887,3.555853366851806,7.328327178955078,9.774051666259766,2.568044424057007,3.579047918319702,0.8702600598335266,1.2568262815475464
Transformer,jena,full,4,0.2,2782,5,3.407322883605957,5.541755676269531,2.8433961868286133,3.5541393756866455,7.341285228729248,9.786450386047363,2.5732169151306152,3.585268497467041,0.8713936805725098,1.2583940029144287
XAI-MeteoFormer,jena,no_revin,0,0.0,2782,5,2.988225221633911,5.236400604248047,1.9383310079574585,2.5562939643859863,7.0736823081970215,9.598976135253906,2.090986967086792,3.0878829956054688,0.8499001860618591,1.2122578620910645
XAI-MeteoFormer,jena,no_revin,0,0.05,2782,5,2.993263006210327,5.240586280822754,1.9417270421981812,2.5586743354797363,7.0778985023498535,9.603663444519045,2.1023733615875244,3.099175453186035,0.8510528206825256,1.213652729988098
XAI-MeteoFormer,jena,no_revin,0,0.1,2782,5,3.001973867416382,5.250234603881836,1.948772430419922,2.5658862590789795,7.095364093780518,9.619100570678713,2.1117091178894043,3.1103901863098145,0.8520519137382507,1.2142672538757324
XAI-MeteoFormer,jena,no_revin,0,0.2,2782,5,3.018812417984009,5.273292064666748,1.954339861869812,2.5718042850494385,7.136874675750732,9.659189224243164,2.1304731369018555,3.1367876529693604,0.8535619974136353,1.2152659893035889
XAI-MeteoFormer,jena,no_revin,1,0.0,2782,5,3.006019592285156,5.2449774742126465,1.9138895273208616,2.513842821121216,7.146178722381592,9.628876686096191,2.112725019454956,3.088857650756836,0.8512839674949646,1.209727168083191
XAI-MeteoFormer,jena,no_revin,1,0.05,2782,5,3.011344194412231,5.250709533691406,1.9180676937103271,2.5179648399353027,7.159703254699707,9.639514923095703,2.1151435375213623,3.0910298824310303,0.8524623513221741,1.2103428840637207
XAI-MeteoFormer,jena,no_revin,1,0.1,2782,5,3.0204012393951416,5.26275634765625,1.9207977056503296,2.520475149154663,7.183112144470215,9.661772727966309,2.124818801879883,3.101177215576172,0.8528769016265869,1.2109744548797607
XAI-MeteoFormer,jena,no_revin,1,0.2,2782,5,3.043269395828247,5.294613838195801,1.936953902244568,2.536867380142212,7.237143993377685,9.717267036437988,2.143791913986206,3.130525588989258,0.855187714099884,1.2126727104187012
XAI-MeteoFormer,jena,no_revin,2,0.0,2782,5,3.038917064666748,5.3247504234313965,1.9424089193344116,2.521497964859009,7.213947772979736,9.767426490783691,2.149771928787231,3.1828882694244385,0.8495400547981262,1.2330905199050903
XAI-MeteoFormer,jena,no_revin,2,0.05,2782,5,3.0397136211395264,5.322590351104736,1.9408830404281616,2.52111291885376,7.213338375091553,9.761653900146484,2.1546945571899414,3.186413526535034,0.8499386310577393,1.2331795692443848
XAI-MeteoFormer,jena,no_revin,2,0.1,2782,5,3.046720266342163,5.331390857696533,1.9405837059020996,2.520883798599243,7.230564594268799,9.777377128601074,2.165099620819092,3.197068214416504,0.8506354689598083,1.233572244644165
XAI-MeteoFormer,jena,no_revin,2,0.2,2782,5,3.0662288665771484,5.361196517944336,1.9547641277313232,2.536656141281128,7.274829387664795,9.830574989318848,2.181939125061035,3.219491481781006,0.85338294506073,1.2368375062942505
XAI-MeteoFormer,jena,no_revin,3,0.0,2782,5,3.0373713970184326,5.2230377197265625,1.9648680686950684,2.551682710647583,7.130621433258057,9.542409896850586,2.2025725841522217,3.1748437881469727,0.8514224886894226,1.2133233547210691
XAI-MeteoFormer,jena,no_revin,3,0.05,2782,5,3.0434627532958984,5.23294734954834,1.9655977487564087,2.5533180236816406,7.1465163230896,9.56135368347168,2.2090983390808105,3.181314706802368,0.8526387810707092,1.2145946025848389
XAI-MeteoFormer,jena,no_revin,3,0.1,2782,5,3.0529637336730957,5.2428765296936035,1.9695839881896973,2.5563442707061768,7.164130210876465,9.57634735107422,2.2247209548950195,3.1988022327423096,0.8534168601036072,1.2154484987258911
XAI-MeteoFormer,jena,no_revin,3,0.2,2782,5,3.0828840732574463,5.282415866851807,1.9834871292114256,2.571128845214844,7.233744621276856,9.647552490234377,2.25752329826355,3.2318191528320312,0.8567806482315063,1.2186272144317627
XAI-MeteoFormer,jena,no_revin,4,0.0,2782,5,3.068779230117798,5.324689865112305,2.0012965202331543,2.5764195919036865,7.254331588745117,9.762453079223633,2.1750588417053223,3.159536123275757,0.8444304466247559,1.2178643941879272
XAI-MeteoFormer,jena,no_revin,4,0.05,2782,5,3.074981451034546,5.331434726715088,2.003575086593628,2.5798497200012207,7.269254207611084,9.774011611938477,2.182070732116699,3.166308641433716,0.8450260162353516,1.2183496952056885
XAI-MeteoFormer,jena,no_revin,4,0.1,2782,5,3.0792746543884277,5.33586311340332,2.0043060779571533,2.580451011657715,7.279146671295166,9.78211784362793,2.1872472763061523,3.1703500747680664,0.8463996052742004,1.2190396785736084
XAI-MeteoFormer,jena,no_revin,4,0.2,2782,5,3.095768451690674,5.356937885284424,2.0110154151916504,2.5883097648620605,7.311750411987305,9.818120956420898,2.210897922515869,3.1934409141540527,0.849410891532898,1.2223806381225586
iTransformer,jena,full,0,0.0,2782,5,3.288175582885742,5.588876724243164,2.269477605819702,2.9960074424743652,7.527232646942139,10.104509353637695,2.439718723297119,3.4836623668670654,0.916273832321167,1.314948320388794
iTransformer,jena,full,0,0.05,2782,5,3.295320510864258,5.597278594970703,2.27575421333313,3.003469467163086,7.542124271392822,10.118346214294434,2.4459846019744873,3.4906318187713623,0.917417287826538,1.3159844875335691
iTransformer,jena,full,0,0.1,2782,5,3.3029966354370117,5.603302955627441,2.2840704917907715,3.013503074645996,7.558916091918945,10.12643814086914,2.4496490955352783,3.496778964996338,0.9193516373634338,1.3170357942581177
iTransformer,jena,full,0,0.2,2782,5,3.3273489475250244,5.636570930480957,2.297330617904663,3.0233747959136963,7.624577045440674,10.19139003753662,2.4664294719696045,3.5134270191192627,0.92105895280838,1.3169286251068115
iTransformer,jena,full,1,0.0,2782,5,3.300823450088501,5.546503067016602,2.270618438720703,2.9874987602233887,7.4864182472229,9.979677200317385,2.523813962936402,3.578183174133301,0.9224428534507751,1.3161641359329224
iTransformer,jena,full,1,0.05,2782,5,3.306306838989258,5.551182270050049,2.2753586769104004,2.99450159072876,7.499894618988037,9.986950874328612,2.5274436473846436,3.581751823425293,0.9225324392318726,1.314274787902832
iTransformer,jena,full,1,0.1,2782,5,3.3134005069732666,5.559957027435303,2.2796473503112793,2.9979095458984375,7.51657247543335,10.00269889831543,2.5329883098602295,3.588844060897827,0.9243962168693542,1.3157716989517212
iTransformer,jena,full,1,0.2,2782,5,3.334843873977661,5.585644721984863,2.297779083251953,3.0154881477355957,7.566031932830811,10.046996116638184,2.5493922233581543,3.609762668609619,0.9261738061904908,1.3160629272460938
iTransformer,jena,full,2,0.0,2782,5,3.2941665649414062,5.570677280426025,2.372168779373169,3.1234185695648193,7.463581562042236,10.031200408935549,2.418938159942627,3.4580252170562744,0.9219775795936584,1.3383194208145142
iTransformer,jena,full,2,0.05,2782,5,3.2969791889190674,5.573575019836426,2.3706142902374268,3.1212003231048584,7.471011638641357,10.03712558746338,2.4244253635406494,3.46195912361145,0.9218652844429016,1.33717679977417
iTransformer,jena,full,2,0.1,2782,5,3.307562828063965,5.589013576507568,2.376261949539185,3.126160144805908,7.498561382293701,10.066630363464355,2.4324164390563965,3.470500946044922,0.9230122566223145,1.3394025564193726
iTransformer,jena,full,2,0.2,2782,5,3.3296685218811035,5.624055862426758,2.3836569786071777,3.1349217891693115,7.5582990646362305,10.134275436401367,2.449974298477173,3.491834878921509,0.9267423748970032,1.340092658996582
iTransformer,jena,full,3,0.0,2782,5,3.2937235832214355,5.55104923248291,2.3738183975219727,3.116952896118164,7.49164628982544,10.000234603881836,2.3889825344085693,3.4328877925872803,0.92044597864151,1.3235514163970947
iTransformer,jena,full,3,0.05,2782,5,3.2981178760528564,5.5559515953063965,2.376413345336914,3.1186270713806152,7.500516414642334,10.008522033691406,2.393728017807007,3.438077211380005,0.9218115210533142,1.32577383518219
iTransformer,jena,full,3,0.1,2782,5,3.30483078956604,5.558813095092773,2.380998373031616,3.1227259635925293,7.513993263244629,10.00996208190918,2.401984691619873,3.4491872787475586,0.9223445057868958,1.3243706226348877
iTransformer,jena,full,3,0.2,2782,5,3.3245670795440674,5.576968193054199,2.390197277069092,3.129955053329468,7.558984756469727,10.039825439453123,2.4248316287994385,3.472984552383423,0.9242554306983948,1.3243743181228638
iTransformer,jena,full,4,0.0,2782,5,3.321370840072632,5.579033374786377,2.3922653198242188,3.155045509338379,7.557535171508789,10.047599792480469,2.407651901245117,3.442300081253052,0.9280295968055724,1.320777177810669
iTransformer,jena,full,4,0.05,2782,5,3.327930688858032,5.586005687713623,2.3957364559173584,3.1579339504241943,7.573844909667969,10.06024169921875,2.413618564605713,3.4481770992279053,0.9285235404968262,1.3201892375946045
iTransformer,jena,full,4,0.1,2782,5,3.33524227142334,5.595847129821777,2.400357484817505,3.1620075702667236,7.58985710144043,10.078428268432615,2.419534683227539,3.454176187515259,0.9312198162078856,1.3227537870407104
iTransformer,jena,full,4,0.2,2782,5,3.3515329360961914,5.614773750305176,2.4129767417907715,3.1728482246398926,7.62247371673584,10.111405372619627,2.435715913772583,3.468742847442627,0.9349666833877563,1.327810764312744
Autoformer,beijing_aotizhongxin,full,0,0.0,3448,2,5.453206539154053,9.625659942626951,3.003953456878662,3.86590027809143,14.060497283935549,18.08789825439453,4.002580642700195,5.234429359436035,0.7457962036132812,1.0473029613494873
Autoformer,beijing_aotizhongxin,full,0,0.05,3448,2,5.455051422119141,9.628305435180664,3.0036370754241943,3.8662190437316895,14.06703758239746,18.093189239501953,4.003535747528076,5.235333442687988,0.745993435382843,1.047465682029724
Autoformer,beijing_aotizhongxin,full,0,0.1,3448,2,5.456400394439697,9.630082130432127,3.0078394412994385,3.87166428565979,14.068339347839355,18.095718383789062,4.002960681915283,5.235496520996094,0.7464592456817627,1.048162579536438
Autoformer,beijing_aotizhongxin,full,0,0.2,3448,2,5.459552764892578,9.631996154785156,3.011529445648194,3.875122308731079,14.07435131072998,18.098873138427734,4.005232334136963,5.235929012298584,0.7470988035202026,1.049147367477417
Autoformer,beijing_aotizhongxin,full,1,0.0,3448,2,5.516462802886963,9.701563835144045,3.2457120418548584,4.123070240020752,14.08009910583496,18.19046211242676,4.00641393661499,5.246273040771484,0.7336245179176331,1.032184600830078
Autoformer,beijing_aotizhongxin,full,1,0.05,3448,2,5.517824172973633,9.702610969543455,3.245772123336792,4.123626708984375,14.085138320922852,18.192598342895508,4.006354331970215,5.246056079864502,0.734031617641449,1.0327215194702148
Autoformer,beijing_aotizhongxin,full,1,0.1,3448,2,5.519510269165039,9.705817222595217,3.2457504272460938,4.12522029876709,14.090534210205078,18.198699951171875,4.007401466369629,5.247315883636475,0.7343536019325256,1.03301203250885
Autoformer,beijing_aotizhongxin,full,1,0.2,3448,2,5.525339126586914,9.715332984924316,3.2474091053009033,4.130048751831055,14.110464096069336,18.21776580810547,4.008546829223633,5.247615337371826,0.7349353432655334,1.0339126586914062
Autoformer,beijing_aotizhongxin,full,2,0.0,3448,2,5.427212238311768,9.516438484191896,3.359353542327881,4.338207244873047,13.70775318145752,17.774776458740234,3.914022207260132,5.1400909423828125,0.7277214527130127,1.0330530405044556
Autoformer,beijing_aotizhongxin,full,2,0.05,3448,2,5.430981636047363,9.523194313049316,3.3637547492980957,4.343901634216309,13.718679428100586,17.787961959838867,3.913144588470459,5.139606952667236,0.7283520102500916,1.0336071252822876
Autoformer,beijing_aotizhongxin,full,2,0.1,3448,2,5.4374847412109375,9.532480239868164,3.370880126953125,4.351813793182373,13.735838890075684,17.805742263793945,3.914400577545166,5.1400885581970215,0.7288181781768799,1.0341774225234983
Autoformer,beijing_aotizhongxin,full,2,0.2,3448,2,5.441805839538574,9.542363166809082,3.3793349266052246,4.364818096160889,13.743690490722656,17.82442283630371,3.914437055587769,5.137450218200684,0.7297576665878296,1.035204291343689
Autoformer,beijing_aotizhongxin,full,3,0.0,3448,2,5.438113212585449,9.50266170501709,3.221625328063965,4.130844593048096,13.892617225646973,17.79829216003418,3.9212186336517334,5.131739139556885,0.7169917225837708,1.0121809244155884
Autoformer,beijing_aotizhongxin,full,3,0.05,3448,2,5.441704273223877,9.5071439743042,3.223397970199585,4.131175518035889,13.905101776123049,17.807849884033203,3.920973539352417,5.131428241729736,0.7173420190811157,1.012638807296753
Autoformer,beijing_aotizhongxin,full,3,0.1,3448,2,5.442677974700928,9.507486343383787,3.2260138988494873,4.133493900299072,13.90904712677002,17.808841705322266,3.9184820652008057,5.128687381744385,0.7171662449836731,1.0125168561935425
Autoformer,beijing_aotizhongxin,full,3,0.2,3448,2,5.449084281921387,9.522754669189451,3.2260870933532715,4.13238525390625,13.935385704040527,17.84186553955078,3.916719436645508,5.127912998199463,0.718143880367279,1.013471245765686
Autoformer,beijing_aotizhongxin,full,4,0.0,3448,2,5.472369194030762,9.400943756103516,3.5786073207855225,4.522511959075928,13.623432159423828,17.475643157958984,3.9478251934051514,5.1602044105529785,0.7396132349967957,1.015916347503662
Autoformer,beijing_aotizhongxin,full,4,0.05,3448,2,5.470972537994385,9.399471282958984,3.577563762664795,4.521080493927002,13.618350982666016,17.47292709350586,3.947930335998535,5.159882545471191,0.7400450110435486,1.01617693901062
Autoformer,beijing_aotizhongxin,full,4,0.1,3448,2,5.474229335784912,9.40274429321289,3.5832879543304443,4.528472900390625,13.625755310058594,17.478179931640625,3.947392463684082,5.159351348876953,0.7404826879501343,1.0167096853256226
Autoformer,beijing_aotizhongxin,full,4,0.2,3448,2,5.480379104614258,9.417012214660645,3.587480068206787,4.5341901779174805,13.64771556854248,17.507701873779297,3.945073127746582,5.1580963134765625,0.7412492036819458,1.0178685188293457
Crossformer,beijing_aotizhongxin,full,0,0.0,3448,2,4.35451602935791,8.125665664672852,3.1220436096191406,3.9812004566192623,11.377168655395508,15.408371925354004,2.2699155807495117,3.1584417819976807,0.6489336490631104,0.928522527217865
Crossformer,beijing_aotizhongxin,full,0,0.05,3448,2,4.361035346984863,8.139488220214844,3.1207308769226074,3.9788339138031006,11.39914321899414,15.437067985534668,2.274362325668335,3.1633236408233643,0.6499090194702148,0.9296345710754396
Crossformer,beijing_aotizhongxin,full,0,0.1,3448,2,4.368315696716309,8.155499458312988,3.1191842555999756,3.977129459381103,11.425254821777344,15.470375061035156,2.277879238128662,3.1673805713653564,0.6509470343589783,0.9307685494422911
Crossformer,beijing_aotizhongxin,full,0,0.2,3448,2,4.38707160949707,8.180313110351562,3.121159315109253,3.97829008102417,11.480698585510254,15.518893241882324,2.293647050857544,3.183608055114746,0.6527815461158752,0.9337685108184814
Crossformer,beijing_aotizhongxin,full,1,0.0,3448,2,4.329763412475586,8.199750900268555,3.3658864498138428,4.160665988922119,11.05056858062744,15.501075744628906,2.250610113143921,3.229984760284424,0.6519885659217834,0.9572609066963196
Crossformer,beijing_aotizhongxin,full,1,0.05,3448,2,4.341030120849609,8.219803810119629,3.367250680923462,4.16316032409668,11.087178230285645,15.541070938110352,2.257207155227661,3.2382149696350098,0.6524850130081177,0.9580339193344116
Crossformer,beijing_aotizhongxin,full,1,0.1,3448,2,4.353330612182617,8.248578071594238,3.367225646972656,4.164756774902344,11.131255149841309,15.600499153137209,2.261129379272461,3.242687702178955,0.6537121534347534,0.9593483805656432
Crossformer,beijing_aotizhongxin,full,1,0.2,3448,2,4.382871627807617,8.309087753295898,3.370859146118164,4.170769214630127,11.228034973144531,15.72282886505127,2.2771825790405273,3.261451959609986,0.6554146409034729,0.961255431175232
Crossformer,beijing_aotizhongxin,full,2,0.0,3448,2,4.2098822593688965,7.839414119720459,2.9743971824645996,3.744769096374512,11.065814018249512,14.884621620178224,2.147599458694458,3.061018228530884,0.6517223119735718,0.9383456707000732
Crossformer,beijing_aotizhongxin,full,2,0.05,3448,2,4.217576026916504,7.854015827178955,2.975175619125366,3.7448489665985103,11.087940216064451,14.914047241210938,2.154304265975952,3.0669994354248047,0.6528840065002441,0.9397103190422058
Crossformer,beijing_aotizhongxin,full,2,0.1,3448,2,4.224102020263672,7.8613433837890625,2.9767980575561523,3.7480759620666504,11.106321334838867,14.927578926086426,2.1599035263061523,3.072061777114868,0.6533873081207275,0.940555989742279
Crossformer,beijing_aotizhongxin,full,2,0.2,3448,2,4.246668338775635,7.892709732055664,2.9806606769561768,3.7518584728240967,11.174457550048828,14.989585876464844,2.1764843463897705,3.0866715908050537,0.6550711393356323,0.9422346949577332
Crossformer,beijing_aotizhongxin,full,3,0.0,3448,2,4.122628688812256,7.811014175415039,2.937739849090576,3.6783645153045654,10.72181224822998,14.82911205291748,2.1835238933563232,3.1203792095184326,0.6474365592002869,0.9370564818382264
Crossformer,beijing_aotizhongxin,full,3,0.05,3448,2,4.130142688751221,7.817652225494385,2.9406464099884033,3.681952953338623,10.742904663085938,14.840789794921877,2.189323902130127,3.1270084381103516,0.6476973295211792,0.9374197125434875
Crossformer,beijing_aotizhongxin,full,3,0.1,3448,2,4.141822814941406,7.835824489593506,2.9396445751190186,3.681538820266723,10.781734466552734,14.877084732055664,2.197776556015014,3.1366751194000244,0.6481338143348694,0.9383357167243958
Crossformer,beijing_aotizhongxin,full,3,0.2,3448,2,4.16780424118042,7.8746867179870605,2.943199872970581,3.685218572616577,10.861143112182615,14.954103469848633,2.2174720764160156,3.154822826385498,0.6493996381759644,0.9400953650474548
Crossformer,beijing_aotizhongxin,full,4,0.0,3448,2,4.221869945526123,8.068222045898438,2.8124868869781494,3.6014773845672607,11.234950065612791,15.383090019226074,2.1858975887298584,3.143174886703491,0.6541458964347839,0.9461604356765748
Crossformer,beijing_aotizhongxin,full,4,0.05,3448,2,4.2283124923706055,8.075695037841797,2.8126060962677,3.601289749145508,11.25606632232666,15.398059844970703,2.1900126934051514,3.146740674972534,0.6545644998550415,0.9464836120605468
Crossformer,beijing_aotizhongxin,full,4,0.1,3448,2,4.234736919403076,8.0816068649292,2.8156144618988037,3.604268789291382,11.272798538208008,15.408740043640137,2.1952500343322754,3.1515400409698486,0.6552857756614685,0.9472094178199768
Crossformer,beijing_aotizhongxin,full,4,0.2,3448,2,4.2561469078063965,8.107946395874023,2.8178327083587646,3.606120824813843,11.337347030639648,15.459330558776855,2.212165117263794,3.1712963581085205,0.6572405099868774,0.9503065943717957
DLinear,beijing_aotizhongxin,full,0,0.0,3448,2,4.369560718536377,8.361708641052246,2.0661187171936035,2.666856050491333,11.884232521057127,16.016822814941406,2.808088779449463,3.875969409942627,0.7197990417480469,0.9993974566459656
DLinear,beijing_aotizhongxin,full,0,0.05,3448,2,4.376004695892334,8.368825912475586,2.07068395614624,2.6711111068725586,11.90060806274414,16.030044555664062,2.8114266395568848,3.879366636276245,0.721301257610321,1.0011818408966064
DLinear,beijing_aotizhongxin,full,0,0.1,3448,2,4.385385513305664,8.385762214660645,2.075855493545532,2.6762306690216064,11.927988052368164,16.063682556152344,2.8151755332946777,3.882468938827514,0.7225222587585449,1.003182053565979
DLinear,beijing_aotizhongxin,full,0,0.2,3448,2,4.408196926116943,8.410920143127441,2.0904366970062256,2.6905405521392822,11.991053581237791,16.111095428466797,2.8253674507141113,3.892621755599976,0.725929856300354,1.0076792240142822
DLinear,beijing_aotizhongxin,full,1,0.0,3448,2,4.369390964508057,8.371862411499023,2.057997465133667,2.6750528812408447,11.879593849182127,16.034250259399414,2.8194310665130615,3.88573694229126,0.7205449938774109,1.0001050233840942
DLinear,beijing_aotizhongxin,full,1,0.05,3448,2,4.378194332122803,8.386748313903809,2.063270092010498,2.6797425746917725,11.905325889587402,16.063831329345703,2.8225760459899902,3.8883285522460938,0.721605658531189,1.0016831159591677
DLinear,beijing_aotizhongxin,full,1,0.1,3448,2,4.39204216003418,8.413811683654785,2.0694425106048584,2.6859240531921387,11.948412895202637,16.118310928344727,2.826538562774658,3.891834259033203,0.7237764000892639,1.004192352294922
DLinear,beijing_aotizhongxin,full,1,0.2,3448,2,4.41446590423584,8.4522066116333,2.0834169387817383,2.7002909183502197,12.012375831604004,16.19384765625,2.835097551345825,3.900057792663574,0.7269733548164368,1.0081639289855957
DLinear,beijing_aotizhongxin,full,2,0.0,3448,2,4.3538594245910645,8.395482063293457,1.987942099571228,2.6039905548095703,11.880099296569824,16.09421730041504,2.82346773147583,3.888773679733277,0.7239307165145874,1.004647135734558
DLinear,beijing_aotizhongxin,full,2,0.05,3448,2,4.362762928009033,8.407374382019043,1.9928189516067505,2.6089389324188232,11.904142379760742,16.116975784301758,2.827569484710694,3.8931405544281006,0.7265210747718811,1.007811188697815
DLinear,beijing_aotizhongxin,full,2,0.1,3448,2,4.370928764343262,8.417591094970703,1.9989057779312136,2.6154327392578125,11.92538356781006,16.135942459106445,2.8322558403015137,3.8983311653137207,0.7271682620048523,1.0085548162460327
DLinear,beijing_aotizhongxin,full,2,0.2,3448,2,4.390233993530273,8.443265914916992,2.01176381111145,2.626890182495117,11.978805541992188,16.18531608581543,2.8415496349334717,3.907601833343506,0.7288175225257874,1.0102839469909668
DLinear,beijing_aotizhongxin,full,3,0.0,3448,2,4.357109069824219,8.376359939575195,2.015301465988159,2.6326940059661865,11.876840591430664,16.051349639892578,2.8140552043914795,3.882359027862549,0.7222381830215454,1.001985788345337
DLinear,beijing_aotizhongxin,full,3,0.05,3448,2,4.363479137420654,8.381853103637695,2.020690441131592,2.637929677963257,11.89329719543457,16.061115264892578,2.8172802925109863,3.885694980621338,0.7226524353027344,1.0025606155395508
DLinear,beijing_aotizhongxin,full,3,0.1,3448,2,4.369752883911133,8.389420509338379,2.0261964797973633,2.642465353012085,11.907914161682127,16.075119018554688,2.8214573860168457,3.889662504196167,0.7234442234039307,1.0039794445037842
DLinear,beijing_aotizhongxin,full,3,0.2,3448,2,4.392903804779053,8.417869567871094,2.04011869430542,2.6550099849700928,11.97431755065918,16.129985809326172,2.83168363571167,3.899167537689209,0.7254971861839294,1.006520390510559
DLinear,beijing_aotizhongxin,full,4,0.0,3448,2,4.35453462600708,8.383804321289062,1.999314546585083,2.6157662868499756,11.877182006835938,16.068931579589844,2.8197431564331055,3.8852992057800297,0.7219027876853943,1.0021892786026
DLinear,beijing_aotizhongxin,full,4,0.05,3448,2,4.362124443054199,8.394277572631836,2.0021235942840576,2.6183011531829834,11.900728225708008,16.08965492248535,2.822482109069824,3.88810133934021,0.7231661081314087,1.0028831958770752
DLinear,beijing_aotizhongxin,full,4,0.1,3448,2,4.370845317840576,8.405065536499023,2.009932518005371,2.62524151802063,11.922261238098145,16.10995864868164,2.826845645904541,3.892238140106201,0.7243438363075256,1.0041580200195312
DLinear,beijing_aotizhongxin,full,4,0.2,3448,2,4.392857551574707,8.430201530456543,2.0241403579711914,2.639347553253174,11.981526374816896,16.15716552734375,2.836822509765625,3.9027817249298096,0.7289425134658813,1.010561227798462
Informer,beijing_aotizhongxin,full,0,0.0,3448,2,4.872472763061523,8.891162872314453,3.6927430629730225,4.605185031890869,12.245089530944824,16.71868133544922,2.847269058227539,3.810931921005249,0.7047895193099976,0.9827799201011658
Informer,beijing_aotizhongxin,full,0,0.05,3448,2,4.873378276824951,8.890003204345703,3.6888327598571777,4.599385738372803,12.252948760986328,16.718795776367188,2.846147298812866,3.806262969970703,0.7055833339691162,0.9840996861457824
Informer,beijing_aotizhongxin,full,0,0.1,3448,2,4.882282733917236,8.906221389770508,3.693959474563598,4.607086658477783,12.286487579345703,16.751148223876953,2.8432419300079346,3.8065435886383057,0.7054398059844971,0.9834538698196412
Informer,beijing_aotizhongxin,full,0,0.2,3448,2,4.892824172973633,8.9224214553833,3.701495885848999,4.616780757904053,12.306075096130373,16.780214309692383,2.857895851135254,3.818176507949829,0.7058311104774475,0.984742283821106
Informer,beijing_aotizhongxin,full,1,0.0,3448,2,4.818819522857666,8.996460914611816,3.561004161834717,4.614478588104248,12.5004301071167,17.01943588256836,2.5105667114257812,3.435020446777344,0.7032778263092041,0.9955995082855223
Informer,beijing_aotizhongxin,full,1,0.05,3448,2,4.826519012451172,9.015474319458008,3.557720184326172,4.6137285232543945,12.526741981506348,17.057703018188477,2.5173637866973877,3.44508957862854,0.704251229763031,0.9973525404930116
Informer,beijing_aotizhongxin,full,1,0.1,3448,2,4.835976600646973,9.041020393371582,3.5550107955932617,4.609047889709473,12.562020301818848,17.11258316040039,2.5214104652404785,3.4464590549468994,0.7054648995399475,0.9991814494132996
Informer,beijing_aotizhongxin,full,1,0.2,3448,2,4.853271007537842,9.065633773803713,3.5544915199279785,4.609832286834717,12.623409271240234,17.161972045898438,2.529320001602173,3.458289623260498,0.7058605551719666,0.9995991587638856
Informer,beijing_aotizhongxin,full,2,0.0,3448,2,4.991203784942627,9.212797164916992,3.426748752593994,4.388827800750732,12.902446746826172,17.450450897216797,2.937562942504883,3.841113805770874,0.6980528235435486,0.984009325504303
Informer,beijing_aotizhongxin,full,2,0.05,3448,2,4.985661506652832,9.21151638031006,3.4133944511413574,4.365800380706787,12.891362190246582,17.45406150817871,2.939709424972534,3.838773250579834,0.6981818079948425,0.9835917949676514
Informer,beijing_aotizhongxin,full,2,0.1,3448,2,4.994475364685059,9.231488227844238,3.4249022006988525,4.383108615875244,12.917444229125977,17.491958618164062,2.937284469604492,3.838369607925415,0.6982706189155579,0.9839485883712769
Informer,beijing_aotizhongxin,full,2,0.2,3448,2,5.0158586502075195,9.265453338623049,3.4347341060638428,4.395439147949219,12.99124813079834,17.560022354125977,2.937950372695923,3.840503454208374,0.6994979977607727,0.985264539718628
Informer,beijing_aotizhongxin,full,3,0.0,3448,2,4.941882610321045,8.8819580078125,3.973705291748047,4.975512981414795,12.201309204101562,16.58924674987793,2.9136927127838135,3.827603340148926,0.6788243055343628,0.9732694625854492
Informer,beijing_aotizhongxin,full,3,0.05,3448,2,4.950252056121826,8.903236389160156,3.9780967235565186,4.981639862060547,12.232297897338867,16.63300323486328,2.9114561080932617,3.8270628452301025,0.6791562438011169,0.9749413132667542
Informer,beijing_aotizhongxin,full,3,0.1,3448,2,4.947723388671875,8.90038776397705,3.967057704925537,4.972228527069092,12.236985206604004,16.63075065612793,2.907883644104004,3.822726011276245,0.678966224193573,0.9744042158126832
Informer,beijing_aotizhongxin,full,3,0.2,3448,2,4.966899394989014,8.924395561218262,3.974887371063232,4.983170032501221,12.28388500213623,16.67380714416504,2.929227590560913,3.8445675373077393,0.6795992255210876,0.9751143455505372
Informer,beijing_aotizhongxin,full,4,0.0,3448,2,5.051440238952637,8.867280006408691,4.102015495300293,5.064554691314697,12.290178298950195,16.48569679260254,3.126112937927246,4.017209529876709,0.687455952167511,0.974036991596222
Informer,beijing_aotizhongxin,full,4,0.05,3448,2,5.045825481414795,8.859643936157227,4.104527473449707,5.068792343139648,12.270832061767578,16.46956443786621,3.1209030151367188,4.010693073272705,0.6870386004447937,0.973780393600464
Informer,beijing_aotizhongxin,full,4,0.1,3448,2,5.053945064544678,8.873766899108887,4.102406024932861,5.068788051605225,12.301406860351562,16.498525619506836,3.1245625019073486,4.016613483428955,0.6874029636383057,0.9735572338104248
Informer,beijing_aotizhongxin,full,4,0.2,3448,2,5.053660869598389,8.873730659484863,4.099228382110596,5.060452461242676,12.296391487121582,16.499114990234375,3.131840705871582,4.024116039276123,0.6871854662895203,0.9746325016021729
LSTM,beijing_aotizhongxin,full,0,0.0,3448,2,4.326546669006348,8.150861740112305,2.4971861839294434,3.2597711086273193,11.607135772705078,15.55646800994873,2.5189297199249268,3.487318754196167,0.6829322576522827,0.977255403995514
LSTM,beijing_aotizhongxin,full,0,0.05,3448,2,4.328332424163818,8.152693748474121,2.4953296184539795,3.2571752071380615,11.61411190032959,15.56017017364502,2.520652532577514,3.490227699279785,0.6832327246665955,0.977659285068512
LSTM,beijing_aotizhongxin,full,0,0.1,3448,2,4.330998420715332,8.158604621887207,2.493063449859619,3.2552809715270996,11.624892234802246,15.572375297546388,2.522601842880249,3.492755651473999,0.6834352612495422,0.9778932929039
LSTM,beijing_aotizhongxin,full,0,0.2,3448,2,4.335472106933594,8.168746948242188,2.4868721961975098,3.2477378845214844,11.645074844360352,15.59462547302246,2.525289535522461,3.494856834411621,0.6846540570259094,0.9795847535133362
LSTM,beijing_aotizhongxin,full,1,0.0,3448,2,4.386227130889893,8.103497505187988,2.579237937927246,3.357558012008667,11.589940071105955,15.38602352142334,2.680532217025757,3.701251268386841,0.6952021718025208,0.9821038842201232
LSTM,beijing_aotizhongxin,full,1,0.05,3448,2,4.38677453994751,8.105504989624023,2.576371192932129,3.3542308807373047,11.59336757659912,15.390454292297363,2.6817209720611572,3.703233003616333,0.6956377625465393,0.982842206954956
LSTM,beijing_aotizhongxin,full,1,0.1,3448,2,4.389832496643066,8.113836288452148,2.573258876800537,3.350757837295532,11.607653617858888,15.408625602722168,2.6823153495788574,3.703678846359253,0.6960999965667725,0.9832826256752014
LSTM,beijing_aotizhongxin,full,1,0.2,3448,2,4.394200801849365,8.12243366241455,2.56683087348938,3.3429064750671387,11.625814437866213,15.427061080932615,2.687903881072998,3.70932674407959,0.6962512731552124,0.983542501926422
LSTM,beijing_aotizhongxin,full,2,0.0,3448,2,4.306317329406738,8.081618309020996,2.634486675262451,3.400462865829468,11.388754844665527,15.376168251037598,2.51070785522461,3.507619619369507,0.6913183927536011,0.9783515334129332
LSTM,beijing_aotizhongxin,full,2,0.05,3448,2,4.309351921081543,8.088396072387695,2.6325764656066895,3.39836049079895,11.401309967041016,15.390603065490724,2.5118257999420166,3.5087738037109375,0.6916947364807129,0.97858864068985
LSTM,beijing_aotizhongxin,full,2,0.1,3448,2,4.310997486114502,8.09217643737793,2.628985643386841,3.394201278686523,11.40929889678955,15.39883804321289,2.5139646530151367,3.5115456581115723,0.6917421221733093,0.9785260558128356
LSTM,beijing_aotizhongxin,full,2,0.2,3448,2,4.315120220184326,8.099068641662598,2.6200950145721436,3.3838977813720703,11.42781925201416,15.414254188537598,2.5204455852508545,3.5172836780548096,0.6921188235282898,0.9789650440216064
LSTM,beijing_aotizhongxin,full,3,0.0,3448,2,4.323431968688965,8.086908340454102,2.5872204303741455,3.358166217803955,11.480318069458008,15.39260196685791,2.5288472175598145,3.5262198448181152,0.6973453760147095,0.9739506840705872
LSTM,beijing_aotizhongxin,full,3,0.05,3448,2,4.323092460632324,8.086675643920898,2.5856363773345947,3.3563168048858643,11.47783088684082,15.391915321350098,2.531392812728882,3.528820037841797,0.6975076794624329,0.9740528464317322
LSTM,beijing_aotizhongxin,full,3,0.1,3448,2,4.328790664672852,8.0975980758667,2.583294153213501,3.3537769317626953,11.498258590698242,15.414018630981444,2.535684108734131,3.5347065925598145,0.697929859161377,0.9748885035514832
LSTM,beijing_aotizhongxin,full,3,0.2,3448,2,4.336277484893799,8.11233901977539,2.576814651489258,3.346998453140259,11.527647972106934,15.445054054260254,2.5418355464935303,3.5405943393707275,0.6988102197647095,0.9758602976799012
LSTM,beijing_aotizhongxin,full,4,0.0,3448,2,4.371193885803223,8.095385551452637,2.5822622776031494,3.3723628520965576,11.56870460510254,15.384398460388184,2.6409435272216797,3.6226799488067623,0.6928660869598389,0.9822306632995604
LSTM,beijing_aotizhongxin,full,4,0.05,3448,2,4.3712849617004395,8.09420108795166,2.5796713829040527,3.369307279586792,11.569635391235352,15.382051467895508,2.64290714263916,3.6248972415924072,0.6929262280464172,0.9822167158126832
LSTM,beijing_aotizhongxin,full,4,0.1,3448,2,4.3727803230285645,8.096840858459473,2.577421188354492,3.3664345741271973,11.575889587402344,15.387847900390623,2.6443936824798584,3.626391649246216,0.6934168338775635,0.9827996492385864
LSTM,beijing_aotizhongxin,full,4,0.2,3448,2,4.37660026550293,8.103262901306152,2.572061538696289,3.3592238426208496,11.58996868133545,15.40122413635254,2.650364637374878,3.63340163230896,0.6940054893493652,0.9837731719017028
PatchTST,beijing_aotizhongxin,full,0,0.0,3448,2,4.343259811401367,8.323623657226562,2.116691827774048,2.780066967010498,11.981241226196287,15.987760543823242,2.571242332458496,3.5755162239074707,0.7038631439208984,1.0046535730361938
PatchTST,beijing_aotizhongxin,full,0,0.05,3448,2,4.34697961807251,8.328475952148438,2.1221234798431396,2.7853071689605713,11.983766555786133,15.995708465576172,2.576162338256836,3.580502510070801,0.7058655023574829,1.0066884756088257
PatchTST,beijing_aotizhongxin,full,0,0.1,3448,2,4.357679843902588,8.350336074829102,2.1277859210968018,2.7915589809417725,12.01382064819336,16.039047241210938,2.581109523773194,3.5847833156585693,0.7080010771751404,1.0089200735092163
PatchTST,beijing_aotizhongxin,full,0,0.2,3448,2,4.380526542663574,8.377771377563477,2.140747308731079,2.803136825561523,12.074578285217283,16.090045928955078,2.594433069229126,3.6020021438598633,0.7123468518257141,1.0132309198379517
PatchTST,beijing_aotizhongxin,full,1,0.0,3448,2,4.346968650817871,8.314632415771484,2.070628881454468,2.7186620235443115,12.011764526367188,15.97469711303711,2.603444814682007,3.6008124351501465,0.7020339369773865,0.9922286868095398
PatchTST,beijing_aotizhongxin,full,1,0.05,3448,2,4.355235576629639,8.32916259765625,2.0770654678344727,2.7256226539611816,12.033652305603027,16.003000259399414,2.6065499782562256,3.603614091873169,0.7036775946617126,0.9943392276763916
PatchTST,beijing_aotizhongxin,full,1,0.1,3448,2,4.368321895599365,8.359598159790039,2.0843682289123535,2.733847379684448,12.07127285003662,16.063554763793945,2.6114461421966553,3.609065294265747,0.7061997652053833,0.997248649597168
PatchTST,beijing_aotizhongxin,full,1,0.2,3448,2,4.394875526428223,8.409721374511719,2.1005964279174805,2.7510907649993896,12.146392822265623,16.162275314331055,2.6215310096740723,3.619548797607422,0.710979163646698,1.0024563074111938
PatchTST,beijing_aotizhongxin,full,2,0.0,3448,2,4.423739910125732,8.395223617553711,2.2575197219848633,2.9413938522338867,12.237137794494627,16.123788833618164,2.504817008972168,3.5084078311920166,0.6954860687255859,0.9908697009086608
PatchTST,beijing_aotizhongxin,full,2,0.05,3448,2,4.432936191558838,8.407759666442871,2.2634572982788086,2.946180582046509,12.259130477905272,16.147066116333008,2.5115957260131836,3.516676187515259,0.6975635886192322,0.9934777617454528
PatchTST,beijing_aotizhongxin,full,2,0.1,3448,2,4.441107749938965,8.418471336364746,2.2696642875671387,2.9508516788482666,12.27578067779541,16.166582107543945,2.5198557376861572,3.525038242340088,0.6991321444511414,0.9954156875610352
PatchTST,beijing_aotizhongxin,full,2,0.2,3448,2,4.460637092590332,8.445281028747559,2.2833776473999023,2.962970495223999,12.32524299621582,16.217418670654297,2.5319130420684814,3.5370919704437256,0.7020176649093628,0.9981085658073424
PatchTST,beijing_aotizhongxin,full,3,0.0,3448,2,4.412299156188965,8.376826286315918,2.3682398796081543,3.0566797256469727,12.098225593566896,16.076147079467773,2.483914375305176,3.451176881790161,0.698817789554596,0.9942010045051576
PatchTST,beijing_aotizhongxin,full,3,0.05,3448,2,4.420200347900391,8.383609771728516,2.37664532661438,3.065969705581665,12.114563941955566,16.087352752685547,2.4890332221984863,3.456012010574341,0.7005594372749329,0.9962784051895142
PatchTST,beijing_aotizhongxin,full,3,0.1,3448,2,4.428542613983154,8.397961616516113,2.382124900817871,3.0717079639434814,12.134220123291016,16.114974975585938,2.4949820041656494,3.460791826248169,0.7028424143791199,0.9990736842155457
PatchTST,beijing_aotizhongxin,full,3,0.2,3448,2,4.45798921585083,8.442427635192871,2.4022297859191895,3.0936787128448486,12.208023071289062,16.19902229309082,2.5140836238861084,3.4799726009368896,0.7076216340065002,1.004447102546692
PatchTST,beijing_aotizhongxin,full,4,0.0,3448,2,4.321122646331787,8.273226737976074,2.089923858642578,2.7466042041778564,11.930466651916504,15.8844633102417,2.563753128051758,3.5970592498779297,0.7003467679023743,0.9931079745292664
PatchTST,beijing_aotizhongxin,full,4,0.05,3448,2,4.328320503234863,8.285112380981445,2.093097686767578,2.7507078647613525,11.950284957885742,15.907694816589355,2.5680675506591797,3.6005403995513916,0.7018302083015442,0.9936291575431824
PatchTST,beijing_aotizhongxin,full,4,0.1,3448,2,4.3355913162231445,8.29497241973877,2.100348472595215,2.75791072845459,11.965709686279297,15.925764083862305,2.573002576828003,3.6055476665496826,0.7033052444458008,0.9951136708259584
PatchTST,beijing_aotizhongxin,full,4,0.2,3448,2,4.359301567077637,8.326533317565918,2.117117166519165,2.7758402824401855,12.02462387084961,15.984737396240234,2.5859413146972656,3.6197316646575928,0.7095233798027039,1.0025185346603394
TFT,beijing_aotizhongxin,full,0,0.0,3448,2,4.454642295837402,8.1993989944458,2.836836338043213,3.667433977127075,11.781064987182615,15.57369899749756,2.495426654815674,3.4608821868896484,0.7052378058433533,0.976060688495636
TFT,beijing_aotizhongxin,full,0,0.05,3448,2,4.458702564239502,8.209540367126465,2.830796003341675,3.661230325698853,11.800783157348633,15.59571647644043,2.4978206157684326,3.4642839431762695,0.7054103016853333,0.9767061471939088
TFT,beijing_aotizhongxin,full,0,0.1,3448,2,4.464571475982666,8.224316596984863,2.82742977142334,3.6577513217926025,11.825488090515137,15.627750396728516,2.4994683265686035,3.463514566421509,0.7058995962142944,0.9776976704597472
TFT,beijing_aotizhongxin,full,0,0.2,3448,2,4.4779229164123535,8.24779987335205,2.8248202800750732,3.654981851577759,11.872371673583984,15.675248146057127,2.5084784030914307,3.474973440170288,0.7060219645500183,0.9783118963241576
TFT,beijing_aotizhongxin,full,1,0.0,3448,2,4.768396854400635,8.554553985595703,3.0621702671051025,3.885563611984253,12.141514778137209,16.05297088623047,3.17002010345459,4.356044292449951,0.6998825073242188,0.9752023220062256
TFT,beijing_aotizhongxin,full,1,0.05,3448,2,4.771050930023193,8.562920570373535,3.057936668395996,3.880841016769409,12.159210205078123,16.072284698486328,3.167004346847534,4.354565143585205,0.7000560760498047,0.9761691093444824
TFT,beijing_aotizhongxin,full,1,0.1,3448,2,4.7709245681762695,8.569249153137207,3.0533032417297363,3.875624418258667,12.172598838806152,16.091022491455078,3.157592296600342,4.339751720428467,0.7002035975456238,0.9763264656066896
TFT,beijing_aotizhongxin,full,1,0.2,3448,2,4.770480632781982,8.57424545288086,3.0403072834014893,3.8647022247314458,12.182924270629885,16.103118896484375,3.1587226390838623,4.3439178466796875,0.6999690532684326,0.9770969152450562
TFT,beijing_aotizhongxin,full,2,0.0,3448,2,4.5155534744262695,8.303712844848633,2.874164581298828,3.6875345706939697,11.696609497070312,15.71396541595459,2.7804617881774902,3.785006284713745,0.71097731590271,0.9765687584877014
TFT,beijing_aotizhongxin,full,2,0.05,3448,2,4.5221266746521,8.312722206115723,2.8702502250671387,3.6834232807159424,11.720585823059082,15.732366561889648,2.7858333587646484,3.7914516925811768,0.7118367552757263,0.9774242639541626
TFT,beijing_aotizhongxin,full,2,0.1,3448,2,4.5265913009643555,8.320878982543945,2.864548683166504,3.677052974700928,11.740204811096191,15.750314712524414,2.789755582809448,3.7946741580963135,0.7118545174598694,0.977449119091034
TFT,beijing_aotizhongxin,full,2,0.2,3448,2,4.533479690551758,8.33606243133545,2.8497724533081055,3.6617798805236816,11.774375915527344,15.783337593078612,2.7970800399780273,3.805259943008423,0.7126896977424622,0.9784489870071412
TFT,beijing_aotizhongxin,full,3,0.0,3448,2,4.827613353729248,8.517450332641602,2.844137191772461,3.694082260131836,12.29538345336914,15.941862106323242,3.4720242023468018,4.629406452178955,0.6989096999168396,0.9834553599357604
TFT,beijing_aotizhongxin,full,3,0.05,3448,2,4.82914400100708,8.520978927612305,2.841977834701538,3.6919353008270264,12.30296516418457,15.949267387390137,3.4724504947662354,4.631560325622559,0.6991825699806213,0.9836139678955078
TFT,beijing_aotizhongxin,full,3,0.1,3448,2,4.833449840545654,8.529805183410645,2.838966131210327,3.6885123252868657,12.320267677307127,15.967885971069336,3.4748144149780273,4.634982585906982,0.6997550129890442,0.9842630624771118
TFT,beijing_aotizhongxin,full,3,0.2,3448,2,4.842149257659912,8.548229217529297,2.835357427597046,3.683410167694092,12.351892471313477,16.006399154663086,3.4802780151367188,4.641605854034424,0.701069176197052,0.9859423041343688
TFT,beijing_aotizhongxin,full,4,0.0,3448,2,4.816200256347656,8.589747428894043,3.2020952701568604,4.054374694824219,12.488994598388672,16.197284698486328,2.877030849456787,3.921869993209839,0.6966837048530579,0.9818255305290222
TFT,beijing_aotizhongxin,full,4,0.05,3448,2,4.819669246673584,8.597757339477539,3.19630765914917,4.049013614654541,12.502995491027832,16.214229583740234,2.8827388286590576,3.927604913711548,0.6966343522071838,0.9817982316017152
TFT,beijing_aotizhongxin,full,4,0.1,3448,2,4.826520919799805,8.610296249389648,3.194833278656006,4.046644687652588,12.531471252441406,16.24114990234375,2.8830971717834473,3.928585767745972,0.6966819763183594,0.982228457927704
TFT,beijing_aotizhongxin,full,4,0.2,3448,2,4.843343734741211,8.630446434020996,3.194718837738037,4.043942928314209,12.5934476852417,16.28201675415039,2.887765645980835,3.938626289367676,0.6974442005157471,0.9839066863059998
TimesNet,beijing_aotizhongxin,full,0,0.0,3448,2,4.400803565979004,8.169205665588379,2.862774610519409,3.6560311317443848,11.482508659362791,15.474726676940918,2.580448865890503,3.62855076789856,0.6774839758872986,0.9713941216468812
TimesNet,beijing_aotizhongxin,full,0,0.05,3448,2,4.401373386383057,8.170729637145996,2.8567118644714355,3.649181842803955,11.48930835723877,15.479286193847656,2.581898927688598,3.629723310470581,0.6775758862495422,0.9714028239250184
TimesNet,beijing_aotizhongxin,full,0,0.1,3448,2,4.404245376586914,8.176304817199707,2.85276460647583,3.644723653793335,11.502598762512209,15.492011070251465,2.5836617946624756,3.630013942718506,0.6779562830924988,0.971775472164154
TimesNet,beijing_aotizhongxin,full,0,0.2,3448,2,4.407566547393799,8.179073333740234,2.8423564434051514,3.63293981552124,11.518882751464844,15.498656272888184,2.590381383895874,3.6380765438079834,0.6786434650421143,0.9730295538902284
TimesNet,beijing_aotizhongxin,full,1,0.0,3448,2,4.449949264526367,8.265624046325684,2.683197021484375,3.45109486579895,11.746131896972656,15.6985445022583,2.688598155975342,3.7373299598693848,0.6818671822547913,0.9798629879951476
TimesNet,beijing_aotizhongxin,full,1,0.05,3448,2,4.4519195556640625,8.270034790039062,2.679068088531494,3.4461092948913574,11.756895065307615,15.708520889282228,2.6895344257354736,3.738877058029175,0.6821802854537964,0.9805091023445128
TimesNet,beijing_aotizhongxin,full,1,0.1,3448,2,4.456532955169678,8.279644966125488,2.6760621070861816,3.442981481552124,11.773884773254396,15.728713035583496,2.693392038345337,3.741790294647217,0.6827940940856934,0.981099545955658
TimesNet,beijing_aotizhongxin,full,1,0.2,3448,2,4.463136672973633,8.291289329528809,2.6695961952209473,3.4346659183502197,11.800008773803713,15.752720832824709,2.6995749473571777,3.751460552215576,0.6833648085594177,0.981480360031128
TimesNet,beijing_aotizhongxin,full,2,0.0,3448,2,4.440983295440674,8.308533668518066,2.679731845855713,3.46396803855896,11.719347953796388,15.79819107055664,2.678704023361206,3.6848254203796382,0.6861491799354553,0.9833952784538268
TimesNet,beijing_aotizhongxin,full,2,0.05,3448,2,4.443027496337891,8.313705444335938,2.6765401363372803,3.460613250732422,11.72833251953125,15.809134483337402,2.6804189682006836,3.687536239624023,0.6868187785148621,0.9840222001075744
TimesNet,beijing_aotizhongxin,full,2,0.1,3448,2,4.442503452301025,8.312110900878906,2.6722476482391357,3.456463098526001,11.728851318359377,15.80607795715332,2.682124614715576,3.690199613571167,0.6867907643318176,0.9838485717773438
TimesNet,beijing_aotizhongxin,full,2,0.2,3448,2,4.444107532501221,8.314996719360352,2.6601593494415283,3.4432213306427,11.740556716918944,15.81349754333496,2.688352584838867,3.69667911529541,0.6873632669448853,0.9842362403869628
TimesNet,beijing_aotizhongxin,full,3,0.0,3448,2,4.381758213043213,8.300897598266602,2.6379857063293457,3.3981924057006836,11.690945625305176,15.829379081726074,2.5101306438446045,3.5412375926971436,0.6879700422286987,0.9809322357177734
TimesNet,beijing_aotizhongxin,full,3,0.05,3448,2,4.383081912994385,8.301819801330566,2.635552883148194,3.3951058387756348,11.69433879852295,15.830849647521973,2.514230251312256,3.5462753772735596,0.6882067918777466,0.9809606075286864
TimesNet,beijing_aotizhongxin,full,3,0.1,3448,2,4.389555931091309,8.316385269165039,2.6335880756378174,3.392796277999878,11.71981143951416,15.861199378967283,2.516289710998535,3.5491912364959717,0.6885332465171814,0.9816177487373352
TimesNet,beijing_aotizhongxin,full,3,0.2,3448,2,4.39867639541626,8.331936836242676,2.6304001808166504,3.3888046741485596,11.75123405456543,15.89291286468506,2.5236103534698486,3.556715965270996,0.6894628405570984,0.982748568058014
TimesNet,beijing_aotizhongxin,full,4,0.0,3448,2,4.457939147949219,8.331136703491211,2.704599142074585,3.5312659740448,11.804879188537598,15.827958106994627,2.6369996070861816,3.698398351669311,0.6852790117263794,0.9793465733528136
TimesNet,beijing_aotizhongxin,full,4,0.05,3448,2,4.458404064178467,8.328011512756348,2.701636791229248,3.527541160583496,11.807276725769045,15.821650505065918,2.6390252113342285,3.7007744312286377,0.685677707195282,0.9794069528579712
TimesNet,beijing_aotizhongxin,full,4,0.1,3448,2,4.459134578704834,8.329190254211426,2.69800066947937,3.5237579345703125,11.811405181884766,15.824413299560549,2.640922784805298,3.703001022338867,0.6862120032310486,0.9800620675086976
TimesNet,beijing_aotizhongxin,full,4,0.2,3448,2,4.466089725494385,8.339648246765137,2.692361354827881,3.516695737838745,11.834774017333984,15.845579147338867,2.6497645378112793,3.712918281555176,0.6874581575393677,0.981639564037323
Transformer,beijing_aotizhongxin,full,0,0.0,3448,2,5.041987419128418,9.110721588134766,3.622581243515014,4.587705135345459,12.838058471679688,17.160390853881836,3.0142505168914795,3.939940929412842,0.693058967590332,0.9858333468437196
Transformer,beijing_aotizhongxin,full,0,0.05,3448,2,5.044118404388428,9.116147994995115,3.6220133304595943,4.588436603546143,12.846020698547363,17.171279907226562,3.0154054164886475,3.941839456558227,0.6930310726165771,0.9858741164207458
Transformer,beijing_aotizhongxin,full,0,0.1,3448,2,5.043976783752441,9.117424964904783,3.6191349029541016,4.58599328994751,12.850074768066406,17.174901962280273,3.0135743618011475,3.940695285797119,0.6931225657463074,0.9859296083450316
Transformer,beijing_aotizhongxin,full,0,0.2,3448,2,5.04557991027832,9.122225761413574,3.6183407306671143,4.587732791900635,12.854597091674805,17.184118270874023,3.015805721282959,3.942793846130371,0.693574845790863,0.986503541469574
Transformer,beijing_aotizhongxin,full,1,0.0,3448,2,4.984419822692871,8.918450355529785,3.4539618492126465,4.529514312744141,12.643915176391602,16.736894607543945,3.149296283721924,4.069119930267334,0.6905048489570618,0.9782885909080504
Transformer,beijing_aotizhongxin,full,1,0.05,3448,2,4.983177661895752,8.919100761413574,3.45235276222229,4.528377532958984,12.64110279083252,16.73879623413086,3.148688793182373,4.068202018737793,0.6905689239501953,0.9786298871040344
Transformer,beijing_aotizhongxin,full,1,0.1,3448,2,4.988056182861328,8.928174018859863,3.452681303024292,4.530196189880371,12.655841827392578,16.757028579711914,3.152820587158203,4.070614337921143,0.6908816695213318,0.9790779948234558
Transformer,beijing_aotizhongxin,full,1,0.2,3448,2,4.993075847625732,8.942811012268066,3.453862428665161,4.535706520080566,12.672319412231444,16.7858829498291,3.1548755168914795,4.073937892913818,0.6912438273429871,0.9798113107681274
Transformer,beijing_aotizhongxin,full,2,0.0,3448,2,4.982868194580078,8.933188438415527,3.5711817741394043,4.511004447937012,12.63681411743164,16.790206909179688,3.040330648422241,4.001046180725098,0.6831449270248413,0.9689483046531676
Transformer,beijing_aotizhongxin,full,2,0.05,3448,2,4.98499870300293,8.939071655273438,3.57059645652771,4.510150909423828,12.643048286437988,16.802181243896484,3.042757034301758,4.004153728485107,0.6835953593254089,0.9695348739624025
Transformer,beijing_aotizhongxin,full,2,0.1,3448,2,4.985282897949219,8.939497947692871,3.570077657699585,4.509822845458984,12.643939018249512,16.802959442138672,3.043383836746216,4.0049967765808105,0.6837321519851685,0.969832181930542
Transformer,beijing_aotizhongxin,full,2,0.2,3448,2,4.989124298095703,8.95332145690918,3.5649254322052,4.50782585144043,12.663911819458008,16.832082748413086,3.043757915496826,4.0083770751953125,0.6839020252227783,0.9701994061470032
Transformer,beijing_aotizhongxin,full,3,0.0,3448,2,4.93124532699585,9.112558364868164,3.3584165573120117,4.456291198730469,12.743125915527344,17.212766647338867,2.9331090450286865,3.881158590316773,0.6903297305107117,0.9765334725379944
Transformer,beijing_aotizhongxin,full,3,0.05,3448,2,4.9344868659973145,9.11633014678955,3.3610551357269287,4.459009170532227,12.75017547607422,17.219614028930664,2.936133861541748,3.8830316066741943,0.6905791759490967,0.9767874479293824
Transformer,beijing_aotizhongxin,full,3,0.1,3448,2,4.938657283782959,9.125508308410645,3.360551357269287,4.459132671356201,12.764610290527344,17.23860740661621,2.9384605884552,3.884673357009888,0.6910057067871094,0.9774863719940186
Transformer,beijing_aotizhongxin,full,3,0.2,3448,2,4.943291187286377,9.127569198608398,3.368319272994995,4.46974515914917,12.7691011428833,17.238353729248047,2.944419860839844,3.892930507659912,0.6913256049156189,0.9776077270507812
Transformer,beijing_aotizhongxin,full,4,0.0,3448,2,4.9279398918151855,8.701398849487305,3.463869094848633,4.357316493988037,12.40987491607666,16.322113037109375,3.138622522354126,4.062613487243652,0.699391782283783,0.9772493839263916
Transformer,beijing_aotizhongxin,full,4,0.05,3448,2,4.928439140319824,8.702670097351074,3.4598963260650635,4.353404998779297,12.41603183746338,16.325969696044922,3.1382687091827393,4.062198162078857,0.6995619535446167,0.9772742986679076
Transformer,beijing_aotizhongxin,full,4,0.1,3448,2,4.9297919273376465,8.704540252685547,3.457942008972168,4.352143287658691,12.42251968383789,16.33004379272461,3.138948440551758,4.063135623931885,0.6997563242912292,0.977550446987152
Transformer,beijing_aotizhongxin,full,4,0.2,3448,2,4.9332685470581055,8.709589958190918,3.454395055770874,4.3498759269714355,12.43106746673584,16.33901596069336,3.147976875305176,4.072812557220459,0.6996386647224426,0.9773662090301514
XAI-MeteoFormer,beijing_aotizhongxin,no_revin,0,0.0,3448,2,4.188685894012451,8.265629768371582,2.059526205062866,2.694307327270508,11.748005867004396,15.970358848571776,2.2804741859436035,3.1765801906585693,0.6667388677597046,0.938218355178833
XAI-MeteoFormer,beijing_aotizhongxin,no_revin,0,0.05,3448,2,4.194155693054199,8.273889541625977,2.060565948486328,2.6954233646392822,11.762327194213867,15.986071586608888,2.2863290309906006,3.182434320449829,0.667400598526001,0.9388076663017272
XAI-MeteoFormer,beijing_aotizhongxin,no_revin,0,0.1,3448,2,4.200263500213623,8.286901473999023,2.0632266998291016,2.6988980770111084,11.777052879333496,16.011388778686523,2.2923402786254883,3.187269449234009,0.6684324741363525,0.9399976134300232
XAI-MeteoFormer,beijing_aotizhongxin,no_revin,0,0.2,3448,2,4.217167854309082,8.309100151062012,2.068538188934326,2.7050156593322754,11.8202486038208,16.05255699157715,2.309598684310913,3.2053651809692383,0.6702855229377747,0.942601203918457
XAI-MeteoFormer,beijing_aotizhongxin,no_revin,1,0.0,3448,2,4.188394069671631,8.240245819091797,2.0711562633514404,2.6294264793395996,11.773611068725586,15.941659927368164,2.2452986240386963,3.108729362487793,0.6635088920593262,0.944469153881073
XAI-MeteoFormer,beijing_aotizhongxin,no_revin,1,0.05,3448,2,4.196261405944824,8.254700660705566,2.0730645656585693,2.6309750080108643,11.795551300048828,15.96982765197754,2.2521674633026123,3.1159257888793945,0.6642630696296692,0.9454455971717834
XAI-MeteoFormer,beijing_aotizhongxin,no_revin,1,0.1,3448,2,4.20941686630249,8.283506393432617,2.076375961303711,2.6337027549743652,11.835528373718262,16.027048110961914,2.2605085372924805,3.125257730484009,0.6652572154998779,0.94661545753479
XAI-MeteoFormer,beijing_aotizhongxin,no_revin,1,0.2,3448,2,4.2359538078308105,8.32911491394043,2.0818355083465576,2.639639377593994,11.914118766784668,16.11573028564453,2.280531644821167,3.148216009140014,0.6673329472541809,0.949162781238556
XAI-MeteoFormer,beijing_aotizhongxin,no_revin,2,0.0,3448,2,4.1523756980896,8.2020845413208,2.0203559398651123,2.6358587741851807,11.70975399017334,15.86049461364746,2.2198731899261475,3.1154465675354004,0.6595165729522705,0.9421747326850892
XAI-MeteoFormer,beijing_aotizhongxin,no_revin,2,0.05,3448,2,4.158851146697998,8.210565567016602,2.022434711456299,2.638139247894287,11.726113319396973,15.876497268676758,2.2263383865356445,3.121042013168335,0.6605193018913269,0.9432359337806702
XAI-MeteoFormer,beijing_aotizhongxin,no_revin,2,0.1,3448,2,4.165463447570801,8.217555046081543,2.0265724658966064,2.641242742538452,11.742258071899414,15.88913345336914,2.2322630882263184,3.1276254653930664,0.6607585549354553,0.9434030055999756
XAI-MeteoFormer,beijing_aotizhongxin,no_revin,2,0.2,3448,2,4.184881687164307,8.243901252746582,2.0359065532684326,2.6492652893066406,11.789833068847656,15.938848495483398,2.2509095668792725,3.144601821899414,0.6628800630569458,0.9453303217887878
XAI-MeteoFormer,beijing_aotizhongxin,no_revin,3,0.0,3448,2,4.11160945892334,8.247673988342285,1.969527006149292,2.5637006759643555,11.572188377380373,15.966496467590332,2.2337429523468018,3.113121747970581,0.670981228351593,0.9504876732826232
XAI-MeteoFormer,beijing_aotizhongxin,no_revin,3,0.05,3448,2,4.117256164550781,8.249960899353027,1.973821043968201,2.56839370727539,11.58250904083252,15.969232559204102,2.241248846054077,3.1193487644195557,0.6714447140693665,0.9508206248283386
XAI-MeteoFormer,beijing_aotizhongxin,no_revin,3,0.1,3448,2,4.126716136932373,8.261411666870117,1.977698564529419,2.572088718414306,11.607747077941896,15.990750312805176,2.2493746280670166,3.1270320415496826,0.6720442771911621,0.951680302619934
XAI-MeteoFormer,beijing_aotizhongxin,no_revin,3,0.2,3448,2,4.151008605957031,8.302430152893066,1.9851763248443604,2.5792603492736816,11.675735473632812,16.070491790771484,2.2691168785095215,3.14620304107666,0.6740059852600098,0.9536738991737366
XAI-MeteoFormer,beijing_aotizhongxin,no_revin,4,0.0,3448,2,4.109543800354004,8.142250061035156,1.968926787376404,2.5912108421325684,11.529082298278809,15.73628044128418,2.2650468349456787,3.149211883544922,0.6751188039779663,0.9605141282081604
XAI-MeteoFormer,beijing_aotizhongxin,no_revin,4,0.05,3448,2,4.117155075073242,8.151493072509766,1.9713084697723389,2.593104839324951,11.553082466125488,15.75409698486328,2.2690398693084717,3.1542577743530273,0.6751884818077087,0.9603762626647948
XAI-MeteoFormer,beijing_aotizhongxin,no_revin,4,0.1,3448,2,4.124566078186035,8.16598892211914,1.9743200540542605,2.5953619480133057,11.575610160827637,15.78292465209961,2.2726244926452637,3.158081531524658,0.6757078766822815,0.960937798023224
XAI-MeteoFormer,beijing_aotizhongxin,no_revin,4,0.2,3448,2,4.148322105407715,8.205820083618164,1.9787588119506836,2.6000165939331055,11.643614768981934,15.859851837158203,2.2933590412139893,3.1810531616210938,0.6775525212287903,0.9632098078727722
iTransformer,beijing_aotizhongxin,full,0,0.0,3448,2,4.255542755126953,8.241849899291992,2.0436105728149414,2.690528154373169,11.525236129760742,15.77968692779541,2.7389020919799805,3.803936719894409,0.7144225239753723,1.0024749040603638
iTransformer,beijing_aotizhongxin,full,0,0.05,3448,2,4.26270055770874,8.25259017944336,2.0454764366149902,2.692157745361328,11.546700477600098,15.800573348999023,2.743101119995117,3.808804035186768,0.7155236601829529,1.0040556192398071
iTransformer,beijing_aotizhongxin,full,0,0.1,3448,2,4.269420623779297,8.26632022857666,2.047568082809448,2.694133043289185,11.567304611206056,15.828328132629396,2.745999336242676,3.810924768447876,0.7168116569519043,1.0053573846817017
iTransformer,beijing_aotizhongxin,full,0,0.2,3448,2,4.287705421447754,8.284368515014648,2.0555648803710938,2.699171781539917,11.6195707321167,15.862529754638672,2.756025791168213,3.820916414260864,0.7196581363677979,1.0090781450271606
iTransformer,beijing_aotizhongxin,full,1,0.0,3448,2,4.236619472503662,8.221831321716309,2.035870313644409,2.683919668197632,11.47072696685791,15.732414245605469,2.7290048599243164,3.830446481704712,0.7108731865882874,1.0047141313552856
iTransformer,beijing_aotizhongxin,full,1,0.05,3448,2,4.24220085144043,8.232069969177246,2.0370583534240723,2.6849112510681152,11.487637519836426,15.75283908843994,2.732258558273315,3.833360433578491,0.711845874786377,1.006248950958252
iTransformer,beijing_aotizhongxin,full,1,0.1,3448,2,4.251891136169434,8.252131462097168,2.039512872695923,2.6872756481170654,11.518041610717772,15.79334545135498,2.736815929412842,3.8371798992156982,0.7131942510604858,1.0077224969863892
iTransformer,beijing_aotizhongxin,full,1,0.2,3448,2,4.273105621337891,8.293193817138672,2.0463778972625732,2.6929361820220947,11.583271026611328,15.875908851623535,2.7461698055267334,3.8456451892852783,0.7166039347648621,1.011369705200195
iTransformer,beijing_aotizhongxin,full,2,0.0,3448,2,4.244722366333008,8.291231155395508,2.0427420139312744,2.678234815597534,11.573042869567873,15.900506019592283,2.648926258087158,3.7374324798583984,0.714179277420044,1.005324125289917
iTransformer,beijing_aotizhongxin,full,2,0.05,3448,2,4.251767158508301,8.302149772644043,2.045581340789795,2.681075096130371,11.591955184936523,15.921525955200195,2.6530866622924805,3.7420945167541504,0.7164438962936401,1.0081665515899658
iTransformer,beijing_aotizhongxin,full,2,0.1,3448,2,4.257543087005615,8.306609153747559,2.0491411685943604,2.68442440032959,11.606797218322754,15.928993225097656,2.657158374786377,3.7473554611206055,0.7170771956443787,1.008674383163452
iTransformer,beijing_aotizhongxin,full,2,0.2,3448,2,4.2730021476745605,8.324429512023926,2.056755542755127,2.6900572776794434,11.649662971496582,15.962820053100586,2.66664981842041,3.7570436000823975,0.7189387679100037,1.0104727745056152
iTransformer,beijing_aotizhongxin,full,3,0.0,3448,2,4.236316204071045,8.275629043579102,1.978083610534668,2.6021623611450195,11.532918930053713,15.868145942687988,2.717501640319824,3.789596319198608,0.7167618870735168,1.006860852241516
iTransformer,beijing_aotizhongxin,full,3,0.05,3448,2,4.241463661193848,8.281001091003418,1.9812908172607424,2.605846405029297,11.547182083129885,15.878003120422363,2.7202908992767334,3.792603492736816,0.7170897126197815,1.0072898864746094
iTransformer,beijing_aotizhongxin,full,3,0.1,3448,2,4.247614860534668,8.2893648147583,1.983601450920105,2.6080265045166016,11.564865112304688,15.893900871276855,2.7245125770568848,3.797391176223755,0.7174788117408752,1.0080668926239014
iTransformer,beijing_aotizhongxin,full,3,0.2,3448,2,4.265501976013184,8.312646865844727,1.9911274909973145,2.615095615386963,11.616826057434082,15.938817024230955,2.734652280807495,3.8071751594543457,0.7194021344184875,1.010538935661316
iTransformer,beijing_aotizhongxin,full,4,0.0,3448,2,4.276626110076904,8.292162895202637,2.0747628211975098,2.727018117904663,11.60125732421875,15.883606910705566,2.7096564769744873,3.7817037105560303,0.7208291292190552,1.006488800048828
iTransformer,beijing_aotizhongxin,full,4,0.05,3448,2,4.281984806060791,8.299148559570312,2.07464861869812,2.726206541061402,11.618261337280272,15.897496223449709,2.7132089138031006,3.785087108612061,0.7218198776245117,1.0069562196731567
iTransformer,beijing_aotizhongxin,full,4,0.1,3448,2,4.288391590118408,8.308087348937988,2.077692985534668,2.7290899753570557,11.635028839111328,15.914423942565918,2.717874765396118,3.789987087249756,0.7229725122451782,1.008206129074097
iTransformer,beijing_aotizhongxin,full,4,0.2,3448,2,4.305354595184326,8.33016586303711,2.082474708557129,2.7330052852630615,11.684771537780762,15.957368850708008,2.7272818088531494,3.798933744430542,0.72688889503479,1.0137934684753418
Autoformer,jena,full_normon,0,0.0,2782,5,3.888248443603515,6.169887065887451,2.6736795902252197,3.437585830688477,8.224198341369629,10.681822776794434,3.6942193508148193,4.957579135894775,0.9608992338180542,1.3319528102874756
Autoformer,jena,full_normon,0,0.05,2782,5,3.888839483261109,6.173061847686768,2.667587995529175,3.433138608932495,8.233370780944824,10.691761016845703,3.693647861480713,4.954925060272217,0.960752248764038,1.3323973417282104
Autoformer,jena,full_normon,0,0.1,2782,5,3.8866991996765137,6.171972751617432,2.6634981632232666,3.430137872695923,8.237548828125,10.69361686706543,3.686129331588745,4.947673320770264,0.959620237350464,1.3320077657699585
Autoformer,jena,full_normon,0,0.2,2782,5,3.897071599960327,6.182600498199463,2.6589674949645996,3.422358274459839,8.256940841674805,10.708008766174316,3.710851669311523,4.974181652069092,0.9615253210067748,1.3348087072372437
Autoformer,jena,full_normon,1,0.0,2782,5,3.840195655822754,6.105037689208984,2.754347324371338,3.5227842330932617,8.173406600952148,10.593131065368652,3.4939560890197754,4.760499000549316,0.939072847366333,1.3413299322128296
Autoformer,jena,full_normon,1,0.05,2782,5,3.839214563369751,6.10331916809082,2.7519102096557617,3.519850730895996,8.17341136932373,10.589508056640623,3.4924135208129883,4.761837959289551,0.9391236901283264,1.3416045904159546
Autoformer,jena,full_normon,1,0.1,2782,5,3.841423749923706,6.10675573348999,2.7507784366607666,3.518824815750122,8.183788299560547,10.599639892578123,3.4917633533477783,4.757627487182617,0.9393654465675354,1.3417798280715942
Autoformer,jena,full_normon,1,0.2,2782,5,3.84753942489624,6.1143798828125,2.7501332759857178,3.5175275802612305,8.208823204040527,10.616395950317385,3.492410898208618,4.7606916427612305,0.9387922286987304,1.340721845626831
Autoformer,jena,full_normon,2,0.0,2782,5,3.968435049057007,6.272205829620361,2.7368834018707275,3.481083631515503,8.4827241897583,10.864994049072266,3.7134108543396,5.037734031677246,0.940723478794098,1.3481240272521973
Autoformer,jena,full_normon,2,0.05,2782,5,3.969839572906494,6.273282527923584,2.736640214920044,3.479802131652832,8.482317924499512,10.861464500427246,3.71915602684021,5.0512776374816895,0.941243290901184,1.34924054145813
Autoformer,jena,full_normon,2,0.1,2782,5,3.9676973819732666,6.271242141723633,2.730750560760498,3.4731225967407227,8.48221206665039,10.856053352355955,3.7164642810821538,5.057190895080566,0.9413610696792604,1.349892258644104
Autoformer,jena,full_normon,2,0.2,2782,5,3.970927238464355,6.274465084075928,2.7306969165802,3.4721086025238037,8.489432334899902,10.857831001281738,3.721641540527344,5.0698113441467285,0.9419392347335817,1.3507843017578125
Autoformer,jena,full_normon,3,0.0,2782,5,3.902872323989868,6.261738300323486,2.635162115097046,3.3682730197906494,8.499651908874512,10.910721778869627,3.526312828063965,4.963162422180176,0.9503604173660278,1.347347617149353
Autoformer,jena,full_normon,3,0.05,2782,5,3.908900022506714,6.275198459625244,2.633941650390625,3.3641388416290283,8.51375675201416,10.932247161865234,3.5373589992523193,4.986315727233887,0.9505409598350524,1.3481991291046145
Autoformer,jena,full_normon,3,0.1,2782,5,3.9127776622772217,6.279918193817139,2.635253667831421,3.3658907413482666,8.523177146911621,10.93686580657959,3.542797088623047,4.998856544494629,0.9498840570449828,1.3478378057479858
Autoformer,jena,full_normon,3,0.2,2782,5,3.9240801334381104,6.292595863342285,2.645285129547119,3.380106210708618,8.541398048400879,10.955120086669922,3.5594072341918945,5.012853622436523,0.9502304792404176,1.3485596179962158
Autoformer,jena,full_normon,4,0.0,2782,5,3.9173874855041504,6.216757774353027,2.847728729248047,3.601384401321411,8.420480728149414,10.858360290527344,3.443044900894165,4.678030014038086,0.958296835422516,1.354392170906067
Autoformer,jena,full_normon,4,0.05,2782,5,3.921649694442749,6.220456123352051,2.847022771835327,3.598019599914551,8.433526039123535,10.865363121032717,3.4460349082946777,4.68302583694458,0.960015833377838,1.3578355312347412
Autoformer,jena,full_normon,4,0.1,2782,5,3.9267303943634033,6.224910259246826,2.842021942138672,3.592007875442505,8.435458183288574,10.864314079284668,3.467869281768799,4.713069915771484,0.9615716934204102,1.3598378896713257
Autoformer,jena,full_normon,4,0.2,2782,5,3.9345414638519287,6.237656593322754,2.8415720462799072,3.5944414138793945,8.455587387084961,10.880633354187012,3.4781830310821533,4.740360736846924,0.962820827960968,1.3616905212402344
LSTM,jena,full_normoff,0,0.0,2782,5,3.365481376647949,5.497907638549805,2.7817442417144775,3.4463257789611816,7.4368720054626465,9.800561904907228,2.3902945518493652,3.3916683197021484,0.8530144095420837,1.2150602340698242
LSTM,jena,full_normoff,0,0.05,2782,5,3.3673994541168213,5.498748302459717,2.780885696411133,3.4444222450256348,7.439827919006348,9.801963806152344,2.3954763412475586,3.394813299179077,0.8534082174301147,1.2155870199203491
LSTM,jena,full_normoff,0,0.1,2782,5,3.3689496517181396,5.501404762268066,2.78059983253479,3.443803310394287,7.445621013641357,9.80803108215332,2.395646095275879,3.3949060440063477,0.8539336323738098,1.2162084579467771
LSTM,jena,full_normoff,0,0.2,2782,5,3.376847982406616,5.5100860595703125,2.7840378284454346,3.446502923965454,7.459857940673828,9.822257995605469,2.408419609069824,3.40688419342041,0.8550767302513123,1.217455506324768
LSTM,jena,full_normoff,1,0.0,2782,5,3.3012278079986572,5.420376300811768,2.707650661468506,3.365077018737793,7.258573532104492,9.668437004089355,2.386237859725952,3.353637218475342,0.8524489998817444,1.213520050048828
LSTM,jena,full_normoff,1,0.05,2782,5,3.3013086318969727,5.419014930725098,2.707388162612915,3.363893747329712,7.258182525634766,9.665526390075684,2.387001037597656,3.3543856143951416,0.8526642322540283,1.2136011123657229
LSTM,jena,full_normoff,1,0.1,2782,5,3.302072525024414,5.419915676116943,2.705409049987793,3.3613967895507812,7.259041786193848,9.666603088378906,2.3908402919769287,3.359511375427246,0.8529987335205078,1.2138521671295166
LSTM,jena,full_normoff,1,0.2,2782,5,3.3074252605438232,5.424626350402832,2.7065610885620117,3.3610165119171143,7.268752098083496,9.672995567321776,2.4001948833465576,3.3715174198150635,0.8541921973228455,1.214852809906006
LSTM,jena,full_normoff,2,0.0,2782,5,3.3139584064483643,5.359355926513672,2.8473265171051025,3.4842422008514404,7.197139739990234,9.496661186218262,2.358297109603882,3.331435441970825,0.8530712127685547,1.2107053995132446
LSTM,jena,full_normoff,2,0.05,2782,5,3.315462350845337,5.360898017883301,2.8468754291534424,3.483840227127075,7.200132369995117,9.498686790466309,2.3616294860839844,3.335973739624023,0.85321444272995,1.2107763290405271
LSTM,jena,full_normoff,2,0.1,2782,5,3.3170011043548584,5.3617329597473145,2.8456926345825195,3.482663869857788,7.202401638031006,9.498696327209473,2.366694450378418,3.3426103591918945,0.853214681148529,1.2105756998062134
LSTM,jena,full_normoff,2,0.2,2782,5,3.324275493621826,5.372600555419922,2.848165512084961,3.485830545425415,7.220998287200928,9.5187349319458,2.373328685760498,3.351548910140991,0.8546087741851807,1.212084412574768
LSTM,jena,full_normoff,3,0.0,2782,5,3.352938652038574,5.418703079223633,2.7675724029541016,3.3796226978302,7.332714080810547,9.636567115783691,2.4429354667663574,3.4181201457977295,0.8685299754142761,1.2167840003967283
LSTM,jena,full_normoff,3,0.05,2782,5,3.3538084030151367,5.419490337371826,2.768084764480591,3.379948616027832,7.334343910217285,9.63769817352295,2.444023609161377,3.4195597171783447,0.8687791228294373,1.2168961763381958
LSTM,jena,full_normoff,3,0.1,2782,5,3.354624032974243,5.420284271240234,2.7669312953948975,3.3790833950042725,7.336893558502197,9.63949489593506,2.4456820487976074,3.4203052520751953,0.8689901232719421,1.217115044593811
LSTM,jena,full_normoff,3,0.2,2782,5,3.359553575515747,5.425617218017578,2.7669014930725098,3.3787670135498047,7.347950458526611,9.64854335784912,2.453798770904541,3.4286887645721436,0.8695642352104187,1.217759609222412
LSTM,jena,full_normoff,4,0.0,2782,5,3.252828359603882,5.363063812255859,2.5806760787963867,3.215794801712036,7.231050968170166,9.60234546661377,2.3402206897735596,3.3211212158203125,0.859365701675415,1.21392023563385
LSTM,jena,full_normoff,4,0.05,2782,5,3.254493474960327,5.364021301269531,2.5809011459350586,3.216391086578369,7.234007358551025,9.602705001831056,2.343475818634033,3.3256847858428955,0.859588086605072,1.2139205932617188
LSTM,jena,full_normoff,4,0.1,2782,5,3.2565250396728516,5.365945339202881,2.580578565597534,3.2152457237243652,7.239578723907471,9.606779098510742,2.3458139896392822,3.3273026943206787,0.8601319193840027,1.2142972946166992
LSTM,jena,full_normoff,4,0.2,2782,5,3.261486530303955,5.3716020584106445,2.5813307762145996,3.2160913944244385,7.250123500823975,9.61480712890625,2.353121519088745,3.3394687175750732,0.8613712787628174,1.215165376663208
Autoformer,beijing_aotizhongxin,full_normon,0,0.0,3448,2,5.189269065856934,9.154413223266602,2.9817869663238525,3.8295786380767822,13.20908546447754,17.142602920532227,3.865797519683838,5.065662860870361,0.7004048228263855,1.0088108777999878
Autoformer,beijing_aotizhongxin,full_normon,0,0.05,3448,2,5.189194202423096,9.154223442077637,2.97778058052063,3.824460029602051,13.214548110961914,17.143524169921875,3.863795280456543,5.06499719619751,0.7006518244743347,1.0090121030807495
Autoformer,beijing_aotizhongxin,full_normon,0,0.1,3448,2,5.192788124084473,9.15849781036377,2.9742236137390137,3.8211936950683594,13.234046936035156,17.15372657775879,3.8618359565734863,5.063716888427734,0.7010451555252075,1.00959575176239
Autoformer,beijing_aotizhongxin,full_normon,0,0.2,3448,2,5.199446201324463,9.170900344848633,2.961761236190796,3.808120250701904,13.272923469543455,17.183753967285156,3.8602311611175537,5.061066150665283,0.7028681039810181,1.0119346380233765
Autoformer,beijing_aotizhongxin,full_normon,1,0.0,3448,2,5.480274200439453,9.62252426147461,3.1678285598754883,4.066319465637207,13.923517227172852,18.001934051513672,4.106800556182861,5.356914043426514,0.7229490280151367,1.0348316431045532
Autoformer,beijing_aotizhongxin,full_normon,1,0.05,3448,2,5.479885101318359,9.621736526489258,3.1640031337738037,4.060962200164795,13.925928115844728,18.001535415649414,4.106539726257324,5.35659122467041,0.72306889295578,1.0351308584213257
Autoformer,beijing_aotizhongxin,full_normon,1,0.1,3448,2,5.480793476104736,9.6251859664917,3.160287380218506,4.056921482086182,13.933311462402344,18.009788513183594,4.106494426727295,5.356727123260498,0.7230823040008545,1.0349762439727783
Autoformer,beijing_aotizhongxin,full_normon,1,0.2,3448,2,5.482801914215088,9.629438400268556,3.1515629291534424,4.044829368591309,13.95048713684082,18.021860122680664,4.105510234832764,5.355767726898193,0.7236452102661133,1.035400629043579
Autoformer,beijing_aotizhongxin,full_normon,2,0.0,3448,2,5.340748310089111,9.41234016418457,3.170280694961548,4.042080402374268,13.580025672912598,17.634902954101562,3.907650232315063,5.1003594398498535,0.7050356864929199,1.01324725151062
Autoformer,beijing_aotizhongxin,full_normon,2,0.05,3448,2,5.344961166381836,9.42166233062744,3.167640686035156,4.039538383483887,13.59884548187256,17.655227661132812,3.9079360961914062,5.100807189941406,0.7054244875907898,1.0137386322021484
Autoformer,beijing_aotizhongxin,full_normon,2,0.1,3448,2,5.345445156097412,9.423686981201172,3.1641159057617188,4.036548137664795,13.605036735534668,17.660295486450195,3.906993150711059,5.100552558898926,0.7056359648704529,1.013964295387268
Autoformer,beijing_aotizhongxin,full_normon,2,0.2,3448,2,5.34304666519165,9.423917770385742,3.148411512374878,4.021454334259033,13.612279891967772,17.664695739746094,3.905635118484497,5.098957061767578,0.7058616876602173,1.0138972997665403
Autoformer,beijing_aotizhongxin,full_normon,3,0.0,3448,2,5.304035186767578,9.34032154083252,3.1209940910339355,4.002000331878662,13.52962875366211,17.492891311645508,3.849797010421753,5.092328071594238,0.7157220840454102,1.008633017539978
Autoformer,beijing_aotizhongxin,full_normon,3,0.05,3448,2,5.300088405609131,9.332149505615234,3.115697145462036,3.9966793060302734,13.52180004119873,17.477392196655273,3.8475301265716553,5.089874744415283,0.7153266668319702,1.008210062980652
Autoformer,beijing_aotizhongxin,full_normon,3,0.1,3448,2,5.304190158843994,9.343541145324709,3.112617015838623,3.993050575256348,13.5426607131958,17.503129959106445,3.846135139465332,5.087867736816406,0.7153480052947998,1.0082802772521973
Autoformer,beijing_aotizhongxin,full_normon,3,0.2,3448,2,5.310683727264404,9.356048583984377,3.096545934677124,3.9756276607513423,13.583746910095217,17.532094955444336,3.847017288208008,5.093647003173828,0.7154266834259033,1.0086736679077148
Autoformer,beijing_aotizhongxin,full_normon,4,0.0,3448,2,5.420356273651123,9.552238464355469,3.255500316619873,4.123920917510986,13.781949043273926,17.896520614624023,3.9342055320739746,5.161226749420166,0.7097700834274292,1.0250129699707031
Autoformer,beijing_aotizhongxin,full_normon,4,0.05,3448,2,5.41650915145874,9.547980308532717,3.2488913536071777,4.117190361022949,13.774847984313965,17.889368057250977,3.932558298110962,5.159883975982666,0.7097387909889221,1.0249924659729004
Autoformer,beijing_aotizhongxin,full_normon,4,0.1,3448,2,5.417506217956543,9.55217456817627,3.2405788898468018,4.108993053436279,13.788004875183104,17.89992904663086,3.931851387023926,5.160853862762451,0.7095869183540344,1.0248898267745972
Autoformer,beijing_aotizhongxin,full_normon,4,0.2,3448,2,5.411669731140137,9.541815757751465,3.22890043258667,4.093711853027344,13.779428482055664,17.881521224975586,3.928723096847534,5.160157203674316,0.709628164768219,1.0249419212341309
Transformer,beijing_aotizhongxin,full_normon,0,0.0,3448,2,4.847184658050537,8.824357986450195,3.1379072666168213,3.9964749813079834,12.690519332885742,16.705883026123047,2.8550784587860107,3.927263021469116,0.7052324414253235,0.9977015852928162
Transformer,beijing_aotizhongxin,full_normon,0,0.05,3448,2,4.849451065063477,8.82916259765625,3.1359705924987793,3.994178533554077,12.698617935180664,16.715837478637695,2.85792875289917,3.930379629135132,0.7052854895591736,0.9979290962219238
Transformer,beijing_aotizhongxin,full_normon,0,0.1,3448,2,4.84857177734375,8.82736873626709,3.135070562362671,3.9934329986572266,12.693403244018556,16.711902618408203,2.8606252670288086,3.9317164421081543,0.705188512802124,0.998112976551056
Transformer,beijing_aotizhongxin,full_normon,0,0.2,3448,2,4.849930286407471,8.831816673278809,3.129218101501465,3.9880707263946538,12.701394081115724,16.721298217773438,2.8634822368621826,3.9368274211883545,0.705626368522644,0.9993784427642822
Transformer,beijing_aotizhongxin,full_normon,1,0.0,3448,2,5.012924671173096,9.050454139709473,3.311068058013916,4.186883926391602,13.123085975646973,17.131572723388672,2.892961025238037,3.952422857284546,0.7245824933052063,1.0002449750900269
Transformer,beijing_aotizhongxin,full_normon,1,0.05,3448,2,5.013517379760742,9.052443504333496,3.308786630630493,4.184837341308594,13.125495910644531,17.135623931884766,2.8948843479156494,3.955080270767212,0.7249059081077576,1.0008940696716309
Transformer,beijing_aotizhongxin,full_normon,1,0.1,3448,2,5.014749526977539,9.05728530883789,3.306784152984619,4.1824049949646,13.129531860351562,17.145721435546875,2.897921562194824,3.958230495452881,0.7247614860534668,1.0009182691574097
Transformer,beijing_aotizhongxin,full_normon,1,0.2,3448,2,5.016768932342529,9.060081481933594,3.297950506210327,4.169760704040527,13.137585639953612,17.15213394165039,2.906579971313477,3.969316244125366,0.7249586582183838,1.0011268854141235
Transformer,beijing_aotizhongxin,full_normon,2,0.0,3448,2,4.906881809234619,8.921875,3.104533433914185,4.026376247406006,12.919471740722656,16.890119552612305,2.8815112113952637,3.9879961013793945,0.7220099568367004,1.0037283897399902
Transformer,beijing_aotizhongxin,full_normon,2,0.05,3448,2,4.907905101776123,8.923730850219727,3.106980562210083,4.028520107269287,12.917404174804688,16.892118453979492,2.885054111480713,3.993886232376098,0.7221794128417969,1.0040589570999146
Transformer,beijing_aotizhongxin,full_normon,2,0.1,3448,2,4.905705451965332,8.918246269226074,3.1091415882110596,4.03009557723999,12.904379844665527,16.8790340423584,2.8878421783447266,3.9987711906433105,0.7214562296867371,1.0034174919128418
Transformer,beijing_aotizhongxin,full_normon,2,0.2,3448,2,4.902229309082031,8.91224193572998,3.1041688919067383,4.023773193359375,12.888291358947754,16.86557960510254,2.8955142498016357,4.0084004402160645,0.7209475040435791,1.003198742866516
Transformer,beijing_aotizhongxin,full_normon,3,0.0,3448,2,4.85109281539917,9.02795124053955,2.812685251235962,3.653149366378784,12.998876571655272,17.210895538330078,2.8769288063049316,3.929572343826294,0.7158809900283813,1.006794810295105
Transformer,beijing_aotizhongxin,full_normon,3,0.05,3448,2,4.849886894226074,9.024290084838867,2.810699462890625,3.650364875793457,12.993656158447266,17.20318031311035,2.879551887512207,3.932353973388672,0.7156432271003723,1.0066324472427368
Transformer,beijing_aotizhongxin,full_normon,3,0.1,3448,2,4.852895259857178,9.030009269714355,2.809807062149048,3.649735450744629,13.002364158630373,17.2144775390625,2.8840181827545166,3.936023235321045,0.7153946161270142,1.0065962076187134
Transformer,beijing_aotizhongxin,full_normon,3,0.2,3448,2,4.853614807128906,9.027621269226074,2.804558038711548,3.642891407012939,13.000921249389648,17.20842742919922,2.893944501876831,3.946979999542236,0.7150356769561768,1.0062495470046997
Transformer,beijing_aotizhongxin,full_normon,4,0.0,3448,2,4.854436874389648,8.786699295043945,3.339365243911743,4.216592788696289,12.57370948791504,16.589555740356445,2.7933812141418457,3.848900556564331,0.7112911343574524,1.0086051225662231
Transformer,beijing_aotizhongxin,full_normon,4,0.05,3448,2,4.8561882972717285,8.786416053771973,3.3368539810180664,4.213405609130859,12.582789421081545,16.589900970458984,2.793851852416992,3.848351240158081,0.7112582325935364,1.008506178855896
Transformer,beijing_aotizhongxin,full_normon,4,0.1,3448,2,4.856675148010254,8.786483764648438,3.3355066776275635,4.2113261222839355,12.58462142944336,16.590301513671875,2.7950165271759033,3.849417209625244,0.7115552425384521,1.008867859840393
Transformer,beijing_aotizhongxin,full_normon,4,0.2,3448,2,4.857335090637207,8.780930519104004,3.3226518630981445,4.196238994598389,12.587772369384766,16.578950881958008,2.806235074996948,3.863778591156006,0.7126774787902832,1.010002851486206
Crossformer,beijing_aotizhongxin,full_normon,0,0.0,3448,2,4.1330108642578125,7.943859577178955,2.5536999702453613,3.3202154636383057,11.089717864990234,15.176580429077148,2.217210054397583,3.181431531906128,0.671412467956543,0.9724774956703186
Crossformer,beijing_aotizhongxin,full_normon,0,0.05,3448,2,4.138938903808594,7.95416784286499,2.551172971725464,3.317765474319458,11.106595993041992,15.196975708007812,2.225585699081421,3.189110517501831,0.6724013090133667,0.9742323160171509
Crossformer,beijing_aotizhongxin,full_normon,0,0.1,3448,2,4.150146007537842,7.971127510070801,2.550924062728882,3.3178904056549072,11.142784118652344,15.23118782043457,2.233454465866089,3.194671392440796,0.6734212040901184,0.975776731967926
Crossformer,beijing_aotizhongxin,full_normon,0,0.2,3448,2,4.176535129547119,8.011817932128906,2.5510971546173096,3.317018508911133,11.22634506225586,15.312243461608887,2.2532896995544434,3.214148759841919,0.6754071116447449,0.979155421257019
Crossformer,beijing_aotizhongxin,full_normon,1,0.0,3448,2,4.134740829467773,7.904683589935303,2.5578529834747314,3.266702175140381,11.071582794189453,15.103038787841797,2.2366943359375,3.1976585388183594,0.6728331446647644,0.9684777855873108
Crossformer,beijing_aotizhongxin,full_normon,1,0.05,3448,2,4.142305374145508,7.919021129608154,2.555588722229004,3.26497745513916,11.098057746887207,15.132490158081055,2.2417843341827393,3.2016043663024902,0.6737932562828064,0.9700620174407959
Crossformer,beijing_aotizhongxin,full_normon,1,0.1,3448,2,4.155214786529541,7.944246292114258,2.5546727180480957,3.264620780944824,11.14078426361084,15.183968544006348,2.250509262084961,3.2077245712280273,0.6748934388160706,0.9716159105300903
Crossformer,beijing_aotizhongxin,full_normon,1,0.2,3448,2,4.179721832275391,7.9867987632751465,2.555544137954712,3.2662603855133057,11.218729972839355,15.268409729003906,2.267972230911255,3.227250099182129,0.6766406297683716,0.9735777378082275
Crossformer,beijing_aotizhongxin,full_normon,2,0.0,3448,2,4.103995323181152,7.839051723480225,2.459866762161255,3.193408250808716,11.06566333770752,14.98593521118164,2.2157702445983887,3.178140640258789,0.6746781468391418,0.962403416633606
Crossformer,beijing_aotizhongxin,full_normon,2,0.05,3448,2,4.113235950469971,7.854184627532959,2.4592444896698,3.1923670768737793,11.093320846557617,15.015863418579102,2.2244465351104736,3.1867408752441406,0.675929844379425,0.9644647836685181
Crossformer,beijing_aotizhongxin,full_normon,2,0.1,3448,2,4.121232509613037,7.864060878753662,2.4590330123901367,3.1929802894592285,11.11780834197998,15.034980773925781,2.231832265853882,3.193175792694092,0.6762546896934509,0.9652310609817505
Crossformer,beijing_aotizhongxin,full_normon,2,0.2,3448,2,4.142643928527832,7.89727783203125,2.4569106101989746,3.1914193630218506,11.185938835144043,15.101216316223145,2.250459671020508,3.2095296382904053,0.6772688031196594,0.9669616222381592
Crossformer,beijing_aotizhongxin,full_normon,3,0.0,3448,2,4.16541862487793,7.8516716957092285,2.7284178733825684,3.4615371227264404,11.01633358001709,14.94906997680664,2.2377266883850098,3.1980810165405273,0.6791977286338806,0.9541428089141846
Crossformer,beijing_aotizhongxin,full_normon,3,0.05,3448,2,4.170904159545898,7.8568949699401855,2.7253265380859375,3.4589152336120605,11.03626537322998,14.959585189819336,2.2430741786956787,3.202977180480957,0.6789490580558777,0.9543837904930115
Crossformer,beijing_aotizhongxin,full_normon,3,0.1,3448,2,4.1763787269592285,7.864506721496582,2.7203264236450195,3.4556498527526855,11.056684494018555,14.974838256835938,2.249568462371826,3.2096939086914062,0.6789335012435913,0.9551922082901001
Crossformer,beijing_aotizhongxin,full_normon,3,0.2,3448,2,4.198655128479004,7.897783279418945,2.713308334350586,3.449967861175537,11.132225036621094,15.041763305664062,2.2694694995880127,3.2291007041931152,0.679614245891571,0.9570128917694092
Crossformer,beijing_aotizhongxin,full_normon,4,0.0,3448,2,4.147677421569824,8.038829803466797,2.423201560974121,3.136033058166504,11.242814064025879,15.408044815063477,2.240004301071167,3.2112913131713867,0.6846890449523926,0.9675291180610657
Crossformer,beijing_aotizhongxin,full_normon,4,0.05,3448,2,4.154648780822754,8.049492835998535,2.4210541248321533,3.133622646331787,11.265573501586914,15.429610252380371,2.246791124343872,3.2168304920196533,0.6851806640625,0.9679293632507324
Crossformer,beijing_aotizhongxin,full_normon,4,0.1,3448,2,4.163822174072266,8.065506935119629,2.419165849685669,3.131880521774292,11.296035766601562,15.461573600769043,2.254331350326538,3.225243091583252,0.685757040977478,0.9687395691871643
Crossformer,beijing_aotizhongxin,full_normon,4,0.2,3448,2,4.185856819152832,8.095946311950684,2.4177653789520264,3.1278724670410156,11.363203048706055,15.521260261535645,2.2742507457733154,3.246055841445923,0.6882078051567078,0.9733097553253174
