model,dataset,ablation,seed,missing_rate,params,train_time_s,infer_time_s,best_val,epochs_run,seq_len,pred_len,d_model,n_layers,lr,lambda_ent,MAE,RMSE,MSE,SMAPE,R2,MAE_T,RMSE_T,MAE_RH,RMSE_RH,MAPE_RH,MAE_P,RMSE_P,MAPE_P,MAE_WS,RMSE_WS,MAE_h1,RMSE_h1,MAE_h6,RMSE_h6,MAE_h12,RMSE_h12,MAE_h24,RMSE_h24,CLS_ACC,CLS_P,CLS_R,CLS_F1,CLS_AUC,CLS_AP,CLS_POSRATE,loss,aug_block,norm_variant,width,bl_d_model,bl_d_ff
PatchTST,jena,full,0,0.0,1657880.0,675.3,10.69,0.1674758525764961,10.0,96.0,24.0,256.0,2.0,0.0005,0.0,3.411736965179444,5.719051361083984,32.707550048828125,23.49824333190918,0.6266756057739258,2.287838935852051,2.979788303375244,7.943094253540039,10.37467098236084,11.748700141906738,2.4961912631988525,3.556297540664673,0.2522318065166473,0.9198247790336608,1.2922745943069458,1.2743161916732788,2.21581768989563,2.8869664669036865,5.047295570373535,3.643218517303467,6.0055036544799805,4.241797924041748,6.594786167144775,0.663218411465823,0.1764904106779189,0.9999584941684306,0.3000267747619848,0.9662080457024698,0.6838531964912266,0.0721796807592752,huber,0.5,off,default,,
PatchTST,jena,full,2,0.0,1657880.0,1218.7,9.34,0.161071876496029,18.0,96.0,24.0,256.0,2.0,0.0005,0.0,3.3170080184936523,5.568148612976074,31.0042781829834,23.08335876464844,0.6402814984321594,2.299382209777832,3.000008344650269,7.684990406036377,10.093341827392578,11.367114067077637,2.372255325317383,3.3927040100097656,0.2397532314062118,0.9113991856575012,1.2771528959274292,1.325993299484253,2.218956470489502,2.844898700714112,4.955734729766846,3.511263132095337,5.825421333312988,4.122686862945557,6.460551261901856,0.6856125970664366,0.1864523785515385,0.9977171792636864,0.3141893658179537,0.9697688136090808,0.719625988759192,0.0721796807592752,huber,0.5,off,default,,
PatchTST,jena,full,4,0.0,1657880.0,1216.9,9.41,0.1605410626117314,18.0,96.0,24.0,256.0,2.0,0.0005,0.0,3.2895750999450684,5.576896190643311,31.10177230834961,22.99988174438477,0.6411062479019165,2.245399713516236,2.928828716278076,7.67526388168335,10.14877223968506,11.06729507446289,2.336500644683838,3.3455307483673096,0.2359542697668075,0.901139199733734,1.2801873683929443,1.3280696868896484,2.141477108001709,2.7580268383026123,4.871440887451172,3.508131504058838,5.889817714691162,4.171188831329346,6.506075382232666,0.6719903412903845,0.1803638269201976,1.0,0.305607174341834,0.9695100030735362,0.7079809772099983,0.0721796807592752,huber,0.5,off,default,,
Autoformer,jena,full,2,0.0,2677305.0,846.9,14.19,0.2141290327560291,9.0,96.0,24.0,256.0,2.0,0.0005,0.0,4.020610332489014,6.358090400695801,40.42531204223633,25.16451835632324,0.5300321578979492,2.810197591781616,3.624821662902832,8.441685676574707,10.91899871826172,12.28627586364746,3.883078098297119,5.247633934020996,0.3923397064208984,0.9474846720695496,1.3415542840957642,3.1050069332122803,4.816937446594238,3.629547119140625,5.803119659423828,4.040649890899658,6.407749652862549,4.7037553787231445,7.236410617828369,0.7104843735020612,0.1995195294702398,0.9996679533474452,0.3326473675487542,0.962664541503332,0.6540424379945584,0.0721796807592752,huber,0.5,on,default,,
Autoformer,jena,full,4,0.0,2677305.0,1780.0,13.6,0.2050670050608823,19.0,96.0,24.0,256.0,2.0,0.0005,0.0,3.8577024936676025,6.193480968475342,38.35920715332031,25.914833068847656,0.5543931722640991,2.778526782989502,3.542287588119507,8.483331680297852,10.934979438781738,12.560730934143066,3.2034151554107666,4.41050386428833,0.3237101435661316,0.9655388593673706,1.3648051023483276,2.772394895553589,4.320732116699219,3.432774543762207,5.589477062225342,3.908004760742188,6.314393520355225,4.596102714538574,7.105745792388916,0.7207242833860608,0.2046839087825425,0.994313701075001,0.3394836040019273,0.9603139166109104,0.6383311208432674,0.0721796807592752,huber,0.5,on,default,,
TimesNet,jena,full,1,0.0,1186507.0,1139.4,8.03,0.1610480970357856,13.0,96.0,24.0,256.0,2.0,0.0005,0.0,3.3654937744140625,5.509288787841797,30.35226058959961,22.985774993896484,0.6441274881362915,2.535076379776001,3.2132885456085205,7.546856880187988,9.858997344970703,11.144516944885254,2.504846572875977,3.509674310684204,0.253030925989151,0.87519371509552,1.251478672027588,1.944635033607483,3.129883050918579,2.8940680027008057,4.85018253326416,3.4803287982940674,5.673666954040527,4.140420913696289,6.429600715637207,0.7297059246476848,0.2106027850472197,0.9987133192213506,0.3478524857964812,0.9747823930375752,0.7608765864094489,0.0721796807592752,huber,0.5,off,default,,
TimesNet,jena,full,3,0.0,1186507.0,956.3,7.51,0.161258809511675,11.0,96.0,24.0,256.0,2.0,0.0005,0.0,3.3156864643096924,5.5020365715026855,30.27240562438965,22.70389175415039,0.6442148089408875,2.349480628967285,3.022517681121826,7.445954322814941,9.86093807220459,10.725268363952637,2.5784358978271484,3.624563694000244,0.2604939937591553,0.8888736963272095,1.2563685178756714,1.7772185802459717,2.931295871734619,2.8122541904449463,4.7917304039001465,3.4424872398376465,5.653154850006104,4.160152912139893,6.551417827606201,0.6998010737225577,0.1936320090166244,0.9982982609056572,0.3243520241659249,0.975695767660692,0.7574830147901916,0.0721796807592752,huber,0.5,off,default,,
TFT,jena,full,0,0.0,3640676.0,1357.2,12.79,0.1593807275949758,12.0,96.0,24.0,256.0,2.0,0.0005,0.0,3.294494867324829,5.467913627624512,29.8980770111084,23.046836853027344,0.6516923904418945,2.4565446376800537,3.1283164024353027,7.523245811462402,9.86376667022705,11.162203788757324,2.3078255653381348,3.3092288970947266,0.2331473231315612,0.8903623819351196,1.2494046688079834,1.670586109161377,2.7153549194335938,2.7564146518707275,4.690031051635742,3.4042670726776123,5.578212738037109,4.175747394561768,6.556324005126953,0.7194779982743744,0.2041101136025188,0.9955588760220812,0.3387661714027456,0.9734042321458236,0.735847179716451,0.0721796807592752,huber,0.5,off,default,,
TFT,jena,full,2,0.0,3640676.0,1117.0,12.67,0.1591698118737763,10.0,96.0,24.0,256.0,2.0,0.0005,0.0,3.3504016399383545,5.487575531005859,30.113487243652344,22.65949058532715,0.645098090171814,2.400587320327759,3.057710647583008,7.44266414642334,9.782549858093262,10.83677577972412,2.688814163208008,3.7219083309173584,0.2715267837047577,0.8695436716079712,1.2463912963867188,1.874090313911438,2.9369213581085205,2.8405649662017822,4.772502899169922,3.475436210632324,5.660219669342041,4.146169185638428,6.470627784729004,0.7059246476847857,0.1969708127746275,0.999128377537044,0.3290682414698163,0.9743021646600604,0.7424114550224147,0.0721796807592752,huber,0.5,off,default,,
TFT,jena,full,4,0.0,3640676.0,1465.9,12.25,0.1653626898110959,13.0,96.0,24.0,256.0,2.0,0.0005,0.0,3.447558641433716,5.709113121032715,32.59397506713867,23.36257743835449,0.6294957399368286,2.3947641849517822,3.039494037628174,7.823903083801269,10.246267318725586,11.952391624450684,2.688750743865967,3.815387964248657,0.2719209194183349,0.8828177452087402,1.2625983953475952,1.6765053272247314,2.6158275604248047,2.863830804824829,4.812563896179199,3.6595709323883057,5.9908599853515625,4.296246528625488,6.706751346588135,0.7024584172179081,0.1951433017766826,0.9992944008633212,0.3265228624321044,0.9720057717276372,0.7228607507815286,0.0721796807592752,huber,0.5,off,default,,
Crossformer,jena,full,1,0.0,1695908.0,1316.1,6.84,0.1503452464914384,16.0,96.0,24.0,256.0,2.0,0.0005,0.0,3.1753969192504883,5.222137451171875,27.27071952819824,22.960670471191406,0.6721527576446533,2.8866920471191406,3.469095230102539,6.894423007965088,9.282137870788574,10.098363876342772,2.0933995246887207,3.0728189945220947,0.211407333612442,0.82707279920578,1.2032972574234009,1.5658762454986572,2.332905530929565,2.707363605499268,4.572718620300293,3.265486478805542,5.422072887420654,3.976890563964844,6.158802032470703,0.7858456763493433,0.251598700073383,0.9961399576640518,0.4017307901542479,0.979152019270714,0.7859257731730406,0.0721796807592752,huber,0.5,off,default,,
Crossformer,jena,full,3,0.0,1695908.0,1184.6,6.82,0.1502256496560412,14.0,96.0,24.0,256.0,2.0,0.0005,0.0,3.0880141258239746,5.128098487854004,26.29739189147949,22.65336799621582,0.6808894872665405,2.501719236373902,3.1502370834350586,6.8722076416015625,9.164837837219238,9.996807098388672,2.143073081970215,3.1342904567718506,0.2164810448884964,0.8350563645362854,1.203144669532776,1.5025750398635864,2.344909191131592,2.6224253177642822,4.5154900550842285,3.2476115226745605,5.312931060791016,3.93386173248291,6.100239276885986,0.7475793308407631,0.2221801490621276,0.998505790063504,0.3634811513182745,0.978833190331612,0.7885136144445624,0.0721796807592752,huber,0.5,off,default,,
Crossformer,beijing_aotizhongxin,full,0,0.0,1694628.0,591.0,3.39,0.1694838936029017,14.0,96.0,24.0,256.0,2.0,0.0005,0.0,4.202260494232178,7.792415142059326,60.72173690795898,27.585039138793945,0.6657497882843018,3.17264175415039,4.069114685058594,10.728622436523438,14.68957805633545,26.25567626953125,2.243344306945801,3.1112940311431885,0.2211469858884811,0.6644308567047119,0.9302799105644226,2.014664649963379,3.445184230804444,3.5621488094329834,6.600856781005859,4.405853271484375,8.14553165435791,5.27194881439209,9.347681045532228,0.7589013778100072,0.4188001806869016,0.9996174179187536,0.590291541297405,0.978073858307068,0.8966656988357707,0.1737490935460478,huber,0.5,off,default,,
Crossformer,beijing_aotizhongxin,full,2,0.0,1694628.0,530.0,3.48,0.1737020741372746,14.0,96.0,24.0,256.0,2.0,0.0005,0.0,4.263844013214111,7.9319539070129395,62.9158935546875,27.87561798095703,0.6577111482620239,3.319535970687866,4.192434310913086,10.925671577453612,14.962376594543455,26.668813705444336,2.166612386703491,3.054994821548462,0.2134068608283996,0.6435555219650269,0.938819408416748,2.127477169036865,3.608712911605835,3.61489200592041,6.657929420471191,4.619025230407715,8.433256149291992,5.376773357391357,9.643182754516602,0.7497220207880106,0.409759434500057,1.0,0.581318236959159,0.9783624788307064,0.8962124828936987,0.1737490935460478,huber,0.5,off,default,,
Crossformer,beijing_aotizhongxin,full,4,0.0,1694628.0,596.7,3.14,0.1703126055012771,16.0,96.0,24.0,256.0,2.0,0.0005,0.0,4.236298084259033,8.041888236999512,64.67196655273438,27.594207763671875,0.6559798717498779,3.18709135055542,3.993379831314087,11.011188507080078,15.258315086364746,27.87256622314453,2.0967400074005127,3.006375551223755,0.2064998894929886,0.6501732468605042,0.9414349794387816,2.344926357269287,3.879793882369995,3.4754087924957275,6.647923946380615,4.543115615844727,8.481269836425781,5.366721630096436,9.783036231994627,0.7470389170896785,0.4071829150852546,1.0,0.578720663419347,0.9766734505027864,0.8886077605769485,0.1737490935460478,huber,0.5,off,default,,
XAI-MeteoFormer,jena,no_revin,1,0.0,1892475.0,777.8,6.5,0.1451701264826822,18.0,96.0,24.0,256.0,2.0,0.0005,0.01,3.048214912414551,5.303993225097656,28.132343292236328,21.979724884033203,0.6743581295013428,1.940911889076233,2.56321382522583,7.198791980743408,9.697107315063477,10.509617805480955,2.208994626998902,3.226595401763916,0.2231580466032028,0.8441622257232666,1.2306456565856934,1.2328784465789795,2.105583667755127,2.555110216140747,4.714890480041504,3.1555838584899902,5.445102691650391,3.895836353302002,6.276308059692383,0.9447829786214168,0.578053487730907,0.870211264682688,0.6946639497705548,0.9794014945155288,0.7979641186982851,0.0721796807592752,huber,0.5,off,default,,
XAI-MeteoFormer,jena,no_revin,3,0.0,1892475.0,770.9,6.5,0.1459716438888275,18.0,96.0,24.0,256.0,2.0,0.0005,0.01,3.0320968627929688,5.307640075683594,28.17104148864746,21.774778366088867,0.6794498562812805,1.8971956968307493,2.4883244037628174,7.197245597839356,9.746366500854492,10.318355560302734,2.1835734844207764,3.1643826961517334,0.2206147909164428,0.8503705263137817,1.2195907831192017,1.3901958465576172,2.3237075805664062,2.5317187309265137,4.607387542724609,3.185874938964844,5.557151317596436,3.834744930267334,6.190877437591553,0.9452623190489886,0.5827364711232378,0.8509940646660856,0.6917691516102367,0.977274388361159,0.7831557127335453,0.0721796807592752,huber,0.5,off,default,,
TFT,beijing_aotizhongxin,full,0,0.0,3540960.0,452.4,6.21,0.1875601474966734,9.0,96.0,24.0,256.0,2.0,0.0005,0.0,4.51711893081665,8.202163696289062,67.2754898071289,28.29469490051269,0.632451593875885,2.971061944961548,3.8009870052337646,11.763896942138672,15.50546169281006,26.96459197998047,2.6313607692718506,3.645146608352661,0.2593488097190857,0.7021576762199402,0.9736490845680236,3.065990209579468,5.270938873291016,3.893008947372437,7.057760715484619,4.583573818206787,8.352948188781738,5.477891445159912,9.634544372558594,0.7263173797437756,0.3883253872854229,1.0,0.5594155244034127,0.969949022908063,0.8555413056134206,0.1737490935460478,huber,0.5,off,default,,
TFT,beijing_aotizhongxin,full,1,0.0,3540960.0,508.0,6.34,0.1925362567476442,10.0,96.0,24.0,256.0,2.0,0.0005,0.0,4.602784633636475,8.522170066833496,72.62738037109375,27.85480690002441,0.6203628778457642,2.855445623397827,3.6611273288726807,11.919836044311523,16.123424530029297,29.78456115722656,2.948193073272705,4.024607181549072,0.2902834117412567,0.6876641511917114,0.9712806940078736,3.112797975540161,5.380359649658203,3.939221143722534,7.22097110748291,4.725795269012451,8.698357582092285,5.516821384429932,10.031120300292969,0.7291817742325356,0.3908274090285046,1.0,0.5620070563629433,0.9696452904725978,0.8549723394019452,0.1737490935460478,huber,0.5,off,default,,
TFT,beijing_aotizhongxin,full,3,0.0,3540960.0,461.2,6.35,0.1989065813726121,9.0,96.0,24.0,256.0,2.0,0.0005,0.0,4.75946855545044,8.46069622039795,71.5833740234375,28.3881778717041,0.60353684425354,2.952807664871216,3.839066505432129,11.922629356384276,15.784870147705078,29.55838203430176,3.463320732116699,4.631658554077148,0.3409173190593719,0.6991163492202759,0.9903331398963928,3.477025032043457,5.893584728240967,4.186670303344727,7.3373589515686035,4.903655052185059,8.687261581420898,5.58272123336792,9.753325462341309,0.7267645636934977,0.3887138859221004,1.0,0.5598185340589374,0.96318785173046,0.8240187932765394,0.1737490935460478,huber,0.5,off,default,,
Informer,jena,full,0,0.0,2867475.0,555.1,6.01,0.1699786184834721,12.0,96.0,24.0,256.0,2.0,0.0005,0.0,3.563803195953369,5.743448734283447,32.98720169067383,23.882843017578125,0.6290245056152344,3.077702760696411,3.745577573776245,7.509552478790283,10.087583541870115,10.7384614944458,2.818441152572632,3.83394718170166,0.2844124734401703,0.8495194315910339,1.20869779586792,2.158524513244629,3.259315252304077,3.207603931427002,5.2807698249816895,3.73990797996521,5.98938512802124,4.394904136657715,6.851286888122559,0.792346730898284,0.2575959002508737,0.9972606151164238,0.4094336568200601,0.9742569579357344,0.7374766084179146,0.0721796807592752,huber,0.5,off,default,,
Informer,jena,full,2,0.0,2867475.0,516.8,6.02,0.1677032186229948,11.0,96.0,24.0,256.0,2.0,0.0005,0.0,3.5029854774475098,5.70859432220459,32.58805084228516,23.989402770996097,0.6354044675827026,2.944798231124878,3.6511268615722656,7.6517815589904785,10.151615142822266,11.056745529174805,2.5527539253234863,3.5323312282562256,0.2578167617321014,0.8626042008399963,1.2201849222183228,2.1459221839904785,3.272233486175537,3.1161913871765137,5.18302059173584,3.6551084518432617,5.942734241485596,4.294073581695557,6.776632308959961,0.7737303470424696,0.2415221018352865,0.9973851326111318,0.3888758526382224,0.9727348241472322,0.734729756010394,0.0721796807592752,huber,0.5,off,default,,
Informer,jena,full,4,0.0,2867475.0,557.9,5.91,0.1642507627275639,12.0,96.0,24.0,256.0,2.0,0.0005,0.0,3.3562915325164795,5.488774299621582,30.126644134521484,23.249658584594727,0.6545921564102173,2.7192277908325195,3.3843111991882324,7.300363063812256,9.761674880981444,10.588205337524414,2.556365966796875,3.5084736347198486,0.2581343054771423,0.8492090702056885,1.205549240112305,2.0020766258239746,2.994234085083008,3.0847713947296143,5.148203372955322,3.453981637954712,5.638893127441406,4.107492923736572,6.47706413269043,0.7566358690441952,0.2287005735556652,0.999626447515876,0.372238236180555,0.9752182995572078,0.7370936846257189,0.0721796807592752,huber,0.5,off,default,,
TimesNet,beijing_aotizhongxin,full,1,0.0,1186378.0,499.3,4.47,0.1829234764952204,11.0,96.0,24.0,256.0,2.0,0.0005,0.0,4.411617755889893,8.177241325378418,66.86727905273438,27.559450149536133,0.6370518207550049,2.880236387252808,3.671824455261232,11.49644660949707,15.490548133850098,28.19260025024414,2.589505434036255,3.618370056152344,0.2550819218158722,0.6802821159362793,0.9680588245391846,2.7723724842071533,4.87482213973999,3.826782703399658,7.065056324005127,4.530481338500977,8.37707805633545,5.392213344573975,9.687439918518066,0.7321247280638143,0.393431855500821,1.0,0.5646947914211643,0.972138951156844,0.8533500806169886,0.1737490935460478,huber,0.5,off,default,,
TimesNet,beijing_aotizhongxin,full,3,0.0,1186378.0,468.1,3.97,0.1817094581050439,11.0,96.0,24.0,256.0,2.0,0.0005,0.0,4.47479248046875,8.26345157623291,68.28462982177734,27.58391189575196,0.6315696239471436,2.959161758422852,3.732863187789917,11.673367500305176,15.656492233276367,27.432403564453125,2.585428237915039,3.623617887496948,0.2547298669815063,0.6812116503715515,0.9735983610153198,2.8439316749572754,4.947623252868652,3.880262136459351,7.1974945068359375,4.6077961921691895,8.442696571350098,5.358822822570801,9.682406425476074,0.7300580130529369,0.3915992481817439,1.0,0.5628046274003171,0.9735713057940494,0.8672703742448546,0.1737490935460478,huber,0.5,off,default,,
Autoformer,beijing_aotizhongxin,full,0,0.0,2674742.0,444.5,6.66,0.2265704171536839,10.0,96.0,24.0,256.0,2.0,0.0005,0.0,5.377130031585693,9.30435276031494,86.57097625732422,30.392578125,0.5551005601882935,3.5564661026000977,4.434829235076904,13.494147300720217,17.357696533203125,30.676734924316406,3.729053258895874,4.928987503051758,0.3676156401634216,0.7288558483123779,1.0156768560409546,4.459799289703369,7.304918766021728,4.9314494132995605,8.405380249023438,5.418368339538574,9.374438285827637,6.119819641113281,10.742446899414062,0.7382704858593183,0.3989505684420938,0.9995826377295493,0.5702890139000506,0.9655527136878872,0.8320449591032681,0.1737490935460478,huber,0.5,on,default,,
Autoformer,beijing_aotizhongxin,full,2,0.0,2674742.0,407.0,6.81,0.2293600859211228,9.0,96.0,24.0,256.0,2.0,0.0005,0.0,5.277015686035156,9.253397941589355,85.62538146972656,29.82115173339844,0.5569252967834473,3.1728944778442383,4.036463737487793,13.319597244262695,17.2982234954834,32.03386688232422,3.904994249343872,5.093439102172852,0.385011225938797,0.7105804085731506,1.018235445022583,4.362387657165527,7.137991428375244,4.772284030914307,8.250744819641113,5.334094524383545,9.352222442626951,6.120187759399414,10.79613971710205,0.7197123519458545,0.3826731619017196,0.9999652198107958,0.5535212352239036,0.963479992041399,0.8210321134777875,0.1737490935460478,huber,0.5,on,default,,
Autoformer,beijing_aotizhongxin,full,4,0.0,2674742.0,407.3,6.98,0.2285028942785046,9.0,96.0,24.0,256.0,2.0,0.0005,0.0,5.326385021209717,9.434255599975586,89.00518035888672,29.960662841796875,0.5510507822036743,3.094135284423828,3.945614814758301,13.577520370483398,17.69733428955078,32.98660659790039,3.9251441955566406,5.120452880859375,0.3869460523128509,0.7087406516075134,1.0189141035079956,4.534206867218018,7.690695285797119,4.887362480163574,8.648720741271973,5.328917980194092,9.486844062805176,6.06855058670044,10.631227493286133,0.7215615180082185,0.3841978609625668,0.9995130773511408,0.5550448084054388,0.9636395169825572,0.8279458377337616,0.1737490935460478,huber,0.5,on,default,,
PatchTST,beijing_aotizhongxin,full,1,0.0,1657880.0,339.4,4.66,0.1822916178672335,11.0,96.0,24.0,256.0,2.0,0.0005,0.0,4.391933441162109,8.402240753173828,70.59764862060547,27.29376602172852,0.6261906027793884,2.022556781768799,2.670807123184204,12.100408554077148,16.12787437438965,28.840368270874023,2.749181270599365,3.7637691497802734,0.2707503139972687,0.6955834627151489,0.991496205329895,1.928100347518921,3.596489906311035,3.852062463760376,7.3357157707214355,4.694094657897949,8.852071762084961,5.253084182739258,9.66954517364502,0.7002719361856418,0.3669640464065551,1.0,0.5369037281868855,0.971222258841034,0.8606845642590576,0.1737490935460478,huber,0.5,off,default,,
PatchTST,beijing_aotizhongxin,full,3,0.0,1657880.0,709.4,4.74,0.1753303399251772,23.0,96.0,24.0,256.0,2.0,0.0005,0.0,4.3253560066223145,8.26891803741455,68.37500762939453,27.25074958801269,0.6306621432304382,2.244435787200928,2.9500293731689453,11.869829177856444,15.852582931518556,27.40624237060547,2.493017673492432,3.536708354949951,0.2454418987035751,0.6941419243812561,0.9923096299171448,1.812803149223328,3.37568736076355,3.6280808448791504,7.000966548919678,4.643001079559326,8.758399963378906,5.3304972648620605,9.65781307220459,0.7070219966159053,0.3722712794883082,1.0,0.5425622251995547,0.9684723207823716,0.8259184221961703,0.1737490935460478,huber,0.5,off,default,,
XAI-MeteoFormer,beijing_aotizhongxin,no_revin,0,0.0,1892219.0,371.3,3.38,0.158763326750697,18.0,96.0,24.0,256.0,2.0,0.0005,0.01,4.135352611541748,8.203083992004395,67.29058837890625,26.46650695800781,0.6590407490730286,2.0486228466033936,2.6139585971832275,11.602651596069336,15.868135452270508,27.75169563293457,2.2204129695892334,3.104062795639038,0.2188998460769653,0.6697230339050293,0.9469360709190368,1.783778429031372,3.37960171699524,3.472067356109619,6.972280502319336,4.338028430938721,8.5166015625,5.140446662902832,9.603920936584473,0.9065083393763596,0.6600853402762711,0.9523163606010016,0.7797189355431208,0.9754996113587056,0.8858849585470918,0.1737490935460478,huber,0.5,off,default,,
XAI-MeteoFormer,beijing_aotizhongxin,no_revin,2,0.0,1892219.0,331.1,3.39,0.15950857611455,16.0,96.0,24.0,256.0,2.0,0.0005,0.01,4.237703800201416,8.29566478729248,68.81806182861328,26.78744888305664,0.6481520533561707,1.9626718759536743,2.52400541305542,11.965503692626951,16.050838470458984,28.13630104064941,2.348177671432495,3.215781688690185,0.2313234657049179,0.6744614243507385,0.9648895263671876,1.846879243850708,3.32806658744812,3.698074102401733,7.201583385467529,4.537164211273193,8.808730125427246,5.223926067352295,9.68075180053711,0.8966521634034325,0.6316503186728744,0.9720367278797996,0.7657196087564043,0.9756001846321128,0.8810869633772243,0.1737490935460478,huber,0.5,off,default,,
XAI-MeteoFormer,beijing_aotizhongxin,no_revin,4,0.0,1892219.0,374.7,3.4,0.1627356686008198,18.0,96.0,24.0,256.0,2.0,0.0005,0.01,4.329340934753418,8.425020217895508,70.98096466064453,27.01066780090332,0.6457690596580505,2.0328497886657715,2.604504346847534,12.207724571228027,16.296939849853516,30.086973190307617,2.4081602096557617,3.2603847980499268,0.237414076924324,0.6686294674873352,0.9591580629348756,2.1013970375061035,3.742215871810913,3.808735847473145,7.417120456695557,4.471328258514404,8.756993293762207,5.246442317962647,9.694372177124023,0.8891648537587624,0.6138635518516088,0.9760712298274904,0.7537095972820905,0.975123134532572,0.8784694264801303,0.1737490935460478,huber,0.5,off,default,,
Transformer,jena,full,1,0.0,2670099.0,306.0,5.26,0.170569812537675,8.0,96.0,24.0,256.0,2.0,0.0005,0.0,3.4963648319244385,5.656942844390869,32.00100326538086,23.811309814453125,0.628771960735321,2.913243293762207,3.5828044414520264,7.538296222686768,10.003536224365234,11.042882919311523,2.6742422580718994,3.680087327957153,0.2702255845069885,0.859679102897644,1.246501326560974,2.2838292121887207,3.4457597732543945,3.0978450775146484,5.052043914794922,3.634100914001465,5.905758380889893,4.177492141723633,6.510308265686035,0.763370602051577,0.2336425923409871,0.999252895031752,0.3787312699099383,0.9762611445147624,0.7441845579606459,0.0721796807592752,huber,0.5,off,default,,
Transformer,jena,full,3,0.0,2670099.0,310.6,5.26,0.1708257322398391,8.0,96.0,24.0,256.0,2.0,0.0005,0.0,3.5579323768615723,5.764801502227783,33.23293685913086,24.27856636047364,0.6277487277984619,3.039340019226074,3.716462135314941,7.635493755340576,10.194738388061523,10.878256797790527,2.688143253326416,3.7004544734954834,0.2714612782001495,0.8687564730644226,1.2221075296401978,2.526007890701294,3.912850856781006,3.163796901702881,5.226210594177246,3.686053276062012,5.98300313949585,4.247109413146973,6.640661239624023,0.7790360464001533,0.2458106849287023,0.9966795334744531,0.3943604145111757,0.9747350234329596,0.7420627163855031,0.0721796807592752,huber,0.5,off,default,,
Informer,beijing_aotizhongxin,full,0,0.0,2865682.0,221.2,3.35,0.20634588990322,10.0,96.0,24.0,256.0,2.0,0.0005,0.0,4.981781482696533,9.01481819152832,81.26695251464844,29.97593879699707,0.5954321622848511,3.745904445648194,4.682573318481445,12.539294242858888,16.956809997558594,30.67671585083008,2.9577412605285645,3.828257322311402,0.2915467023849487,0.6841837167739868,0.9758594036102296,3.702267646789551,6.040348529815674,4.271677494049072,7.625157833099365,5.013519287109375,9.246848106384276,5.729325294494629,10.239340782165527,0.7578619772782209,0.4177675081019023,0.9998260990539788,0.589301271998606,0.9703073468960646,0.8601456039559837,0.1737490935460478,huber,0.5,off,default,,
Informer,beijing_aotizhongxin,full,2,0.0,2865682.0,225.4,3.35,0.1946317276658651,10.0,96.0,24.0,256.0,2.0,0.0005,0.0,4.853054046630859,8.85532283782959,78.416748046875,29.318164825439453,0.6059699058532715,3.5333914756774902,4.407536029815674,12.320944786071776,16.707927703857422,29.88898468017578,2.871557712554932,3.760429620742798,0.2830122709274292,0.6863251328468323,0.972091257572174,3.316460609436035,5.446045875549316,4.376057624816895,7.944169044494629,4.915328502655029,8.877622604370117,5.573435306549072,10.12668514251709,0.7588530335992265,0.4187703019620981,0.9998956594323872,0.5903103600505117,0.971457594536669,0.8662922190402563,0.1737490935460478,huber,0.5,off,default,,
Informer,beijing_aotizhongxin,full,4,0.0,2865682.0,270.6,3.37,0.201388330266192,12.0,96.0,24.0,256.0,2.0,0.0005,0.0,4.857101917266846,8.857429504394531,78.45406341552734,30.298439025878903,0.6044482588768005,3.961883544921875,4.9616379737854,12.2588529586792,16.62918472290039,29.55327606201172,2.5289571285247803,3.424485921859741,0.2492684125900268,0.6787121295928955,0.970345675945282,3.3298418521881104,5.525472164154053,4.314136505126953,7.953115463256836,5.051308631896973,9.140572547912598,5.806385040283203,10.465333938598633,0.7578136330674402,0.4177022018748637,0.9995826377295493,0.5891940096558935,0.970786980937168,0.8627324160323667,0.1737490935460478,huber,0.5,off,default,,
Transformer,beijing_aotizhongxin,full,1,0.0,2668342.0,159.3,3.06,0.1983338273095986,8.0,96.0,24.0,256.0,2.0,0.0005,0.0,4.925037384033203,8.859993934631348,78.4994888305664,29.59580039978028,0.5941329002380371,3.339184761047364,4.2270050048828125,12.766502380371094,16.724353790283203,30.24210929870605,2.877332925796509,3.928054094314575,0.2834904789924621,0.7171255946159363,0.998367726802826,3.0663435459136963,5.218993663787842,4.394658088684082,7.934333801269531,4.99412202835083,8.974352836608887,5.867132663726807,10.285014152526855,0.7338651196519217,0.3949884602703594,1.0,0.566296383833609,0.9698893438549112,0.8538089122770591,0.1737490935460478,huber,0.5,on,default,,
Transformer,beijing_aotizhongxin,full,3,0.0,2668342.0,178.2,3.0,0.2015539373589857,9.0,96.0,24.0,256.0,2.0,0.0005,0.0,4.885488986968994,8.91010856628418,79.39002990722656,29.73579788208008,0.5964952707290649,3.313477039337158,4.187976360321045,12.827722549438477,16.890302658081055,29.248729705810547,2.68050479888916,3.707447052001953,0.2640184164047241,0.7202510237693787,0.9967464208602904,3.065753221511841,5.247072219848633,4.3064446449279785,7.837896823883057,5.008325576782227,9.193053245544434,5.787276744842529,10.273664474487305,0.7402465554749819,0.400802944128471,1.0,0.5722474325292572,0.9699768419973632,0.8490467288678698,0.1737490935460478,huber,0.5,on,default,,
LSTM,jena,full,0,0.0,834694.0,244.2,2.7,0.1643414747666572,10.0,96.0,24.0,256.0,2.0,0.0005,0.0,3.36149263381958,5.542644023895264,30.720903396606445,23.322620391845703,0.638745903968811,2.637598752975464,3.332409620285034,7.522701263427734,9.916319847106934,10.953900337219238,2.4078426361083984,3.442741870880127,0.2433217763900756,0.8778268098831177,1.262043833732605,1.8079140186309808,2.895799398422241,2.869441032409668,4.869464874267578,3.5120816230773926,5.75373125076294,4.140442848205566,6.494112491607666,0.7353381746716519,0.2138205660427783,0.9962229693271905,0.3520748683496399,0.971551859968379,0.7199370302544641,0.0721796807592752,huber,0.5,on,default,,
LSTM,jena,full,2,0.0,834694.0,270.1,2.7,0.160603895757483,11.0,96.0,24.0,256.0,2.0,0.0005,0.0,3.3151731491088867,5.536869049072266,30.65692138671875,23.033899307250977,0.6416680812835693,2.527315855026245,3.2178163528442383,7.468761444091797,9.935420036315918,10.695157051086426,2.38485074043274,3.460571050643921,0.2409435808658599,0.8797655701637268,1.259041428565979,1.651181697845459,2.6691789627075195,2.7690725326538086,4.776792049407959,3.460567712783813,5.773108005523682,4.179268836975098,6.53168535232544,0.7235853465631291,0.2067215033039647,0.9972191092848546,0.342453159631406,0.9714456275468648,0.7230512752426498,0.0721796807592752,huber,0.5,on,default,,
LSTM,jena,full,4,0.0,834694.0,244.1,2.65,0.1638576297261589,10.0,96.0,24.0,256.0,2.0,0.0005,0.0,3.396911382675171,5.615788459777832,31.537080764770508,23.21546936035156,0.6345152854919434,2.502429962158203,3.199521541595459,7.734158515930176,10.098922729492188,11.411263465881348,2.4706268310546875,3.5084757804870605,0.2496722340583801,0.8804317116737366,1.2703444957733154,1.7963892221450806,2.9423129558563232,2.917490243911743,4.983335971832275,3.526276111602783,5.792661190032959,4.175814628601074,6.521667957305908,0.7070451059342345,0.1975059314172187,0.9985472958950732,0.329783005030774,0.9716192320443028,0.7201653085847408,0.0721796807592752,huber,0.5,on,default,,
iTransformer,jena,full,1,0.0,1611032.0,480.2,2.58,0.1635473424499325,19.0,96.0,24.0,256.0,2.0,0.0005,0.0,3.2861039638519287,5.573852062225342,31.067827224731445,23.2724838256836,0.6294844746589661,2.4106225967407227,3.1249420642852783,7.484545707702637,10.066378593444824,10.788481712341309,2.3367106914520264,3.3864874839782715,0.2360715270042419,0.9125329852104188,1.3060518503189087,1.3559463024139404,2.2308924198150635,2.7327921390533447,4.810035705566406,3.465822219848633,5.807666778564453,4.220666408538818,6.646262645721436,0.7036837311858882,0.1955695532931305,0.9974266384427012,0.3270191195482071,0.9690833391028568,0.7084080226511684,0.0721796807592752,huber,0.5,off,default,,
iTransformer,jena,full,3,0.0,1611032.0,357.9,2.64,0.1646450834507418,14.0,96.0,24.0,256.0,2.0,0.0005,0.0,3.2776312828063965,5.55017614364624,30.80445671081543,23.242076873779297,0.6306377649307251,2.399066209793091,3.13631010055542,7.471591472625732,10.01203727722168,10.760461807250977,2.3250539302825928,3.381886005401612,0.2349620163440704,0.9148125052452089,1.305117130279541,1.3178894519805908,2.243557929992676,2.757495164871216,4.860607147216797,3.4988956451416016,5.7874956130981445,4.181503772735596,6.557806491851807,0.6886893634359121,0.1880764060399537,0.9987963308844892,0.316546194776409,0.970077715626568,0.7082953630140963,0.0721796807592752,huber,0.5,off,default,,
DLinear,jena,full,0,0.0,4656.0,290.7,2.86,0.1732672708027684,17.0,96.0,24.0,256.0,2.0,0.0005,0.0,3.411670923233032,5.742476940155029,32.976043701171875,23.075897216796875,0.6170418858528137,2.120136260986328,2.7934799194335938,7.660122871398926,10.289546966552734,11.306917190551758,2.937796115875244,4.06770658493042,0.2967858016490936,0.9286316633224488,1.296040415763855,1.001265048980713,1.79352605342865,2.974007129669189,5.1017746925354,3.748894453048706,6.146398544311523,4.199467658996582,6.587415218353272,0.6618313201035375,0.1756617544987616,0.9979247084215332,0.298737605924306,0.9651798652702877,0.6931051654144742,0.0721796807592752,huber,0.5,off,default,,
DLinear,jena,full,2,0.0,4656.0,250.6,2.72,0.1720948209679388,15.0,96.0,24.0,256.0,2.0,0.0005,0.0,3.4074487686157227,5.734809875488281,32.88804244995117,23.13077545166016,0.61847323179245,2.137141704559326,2.81766676902771,7.659092903137207,10.277630805969238,11.28886604309082,2.907797336578369,4.03867769241333,0.2937247455120086,0.9257625937461852,1.293157696723938,0.9697976112365724,1.7819145917892456,2.9651198387146,5.082432270050049,3.746947050094605,6.139627933502197,4.187686443328857,6.596686840057373,0.6595484613172274,0.1747128440966849,0.99813223757938,0.2973734975515655,0.9658679400307716,0.6951405897157649,0.0721796807592752,huber,0.5,off,default,,
DLinear,jena,full,4,0.0,4656.0,180.7,2.36,0.1741409446197256,11.0,96.0,24.0,256.0,2.0,0.0005,0.0,3.439860343933105,5.766839504241943,33.256439208984375,23.163009643554688,0.6153591871261597,2.140516996383667,2.810641050338745,7.701316356658935,10.323877334594728,11.32167911529541,2.9912941455841064,4.107136249542236,0.3021689057350158,0.9263188242912292,1.2942345142364502,1.1419954299926758,2.007673501968384,3.022424459457397,5.159256458282471,3.747796535491944,6.1585373878479,4.202311992645264,6.594790458679199,0.6587395743457003,0.1743519089228092,0.9979662142531026,0.2968431709033445,0.9641636707745808,0.6872106952491205,0.0721796807592752,huber,0.5,off,default,,
DLinear,beijing_aotizhongxin,full,1,0.0,4656.0,158.1,1.8,0.1820738986948439,19.0,96.0,24.0,256.0,2.0,0.0005,0.0,4.349648475646973,8.381624221801758,70.25161743164062,27.655649185180664,0.6202051043510437,2.0099449157714844,2.62650203704834,11.859682083129885,16.065284729003906,29.3457088470459,2.805274724960327,3.873847007751465,0.2763251364231109,0.7236899733543396,1.0039362907409668,1.5597472190856934,3.047428607940674,3.798737764358521,7.282492160797119,4.737927913665772,8.950078964233398,5.29862117767334,9.702678680419922,0.6995105148658448,0.3663748614243663,1.0,0.536272836639342,0.9721717621017476,0.8667454533951259,0.1737490935460478,huber,0.5,off,default,,
DLinear,beijing_aotizhongxin,full,3,0.0,4656.0,133.2,1.68,0.182800328939194,16.0,96.0,24.0,256.0,2.0,0.0005,0.0,4.357717514038086,8.400059700012207,70.56099700927734,27.64385032653809,0.6191805601119995,1.9947320222854608,2.624596357345581,11.884648323059082,16.100181579589844,29.42057037353516,2.825838565826416,3.889779806137085,0.2783870995044708,0.7256476879119873,1.0045753717422483,1.5168118476867676,3.0166804790496826,3.822797298431397,7.303393363952637,4.755486965179443,8.965611457824707,5.291147232055664,9.70340633392334,0.6995346869712352,0.3663935366304334,1.0,0.5362928421543484,0.972489206496058,0.8659651691122605,0.1737490935460478,huber,0.5,off,default,,
LSTM,beijing_aotizhongxin,full,0,0.0,833668.0,127.8,2.0,0.1773507184411418,10.0,96.0,24.0,256.0,2.0,0.0005,0.0,4.292479991912842,7.984701633453369,63.755462646484375,27.52372932434082,0.6429526209831238,2.6370503902435303,3.4252769947052,11.312349319458008,15.169716835021973,26.111326217651367,2.518653631210327,3.495344400405884,0.2481674998998642,0.701871395111084,0.9755088686943054,2.63508939743042,4.621938705444336,3.693075180053711,6.891656398773193,4.394272804260254,8.133759498596191,5.320748805999756,9.59486198425293,0.7134155184916606,0.3774417139256458,1.0,0.5480329368709973,0.970974429770139,0.8553884321264379,0.1737490935460478,huber,0.5,on,default,,
LSTM,beijing_aotizhongxin,full,2,0.0,833668.0,128.2,2.0,0.1787484987254758,10.0,96.0,24.0,256.0,2.0,0.0005,0.0,4.273245811462402,8.0014066696167,64.02250671386719,27.197643280029297,0.6434376239776611,2.574917316436768,3.3555257320404053,11.355179786682127,15.230291366577148,27.0839958190918,2.479105234146118,3.452033042907715,0.2442920506000518,0.6837828159332275,0.9757835268974304,2.666311264038086,4.739258766174316,3.658017635345459,6.894086837768555,4.342939853668213,8.14697265625,5.315261363983154,9.570629119873049,0.7118503746676336,0.3761627526656636,1.0,0.5466835255307215,0.9709557971806992,0.8534219768584669,0.1737490935460478,huber,0.5,on,default,,
LSTM,beijing_aotizhongxin,full,4,0.0,833668.0,139.0,1.79,0.1815624148806253,11.0,96.0,24.0,256.0,2.0,0.0005,0.0,4.410843849182129,8.207704544067383,67.36641693115234,28.01128387451172,0.6360215544700623,2.685150623321533,3.4663705825805664,11.681050300598145,15.617949485778809,26.716703414916992,2.5762689113616943,3.5468063354492188,0.25394007563591,0.7009033560752869,0.9745585918426514,2.6222331523895264,4.537242889404297,3.7517707347869873,6.939747333526611,4.523260593414307,8.415343284606934,5.397786617279053,9.6422700881958,0.7204193860285231,0.3832731247583881,1.0,0.5541539380739913,0.9673251233527608,0.8216178205940108,0.1737490935460478,huber,0.5,on,default,,
iTransformer,beijing_aotizhongxin,full,2,0.0,1611032.0,177.5,1.85,0.1827050463478228,14.0,96.0,24.0,256.0,2.0,0.0005,0.0,4.374021530151367,8.467039108276367,71.69075775146484,27.87088966369629,0.6195868849754333,2.33546781539917,3.031412601470948,11.77162742614746,16.195384979248047,27.96685791015625,2.6861886978149414,3.7803597450256334,0.2644354701042175,0.7028051018714905,0.9960188269615172,1.89889657497406,3.5294644832611084,3.726087808609009,7.183270454406738,4.673247337341309,8.870589256286621,5.336033821105957,9.889793395996094,0.7140802513898961,0.3779875371388005,1.0,0.5486080635005438,0.9716404709784626,0.8543763526413011,0.1737490935460478,huber,0.5,off,default,,
iTransformer,beijing_aotizhongxin,full,4,0.0,1611032.0,128.5,1.77,0.1813147245852124,10.0,96.0,24.0,256.0,2.0,0.0005,0.0,4.255502700805664,8.319968223571777,69.22187805175781,27.25612449645996,0.6194320917129517,2.021501064300537,2.6688992977142334,11.565230369567873,15.946943283081056,28.0672664642334,2.712003231048584,3.799563646316528,0.2670831084251404,0.7232778072357178,1.0113378763198853,1.858518123626709,3.602285385131836,3.705254554748535,7.217811584472656,4.530257701873779,8.64078140258789,5.215413093566895,9.864577293395996,0.7048344210780759,0.3705345636373009,1.0,0.5407153872193177,0.973960365026704,0.8727107943819673,0.1737490935460478,huber,0.5,off,default,,
PatchTST,jena,full,1,0.0,1657880.0,1371.5,10.06,0.1623378200944252,20.0,96.0,24.0,256.0,2.0,0.0005,0.0,3.312558889389038,5.553181171417236,30.83782196044922,23.10514259338379,0.6390789747238159,2.304609537124634,2.973604679107666,7.721983909606934,10.08737087249756,11.444982528686523,2.316126585006714,3.3305649757385254,0.2338875085115432,0.9075182676315308,1.288894772529602,1.3893437385559082,2.346768856048584,2.822468042373657,4.928827285766602,3.5214264392852783,5.835920333862305,4.126992225646973,6.441514492034912,0.6834795321637427,0.1855980879688523,0.9991698833686132,0.3130469837058999,0.9702047989994296,0.7146698630504128,0.0721796807592752,huber,0.5,off,default,,
PatchTST,jena,full,3,0.0,1657880.0,1376.2,9.93,0.1610185283890279,20.0,96.0,24.0,256.0,2.0,0.0005,0.0,3.282186985015869,5.561450481414795,30.92972946166992,22.92319869995117,0.6393672823905945,2.2673938274383545,2.958008050918579,7.612446308135986,10.085004806518556,11.100589752197266,2.3517277240753174,3.408285140991211,0.2375613451004028,0.8971779346466064,1.2827526330947876,1.2320858240127563,2.090223550796509,2.749272108078003,4.852850437164307,3.492154598236084,5.8637776374816895,4.163790225982666,6.486515522003174,0.6761665947656025,0.1821841515830256,0.9992944008633212,0.308182661845179,0.9697112901201356,0.7075162309604218,0.0721796807592752,huber,0.5,off,default,,
Autoformer,jena,full,0,0.0,2677305.0,1526.7,14.21,0.1981587840502777,16.0,96.0,24.0,256.0,2.0,0.0005,0.0,3.793984651565552,6.0794219970703125,36.95936965942383,25.199419021606445,0.5732779502868652,2.8902149200439453,3.666692018508911,8.161218643188477,10.654733657836914,11.772216796875,3.186331272125244,4.375121116638184,0.3218834102153778,0.9381743669509888,1.3144580125808716,2.7956864833831787,4.331087112426758,3.3828680515289307,5.489068031311035,3.818262100219727,6.165999889373779,4.553295135498047,7.075913429260254,0.7346611063177069,0.2133399727900835,0.9958079110114972,0.3513972699045052,0.9640298239530286,0.6670139472092357,0.0721796807592752,huber,0.5,on,default,,
Autoformer,jena,full,1,0.0,2677305.0,1044.3,12.53,0.2061538736595482,11.0,96.0,24.0,256.0,2.0,0.0005,0.0,3.905186891555786,6.227251529693604,38.77865982055664,25.25573348999023,0.5461539030075073,2.729079484939575,3.494488000869751,8.364212989807129,10.765230178833008,12.109904289245604,3.566259384155273,5.022097587585449,0.3600393235683441,0.961197018623352,1.3384857177734375,2.918825387954712,4.627979278564453,3.521050930023194,5.683850288391113,3.9263741970062256,6.295192241668701,4.641682624816895,7.165553092956543,0.703551912568306,0.1956134572690234,0.998381272568796,0.3271317829457364,0.9612457014818152,0.6157390832812699,0.0721796807592752,huber,0.5,on,default,,
Autoformer,jena,full,3,0.0,2677305.0,1442.1,14.17,0.1972827507469662,15.0,96.0,24.0,256.0,2.0,0.0005,0.0,3.793014526367188,6.130433559417725,37.582218170166016,25.104591369628903,0.5680018067359924,2.59124493598938,3.3509058952331543,8.35204029083252,10.84254264831543,12.28673267364502,3.2680227756500244,4.443496227264404,0.3302502036094665,0.960750699043274,1.3397738933563232,2.689542531967163,4.289385795593262,3.359859228134156,5.515388011932373,3.8310937881469727,6.223830699920654,4.5745530128479,7.153880596160889,0.6907984613172274,0.1890729882256771,0.9984227784003652,0.3179376020195745,0.9622550375087168,0.6437152485568907,0.0721796807592752,huber,0.5,on,default,,
TimesNet,jena,full,0,0.0,1186507.0,979.0,7.91,0.1605097682946361,11.0,96.0,24.0,256.0,2.0,0.0005,0.0,3.321678876876831,5.538586139678955,30.675933837890625,22.81361961364746,0.6450372338294983,2.310784339904785,2.995968103408813,7.530519962310791,9.971027374267578,10.85056209564209,2.564642906188965,3.56862211227417,0.2589744627475738,0.8807686567306519,1.253566861152649,1.9507538080215447,3.2295937538146973,2.8442296981811523,4.88963794708252,3.4309234619140625,5.707230567932129,4.102205753326416,6.459315299987793,0.6967902166618732,0.192176273351429,0.999128377537044,0.3223504047458035,0.9754165976918132,0.7499232488144413,0.0721796807592752,huber,0.5,off,default,,
TimesNet,jena,full,2,0.0,1186507.0,1716.5,17.51,0.1579108327242384,13.0,96.0,24.0,256.0,2.0,0.0005,0.0,3.314812183380127,5.459352493286133,29.804527282714844,22.79460334777832,0.6515400409698486,2.4208524227142334,3.0875673294067383,7.467482089996338,9.785601615905762,10.980198860168455,2.496480226516724,3.5198862552642822,0.2522101998329162,0.8744322061538696,1.2399410009384155,1.877439260482788,3.091306447982788,2.8146371841430664,4.782023906707764,3.4342598915100098,5.628572940826416,4.132572174072266,6.437428951263428,0.714462899050906,0.2014688251913581,0.9974266384427012,0.3352258460508328,0.9742626641013684,0.7657910806030707,0.0721796807592752,huber,0.5,off,default,,
TimesNet,jena,full,4,0.0,1186507.0,1767.4,18.59,0.1589844837086511,13.0,96.0,24.0,256.0,2.0,0.0005,0.0,3.316135883331299,5.51375150680542,30.401456832885746,22.753995895385746,0.6487427353858948,2.3713841438293457,3.029686212539673,7.57725715637207,9.942200660705566,11.28888702392578,2.440342664718628,3.4669151306152344,0.2465344220399856,0.8755603432655334,1.2489969730377195,1.8475552797317505,3.036184549331665,2.8077211380004883,4.813495635986328,3.432555913925171,5.683712005615234,4.143189430236816,6.4773945808410645,0.7079109145815358,0.1979905534618106,0.9986718133897812,0.3304651178761013,0.976151011979898,0.766781528087066,0.0721796807592752,huber,0.5,off,default,,
TFT,jena,full,1,0.0,3640676.0,1022.8,13.22,0.1676455959029161,9.0,96.0,24.0,256.0,2.0,0.0005,0.0,3.4180774688720703,5.5732102394104,31.0606746673584,23.855588912963867,0.6277363896369934,2.6237785816192627,3.329833030700684,7.540348529815674,9.89696979522705,10.996947288513184,2.6227829456329346,3.6833574771881104,0.2651183307170868,0.8854007720947266,1.27975594997406,1.9281343221664429,3.0874054431915283,2.8808913230896,4.825658798217773,3.557789802551269,5.739497661590576,4.220091819763184,6.5343403816223145,0.7186810948135366,0.2037598132824103,0.9964720043166064,0.3383362223255682,0.9662697238755812,0.6848515883834883,0.0721796807592752,huber,0.5,off,default,,
TFT,jena,full,3,0.0,3640676.0,1154.7,13.08,0.1617466846234252,10.0,96.0,24.0,256.0,2.0,0.0005,0.0,3.361598253250122,5.51451301574707,30.409854888916016,23.20677947998047,0.6413654685020447,2.69462251663208,3.4029757976531982,7.418272495269775,9.815156936645508,10.631763458251951,2.468726634979248,3.487287998199463,0.2494761198759079,0.8647753596305847,1.2492773532867432,1.8780755996704104,2.9808497428894043,2.8264784812927246,4.74287748336792,3.47076678276062,5.6401567459106445,4.228311061859131,6.59710168838501,0.7368451011408302,0.2148289313578126,0.9965965218113144,0.3534642023833182,0.9716433367979932,0.733235646898733,0.0721796807592752,huber,0.5,off,default,,
Crossformer,jena,full,0,0.0,1695908.0,1473.5,5.49,0.1493429106129334,17.0,96.0,24.0,256.0,2.0,0.0005,0.0,3.077678203582764,5.185092449188232,26.885183334350582,22.546178817749023,0.6866424679756165,2.443434953689575,3.06716537475586,6.98089075088501,9.360347747802734,10.036368370056152,2.044027090072632,3.0182251930236816,0.2064250856637954,0.8423588871955872,1.1863521337509155,1.5049039125442505,2.4069998264312744,2.5934059619903564,4.497211933135986,3.1607697010040283,5.30206823348999,3.878451347351074,6.084843635559082,0.7505092992042949,0.2241538418516205,0.9980907317478106,0.3660901866455561,0.9784416221543096,0.789418495467352,0.0721796807592752,huber,0.5,off,default,,
Crossformer,jena,full,2,0.0,1695908.0,901.0,5.56,0.1511141896100862,12.0,96.0,24.0,256.0,2.0,0.0005,0.0,3.120561122894287,5.214541912078857,27.19144630432129,22.55665397644043,0.6732195615768433,2.493360757827759,3.13866662979126,7.045107364654541,9.376017570495604,10.419632911682127,2.110309839248657,3.083865165710449,0.2131241559982299,0.8334625959396362,1.2225487232208252,1.5017427206039429,2.3485021591186523,2.662414312362671,4.539404392242432,3.243308782577514,5.390411853790283,3.926061153411865,6.18815279006958,0.7503235547886109,0.2238185360942001,0.9964304984850372,0.365531312331562,0.9778742327902864,0.7677008246822415,0.0721796807592752,huber,0.5,off,default,,
Crossformer,jena,full,4,0.0,1695908.0,1300.5,5.8,0.1493584321471044,17.0,96.0,24.0,256.0,2.0,0.0005,0.0,3.120577335357666,5.132298469543457,26.34048843383789,22.527889251708984,0.6838641166687012,2.4807064533233643,3.0602025985717773,6.913524150848389,9.180100440979004,10.356417655944824,2.2439756393432617,3.2093989849090576,0.2264628708362579,0.8441007137298584,1.192723035812378,1.5119136571884155,2.219773292541504,2.6249337196350098,4.392203330993652,3.212236166000366,5.257425308227539,3.91637659072876,6.108498573303223,0.7532714984181766,0.2261742506133268,0.9987133192213506,0.3688228080931943,0.9808486863816286,0.8087749865015218,0.0721796807592752,huber,0.5,off,default,,
Crossformer,beijing_aotizhongxin,full,1,0.0,1694628.0,564.5,3.1,0.1740488731600663,15.0,96.0,24.0,256.0,2.0,0.0005,0.0,4.465867042541504,8.507280349731445,72.37382507324219,27.854019165039062,0.645550549030304,3.2874536514282227,4.079540252685547,11.77023696899414,16.203582763671875,30.566898345947266,2.157562732696533,3.071099042892456,0.2125738859176635,0.6482170820236206,0.9300285577774048,2.25564956665039,3.812669277191162,3.8635427951812735,7.145850658416748,4.599758148193359,8.584611892700195,5.532478332519531,10.189984321594238,0.7619289340101523,0.4218754587357975,0.999547857540345,0.5933274149926709,0.9781182305971192,0.8963065619475654,0.1737490935460478,huber,0.5,off,default,,
Crossformer,beijing_aotizhongxin,full,3,0.0,1694628.0,511.2,3.04,0.1696961279073084,15.0,96.0,24.0,256.0,2.0,0.0005,0.0,4.170514583587647,7.89301061630249,62.29961395263672,27.73973274230957,0.6612675189971924,3.190911293029785,4.032495498657227,10.730003356933594,14.930727005004885,26.84717559814453,2.1097145080566406,3.0218968391418457,0.2077573835849762,0.6514312028884888,0.9375015497207642,2.2936723232269287,3.772810220718384,3.4468002319335938,6.4978346824646,4.346334934234619,8.069999694824219,5.293428897857666,9.735318183898926,0.7493352671017646,0.4093860348559061,1.0,0.5809423745251758,0.977628103204435,0.8936535921114807,0.1737490935460478,huber,0.5,off,default,,
XAI-MeteoFormer,jena,no_revin,0,0.0,1892475.0,736.2,6.79,0.1456036612469296,17.0,96.0,24.0,256.0,2.0,0.0005,0.01,3.032679319381714,5.230788230895996,27.361146926879883,21.40411949157715,0.6820467710494995,1.928860068321228,2.5320045948028564,7.080267906188965,9.527629852294922,10.190427780151367,2.269925832748413,3.284875869750977,0.2294609099626541,0.8516591191291809,1.2113547325134275,1.2562735080718994,2.094587564468384,2.51450514793396,4.496339797973633,3.2255091667175293,5.539992332458496,3.868741750717163,6.106163024902344,0.9496902262486818,0.6098471168893704,0.8410741709210144,0.707035815844106,0.9790050248281214,0.7866448186163703,0.0721796807592752,huber,0.5,off,default,,
XAI-MeteoFormer,jena,no_revin,2,0.0,1892475.0,836.2,6.91,0.1413973746909106,19.0,96.0,24.0,256.0,2.0,0.0005,0.01,2.970864534378052,5.1564226150512695,26.588695526123047,21.356016159057617,0.6877526044845581,1.841521382331848,2.428824663162231,7.036743640899658,9.443760871887209,10.338958740234377,2.161144971847534,3.1291003227233887,0.2182556539773941,0.8440489172935486,1.2164310216903689,1.1765284538269043,2.076012372970581,2.452634572982788,4.463188648223877,3.136369466781616,5.347118377685547,3.849313974380493,6.156058311462402,0.947578132489694,0.5979853207737794,0.8352633545013074,0.6969833408374606,0.9779351357922484,0.7945551292356444,0.0721796807592752,huber,0.5,off,default,,
XAI-MeteoFormer,jena,no_revin,4,0.0,1892475.0,881.2,6.83,0.1456650341015828,20.0,96.0,24.0,256.0,2.0,0.0005,0.01,3.023729085922241,5.251742839813232,27.58080101013184,21.285871505737305,0.680141806602478,1.8894333839416504,2.4830069541931152,7.051610946655273,9.58260440826416,10.119505882263184,2.304537773132324,3.2939248085021973,0.2326388210058212,0.8493324518203735,1.2172176837921145,1.055387020111084,1.835374355316162,2.463592052459717,4.418496131896973,3.2510287761688232,5.670437812805176,3.90574049949646,6.137115001678467,0.9571978956955228,0.6794524558963473,0.770514257253144,0.7221238938053097,0.9793071316342,0.7921376617421632,0.0721796807592752,huber,0.5,off,default,,
TFT,beijing_aotizhongxin,full,2,0.0,3540960.0,554.7,6.26,0.191269280664471,11.0,96.0,24.0,256.0,2.0,0.0005,0.0,4.585562229156494,8.390935897827148,70.40779876708984,28.41731834411621,0.6308159232139587,3.175053358078003,4.011919498443604,11.963614463806152,15.886402130126951,26.95761680603028,2.5250773429870605,3.4969482421875,0.2487627565860748,0.6785039901733398,0.9640085697174072,2.911052227020264,5.160824298858643,3.98454213142395,7.246279716491699,4.806626319885254,8.74875259399414,5.422569751739502,9.678728103637695,0.7342216582064298,0.3953088694265326,1.0,0.5666256096960142,0.9702160410137776,0.8507706870433295,0.1737490935460478,huber,0.5,off,default,,
TFT,beijing_aotizhongxin,full,4,0.0,3540960.0,758.0,6.43,0.192857769472183,15.0,96.0,24.0,256.0,2.0,0.0005,0.0,4.801320552825928,8.810022354125977,77.61648559570312,29.83231544494629,0.5906643867492676,3.420997142791748,4.2568039894104,12.539626121520996,16.697540283203125,30.028947830200195,2.5156326293945312,3.535130739212036,0.2477976679801941,0.7290231585502625,1.020085334777832,2.8207480907440186,4.77079963684082,4.015816688537598,7.248894691467285,4.987936019897461,9.034546852111816,5.9466729164123535,10.622840881347656,0.7447909112883733,0.4050490251324242,1.0,0.5765621240073795,0.9685303187981325,0.8512427794709484,0.1737490935460478,huber,0.5,off,default,,
Informer,jena,full,1,0.0,2867475.0,544.8,6.05,0.1697866534496727,12.0,96.0,24.0,256.0,2.0,0.0005,0.0,3.45173454284668,5.640242576599121,31.81233787536621,23.986888885498047,0.6408826112747192,2.892287015914917,3.6634249687194815,7.448148250579834,9.961042404174805,10.666548728942873,2.607193946838379,3.627446174621582,0.2633637189865112,0.8593072295188904,1.2032978534698486,2.0487635135650635,3.113639116287231,2.988180637359619,4.988334655761719,3.5906357765197754,5.845402717590332,4.29044246673584,6.778002738952637,0.7500599175534465,0.2237637221948062,0.9974681442742706,0.3655279408633224,0.9744107451773774,0.7417317184475671,0.0721796807592752,huber,0.5,off,default,,
Informer,jena,full,3,0.0,2867475.0,451.3,6.09,0.1709133894241515,10.0,96.0,24.0,256.0,2.0,0.0005,0.0,3.550623893737793,5.823916435241699,33.91800308227539,23.84140968322754,0.6295933723449707,2.915748357772827,3.636308670043945,7.799937725067139,10.382037162780762,11.270512580871582,2.6207833290100098,3.63056230545044,0.2645944356918335,0.8660209774971008,1.2172095775604248,2.230334043502808,3.5453059673309326,3.264811515808105,5.482405662536621,3.845710039138794,6.313504695892334,4.262170791625977,6.721686363220215,0.7703000671076599,0.2390076343456204,0.999252895031752,0.3857493070131867,0.9770087257897644,0.7424366358107048,0.0721796807592752,huber,0.5,off,default,,
TimesNet,beijing_aotizhongxin,full,0,0.0,1186378.0,481.8,4.36,0.1818721448254155,11.0,96.0,24.0,256.0,2.0,0.0005,0.0,4.427279949188232,8.241740226745605,67.92627716064453,27.67206764221192,0.6340956687927246,2.934009313583374,3.726567506790161,11.537307739257812,15.612006187438965,27.76111602783203,2.555726766586304,3.625407695770264,0.2516739666461944,0.6820794939994812,0.9692612290382384,2.857645034790039,4.975660800933838,3.849391222000122,7.141676902770996,4.5688300132751465,8.483474731445312,5.342795848846436,9.709305763244627,0.7372250423011845,0.3980286837587906,1.0,0.569414187824296,0.9730263619813015,0.8676408133887549,0.1737490935460478,huber,0.5,off,default,,
TimesNet,beijing_aotizhongxin,full,2,0.0,1186378.0,605.7,9.64,0.1834571652525746,10.0,96.0,24.0,256.0,2.0,0.0005,0.0,4.4653730392456055,8.351211547851562,69.74272918701172,27.52624130249023,0.6251118779182434,2.8044192790985107,3.59241247177124,11.725367546081545,15.86683750152588,28.11777877807617,2.6482505798339844,3.652311563491821,0.2609176933765411,0.6834561824798584,0.984659731388092,2.8794162273406982,5.129619598388672,3.8838067054748535,7.2429585456848145,4.586241245269775,8.5341796875,5.401437282562256,9.840737342834473,0.7163826444283297,0.3798903349408734,1.0,0.5506094583337323,0.9713214443714612,0.8516992676538734,0.1737490935460478,huber,0.5,off,default,,
TimesNet,beijing_aotizhongxin,full,4,0.0,1186378.0,639.1,7.48,0.1779623040811199,10.0,96.0,24.0,256.0,2.0,0.0005,0.0,4.469119548797607,8.337660789489746,69.51659393310547,27.34503746032715,0.627785325050354,2.7881290912628174,3.6203322410583496,11.78917121887207,15.83031177520752,28.202831268310547,2.617713689804077,3.661030530929565,0.2578653991222381,0.6814637780189514,0.978591799736023,2.8039493560791016,5.088688373565674,3.813844680786133,7.143810272216797,4.599101066589356,8.536568641662598,5.4338860511779785,9.816471099853516,0.7176516799613246,0.380947333554157,1.0,0.5517188444452973,0.9721514187130385,0.8610751248666504,0.1737490935460478,huber,0.5,off,default,,
Autoformer,beijing_aotizhongxin,full,1,0.0,2674742.0,460.7,6.75,0.2329982709032897,10.0,96.0,24.0,256.0,2.0,0.0005,0.0,5.494094371795654,9.550315856933594,91.20852661132812,30.972654342651367,0.5462449193000793,3.643154859542847,4.54102087020874,13.941896438598633,17.894573211669922,33.58765411376953,3.6703531742095934,4.791446208953857,0.3618127405643463,0.7209780216217041,1.0195817947387695,4.424861431121826,7.322734832763672,5.0223069190979,8.637821197509766,5.599795341491699,9.768733024597168,6.233460426330566,10.805301666259766,0.7338832487309644,0.3949210102982222,0.9989913745130774,0.5660652523082684,0.9626728512928944,0.8160696314275822,0.1737490935460478,huber,0.5,on,default,,
Autoformer,beijing_aotizhongxin,full,3,0.0,2674742.0,418.5,6.99,0.2307467917478081,9.0,96.0,24.0,256.0,2.0,0.0005,0.0,5.272374629974365,9.288936614990234,86.28433990478516,29.97317695617676,0.5530239343643188,3.0241219997406006,3.881014823913574,13.474675178527832,17.40800666809082,32.34061050415039,3.87178897857666,5.097124099731445,0.3818155825138092,0.7189109325408936,1.027463674545288,4.222937107086182,7.128320217132568,4.722335338592529,8.256730079650879,5.371036052703857,9.414690971374512,6.132615566253662,10.816990852355955,0.7178329707517525,0.3810893569639046,0.9998956594323872,0.5518518873991036,0.962921488513262,0.8249392111969646,0.1737490935460478,huber,0.5,on,default,,
PatchTST,beijing_aotizhongxin,full,0,0.0,1657880.0,729.5,4.97,0.1781685242777487,23.0,96.0,24.0,256.0,2.0,0.0005,0.0,4.346800804138184,8.20593547821045,67.33737182617188,27.531782150268555,0.6319258213043213,2.258131742477417,2.9301040172576904,11.927825927734377,15.7373685836792,28.953752517700195,2.495009660720825,3.4796831607818604,0.2457527220249176,0.7062339782714844,0.995475172996521,1.9855709075927728,3.5632894039154053,3.709776163101196,7.0699615478515625,4.646730422973633,8.645796775817871,5.282482147216797,9.553533554077148,0.7088469905728789,0.3737326470129465,1.0,0.5441126376745771,0.9686736147395164,0.8342996726332526,0.1737490935460478,huber,0.5,off,default,,
PatchTST,beijing_aotizhongxin,full,2,0.0,1657880.0,795.8,4.98,0.1761848258653643,25.0,96.0,24.0,256.0,2.0,0.0005,0.0,4.318450450897217,8.274492263793945,68.46722412109375,27.455183029174805,0.6347367763519287,2.315018653869629,3.005503416061402,11.901787757873535,15.893861770629885,28.718719482421875,2.3598639965057373,3.3537721633911133,0.2324416935443878,0.6971290707588196,0.986532747745514,1.7989754676818848,3.335888385772705,3.701452016830444,7.110192775726318,4.637186527252197,8.69744873046875,5.308444976806641,9.739947319030762,0.7098259608411893,0.3745212973817897,1.0,0.5449479729345539,0.96863186823572,0.8255985123561582,0.1737490935460478,huber,0.5,off,default,,
PatchTST,beijing_aotizhongxin,full,4,0.0,1657880.0,794.7,5.04,0.1769524583087616,25.0,96.0,24.0,256.0,2.0,0.0005,0.0,4.345052719116211,8.278850555419922,68.53936004638672,27.59687232971192,0.6301575899124146,2.3956048488616943,3.0900259017944336,11.918989181518556,15.879411697387695,28.837081909179688,2.369795560836792,3.385919570922852,0.2334250807762146,0.6958221197128296,0.9944828152656556,1.9346275329589844,3.422041177749634,3.687098979949951,7.067974090576172,4.643861770629883,8.755324363708496,5.319241523742676,9.669821739196776,0.7098863911046652,0.3745700885878061,1.0,0.5449996208962014,0.9678524921402591,0.8216950803729528,0.1737490935460478,huber,0.5,off,default,,
XAI-MeteoFormer,beijing_aotizhongxin,no_revin,1,0.0,1892219.0,405.9,3.66,0.1595323404441866,19.0,96.0,24.0,256.0,2.0,0.0005,0.01,4.271229267120361,8.353373527526855,69.77884674072266,27.060192108154297,0.6531903743743896,2.2080538272857666,2.903287887573242,11.890707015991213,16.112213134765625,27.88117218017578,2.323596715927124,3.192584276199341,0.2289130985736847,0.6625592708587646,0.9435428380966188,1.9218899011611936,3.492955446243286,3.65679669380188,7.176064491271973,4.574512958526611,8.982644081115723,5.174062728881836,9.486027717590332,0.8860768672951415,0.6067592632532459,0.978471062882582,0.7490348518331159,0.9771623112350052,0.8925474099534696,0.1737490935460478,huber,0.5,off,default,,
XAI-MeteoFormer,beijing_aotizhongxin,no_revin,3,0.0,1892219.0,303.6,3.77,0.1621498370772447,14.0,96.0,24.0,256.0,2.0,0.0005,0.01,4.300019264221191,8.350672721862793,69.7337417602539,26.608821868896484,0.6495788097381592,2.1007609367370605,2.7374541759490967,11.86650276184082,16.090816497802734,28.91833114624023,2.571180582046509,3.4096474647521973,0.2536413371562958,0.6616332530975342,0.9493207931518556,2.182077169418335,3.757612943649292,3.7534916400909424,7.147989749908447,4.466443538665772,8.655410766601562,5.358378410339356,9.896553993225098,0.8896603819192652,0.6152140018007335,0.9743670005564832,0.7542166404178277,0.9746982483574618,0.8736334929245935,0.1737490935460478,huber,0.5,off,default,,
Transformer,jena,full,0,0.0,2670099.0,405.9,5.62,0.1686893880030041,10.0,96.0,24.0,256.0,2.0,0.0005,0.0,3.461602210998535,5.591856956481934,31.268861770629883,23.86605834960937,0.6367957592010498,2.950539350509644,3.607167482376098,7.403311252593994,9.87013339996338,10.75236988067627,2.614372968673706,3.623706579208374,0.2641817629337311,0.8781862258911133,1.2300364971160889,2.175401449203491,3.215847969055176,3.0627481937408447,5.003785133361816,3.5329222679138184,5.724954128265381,4.126578330993652,6.383942127227783,0.7832122998753714,0.2491137977275798,0.9946457477275558,0.3984371103167345,0.9778168879498788,0.767087715507441,0.0721796807592752,huber,0.5,off,default,,
Transformer,jena,full,2,0.0,2670099.0,369.8,5.31,0.167773326446248,9.0,96.0,24.0,256.0,2.0,0.0005,0.0,3.541212797164917,5.792163848876953,33.549163818359375,23.70594024658203,0.6319015026092529,2.9824981689453125,3.675106048583984,7.772702217102051,10.32362174987793,11.262697219848633,2.558013439178467,3.554373979568481,0.2583181858062744,0.8516411185264587,1.216358304023743,2.3620588779449463,3.566137313842773,3.1316699981689453,5.177633762359619,3.696129560470581,6.0668721199035645,4.184701442718506,6.591739654541016,0.7713336449046112,0.2396475068285583,0.9978001909268251,0.3864734299516908,0.9772408417709114,0.7619623637566962,0.0721796807592752,huber,0.5,off,default,,
Transformer,jena,full,4,0.0,2670099.0,396.3,5.49,0.1667443913691763,10.0,96.0,24.0,256.0,2.0,0.0005,0.0,3.4535467624664307,5.680792808532715,32.27140808105469,23.34154319763184,0.6364678144454956,2.7186200618743896,3.4969515800476074,7.670182228088379,10.13047695159912,11.197772026062012,2.573390483856201,3.5662734508514404,0.2599871456623077,0.8519975543022156,1.2296667098999023,2.160249710083008,3.3137786388397217,3.035689353942871,5.108644008636475,3.568161964416504,5.85930871963501,4.15327262878418,6.546061038970947,0.7494577461413096,0.2232325486258321,0.9965550159797452,0.3647578029457117,0.9764279150020284,0.7638011560298759,0.0721796807592752,huber,0.5,off,default,,
Informer,beijing_aotizhongxin,full,1,0.0,2865682.0,269.4,3.59,0.1971668683175038,11.0,96.0,24.0,256.0,2.0,0.0005,0.0,4.846539497375488,8.7296724319458,76.2071762084961,29.92743492126465,0.6102086305618286,3.801257371902466,4.688255310058594,12.278539657592772,16.415754318237305,28.415063858032227,2.6122424602508545,3.5255391597747803,0.257441908121109,0.6941151022911072,0.9708510637283324,3.13984489440918,5.128267288208008,4.199847221374512,7.538445472717285,5.08280611038208,9.092345237731934,5.742022037506104,10.246638298034668,0.7736886632825719,0.4342971960357747,0.9998260990539788,0.605556959892147,0.9720857056297826,0.8688225514247591,0.1737490935460478,huber,0.5,off,default,,
Informer,beijing_aotizhongxin,full,3,0.0,2865682.0,212.7,3.3,0.1950591514516728,10.0,96.0,24.0,256.0,2.0,0.0005,0.0,4.78084135055542,8.655359268188477,74.91524505615234,29.219371795654297,0.6177905201911926,3.49322247505188,4.403217792510986,11.963333129882812,16.256628036499023,29.75234031677246,2.9923431873321533,3.88358736038208,0.2951616942882538,0.6744665503501892,0.9552156329154968,3.331723690032959,5.540097713470459,4.144325256347656,7.50809907913208,4.926497936248779,8.946380615234375,5.54234504699707,9.886043548583984,0.7518552090887116,0.4118312683520733,1.0,0.5834001237736768,0.9695296626489333,0.8546078943328191,0.1737490935460478,huber,0.5,off,default,,
Transformer,beijing_aotizhongxin,full,0,0.0,2668342.0,149.2,3.01,0.2044088762305217,8.0,96.0,24.0,256.0,2.0,0.0005,0.0,4.905593395233154,9.075883865356444,82.37167358398438,29.43478202819824,0.5915930867195129,3.097819328308105,3.957154750823975,12.999560356140137,17.256004333496094,32.53513717651367,2.8141887187957764,3.881490230560303,0.2772792279720306,0.7108010649681091,0.9960033893585204,3.254255771636963,5.646209239959717,4.457152366638184,8.25615406036377,5.088546752929688,9.487139701843262,5.702666759490967,10.15051555633545,0.7255620014503263,0.387670900412588,1.0,0.558736081151985,0.9680911395444194,0.8414049395470675,0.1737490935460478,huber,0.5,on,default,,
Transformer,beijing_aotizhongxin,full,2,0.0,2668342.0,168.5,2.99,0.2021911137217366,9.0,96.0,24.0,256.0,2.0,0.0005,0.0,4.921138286590576,8.889297485351562,79.01960754394531,29.79201889038086,0.5952141880989075,3.578031301498413,4.4712233543396,12.655840873718262,16.75010108947754,30.728185653686523,2.748479127883911,3.812857866287232,0.2706352472305298,0.7022039890289307,0.9913792014122008,3.022095203399658,5.181826591491699,4.435819149017334,7.98223066329956,5.094419479370117,9.134334564208984,5.723725318908691,10.07052993774414,0.7503807106598985,0.4103790420444,0.9997565386755703,0.5819002601293561,0.969728152630114,0.8473708820306269,0.1737490935460478,huber,0.5,on,default,,
Transformer,beijing_aotizhongxin,full,4,0.0,2668342.0,149.5,3.0,0.1988948476254711,8.0,96.0,24.0,256.0,2.0,0.0005,0.0,4.821741104125977,8.712613105773926,75.90962219238281,29.56461906433105,0.6027109026908875,3.0779025554656982,3.915187120437622,12.667035102844238,16.501380920410156,30.01301002502441,2.833332061767578,3.875378370285034,0.2791091203689575,0.7086895704269409,0.997810423374176,3.0626251697540283,5.251053810119629,4.3603291511535645,7.844564914703369,4.95343828201294,8.950925827026367,5.62732458114624,9.870049476623535,0.7337321730722746,0.394869118576098,1.0,0.5661737195518185,0.9689486974240186,0.8459633400794441,0.1737490935460478,huber,0.5,on,default,,
LSTM,jena,full,1,0.0,834694.0,225.6,2.6,0.1614721401138037,11.0,96.0,24.0,256.0,2.0,0.0005,0.0,3.293227195739746,5.501227855682373,30.26350784301757,23.085100173950195,0.6448249220848083,2.4159069061279297,3.114320993423462,7.48187255859375,9.893702507019045,10.768630981445312,2.410658597946167,3.446793556213379,0.2435290068387985,0.8644722104072571,1.2606699466705322,1.5873985290527344,2.595144271850586,2.784411191940308,4.785435199737549,3.4657022953033447,5.712177276611328,4.101478576660156,6.473004817962647,0.6990910507142173,0.1932977680651744,0.9985888017266424,0.3238982491804603,0.970906037798393,0.7093691755171369,0.0721796807592752,huber,0.5,on,default,,
LSTM,jena,full,3,0.0,834694.0,210.5,2.64,0.1596212226583479,10.0,96.0,24.0,256.0,2.0,0.0005,0.0,3.311803817749023,5.514344215393066,30.40799331665039,22.96902275085449,0.6443625688552856,2.4435534477233887,3.122649669647217,7.542482376098633,9.928662300109863,10.846819877624512,2.381911039352417,3.4221854209899902,0.2406666278839111,0.8792683482170105,1.2614657878875732,1.7475506067276,2.869420528411865,2.81860876083374,4.867997169494629,3.444236516952514,5.67853307723999,4.124878883361816,6.483717918395996,0.7045555315885341,0.1960982611816135,0.9979662142531026,0.3277870556559081,0.972167017177175,0.7253271670161664,0.0721796807592752,huber,0.5,on,default,,
iTransformer,jena,full,0,0.0,1611032.0,337.0,2.23,0.1661973683917174,16.0,96.0,24.0,256.0,2.0,0.0005,0.0,3.3020272254943848,5.54384708404541,30.73423957824707,23.37426948547364,0.6248365640640259,2.439453601837158,3.151184797286988,7.431909561157227,9.97604751586914,10.80980110168457,2.401839017868042,3.4261162281036377,0.2427053451538086,0.9349067807197572,1.3218159675598145,1.334541082382202,2.1956605911254883,2.740412473678589,4.760114192962647,3.516805648803711,5.806297302246094,4.199106216430664,6.58366584777832,0.7025303182820439,0.1950823926300765,0.9984642842319346,0.3263932702418506,0.9699040561139576,0.7117432141095735,0.0721796807592752,huber,0.5,off,default,,
iTransformer,jena,full,2,0.0,1611032.0,293.8,2.24,0.1638361109512803,14.0,96.0,24.0,256.0,2.0,0.0005,0.0,3.2691986560821533,5.558867931365967,30.901010513305664,23.12677383422852,0.6330553293228149,2.300081729888916,3.0151360034942627,7.50351619720459,10.07440185546875,10.715198516845703,2.359880208969116,3.364363193511963,0.2384156286716461,0.9133154153823853,1.3040196895599363,1.3697668313980105,2.410216808319092,2.7539665699005127,4.88745641708374,3.463066339492798,5.7745232582092285,4.1409525871276855,6.543888568878174,0.688743289234014,0.1881808661946515,0.9994604241895988,0.3167274999177929,0.9698040036184532,0.7133046725521115,0.0721796807592752,huber,0.5,off,default,,
iTransformer,jena,full,4,0.0,1611032.0,351.0,2.26,0.1662673479110655,16.0,96.0,24.0,256.0,2.0,0.0005,0.0,3.287942886352539,5.519435405731201,30.46416664123535,23.356632232666016,0.628645658493042,2.429056167602539,3.124772310256958,7.419635772705078,9.938446998596191,10.685357093811035,2.375317096710205,3.404307126998902,0.2399208694696426,0.927762806415558,1.3154586553573608,1.3765819072723389,2.251415252685547,2.750457763671875,4.788138389587402,3.480120658874512,5.767673492431641,4.174199104309082,6.556183815002441,0.6953971335442432,0.1914802236520826,0.999252895031752,0.3213770824434002,0.9703899685438212,0.7202009259328588,0.0721796807592752,huber,0.5,off,default,,
DLinear,jena,full,1,0.0,4656.0,225.1,2.13,0.173568000419512,16.0,96.0,24.0,256.0,2.0,0.0005,0.0,3.41990327835083,5.741542816162109,32.96531295776367,23.141258239746097,0.6164566278457642,2.13028883934021,2.8044748306274414,7.649148941040039,10.270808219909668,11.249903678894045,2.972676038742065,4.102413654327393,0.3002838492393493,0.9274985194206238,1.2949453592300415,1.0411609411239624,1.8193871974945068,2.9868476390838623,5.106631755828857,3.744050264358521,6.159246921539307,4.1997151374816895,6.593822956085205,0.658254242162784,0.1742039669493305,0.9984642842319346,0.2966507177033493,0.9643694498334552,0.6895856296500924,0.0721796807592752,huber,0.5,off,default,,
DLinear,jena,full,3,0.0,4656.0,216.3,2.02,0.1727319809548847,16.0,96.0,24.0,256.0,2.0,0.0005,0.0,3.4124372005462646,5.736674785614014,32.9094352722168,23.09430503845215,0.6178396940231323,2.139258861541748,2.81602144241333,7.660727977752685,10.281984329223633,11.302867889404297,2.9213998317718506,4.038718700408936,0.2951120138168335,0.9283589124679564,1.2951185703277588,1.0388836860656738,1.8221831321716309,2.965843915939331,5.098605632781982,3.745912551879883,6.143167495727539,4.19868803024292,6.589575290679932,0.6620350397852555,0.1757016588318724,0.99750965010584,0.2987766975807454,0.9645440124392176,0.69406077768441,0.0721796807592752,huber,0.5,off,default,,
DLinear,beijing_aotizhongxin,full,0,0.0,4656.0,110.4,1.4,0.1825754435181371,16.0,96.0,24.0,256.0,2.0,0.0005,0.0,4.373193740844727,8.383946418762207,70.2905502319336,27.775270462036133,0.6206340789794922,2.0393309593200684,2.6546571254730225,11.891451835632324,16.05972671508789,29.41661834716797,2.8386669158935547,3.8983099460601807,0.2796242833137512,0.7233284711837769,1.0016818046569824,1.6002678871154783,3.086813449859619,3.805630207061768,7.295566082000732,4.766721248626709,8.969757080078125,5.308990478515625,9.684687614440918,0.6990572878897752,0.3660250534677666,1.0,0.5358980093938717,0.9713235476714028,0.8634801798089318,0.1737490935460478,huber,0.5,off,default,,
DLinear,beijing_aotizhongxin,full,2,0.0,4656.0,180.0,1.66,0.1823871722607124,25.0,96.0,24.0,256.0,2.0,0.0005,0.0,4.355823040008545,8.383193016052246,70.27792358398438,27.78466033935547,0.6208405494689941,2.01786732673645,2.6354517936706543,11.864891052246094,16.06473731994629,29.441505432128903,2.81752872467041,3.8841121196746826,0.2775644063949585,0.7230035066604614,1.001965045928955,1.5256389379501345,3.0375399589538574,3.803428888320923,7.261755466461182,4.747083187103272,8.940494537353516,5.292150020599365,9.69287395477295,0.6996132463137539,0.3664542442008667,1.0,0.5363578703876432,0.9723255438906492,0.8656556181509191,0.1737490935460478,huber,0.5,off,default,,
DLinear,beijing_aotizhongxin,full,4,0.0,4656.0,196.1,1.77,0.18221675684873,28.0,96.0,24.0,256.0,2.0,0.0005,0.0,4.344113826751709,8.384906768798828,70.30665588378906,27.57059097290039,0.6205592155456543,1.9851553440094,2.608704090118408,11.858034133911133,16.07439422607422,29.327890396118164,2.8095974922180176,3.8767247200012207,0.2767859101295471,0.723668098449707,1.0030823945999146,1.4973177909851074,3.010793447494507,3.800799369812012,7.272119045257568,4.739055156707764,8.934810638427734,5.27945613861084,9.72330093383789,0.6994923857868021,0.3663608562691131,1.0,0.5362578334825425,0.9724731373709904,0.8669996452522494,0.1737490935460478,huber,0.5,off,default,,
LSTM,beijing_aotizhongxin,full,1,0.0,833668.0,106.3,1.73,0.1771198452302126,10.0,96.0,24.0,256.0,2.0,0.0005,0.0,4.332779884338379,8.072233200073242,65.16094207763672,27.30894660949707,0.6410031318664551,2.5805492401123047,3.3677148818969727,11.477295875549316,15.353612899780272,26.493253707885746,2.581760168075561,3.55254864692688,0.2544595301151275,0.6915150284767151,0.9737786650657654,2.669643878936768,4.6944661140441895,3.694773197174072,6.893496990203857,4.501579284667969,8.34841251373291,5.271687984466553,9.532069206237791,0.7112702441382645,0.3756908964994577,1.0,0.5461850441191836,0.9688813802518188,0.8391595193791189,0.1737490935460478,huber,0.5,on,default,,
LSTM,beijing_aotizhongxin,full,3,0.0,833668.0,106.6,1.74,0.177518453056354,10.0,96.0,24.0,256.0,2.0,0.0005,0.0,4.335080623626709,8.119579315185547,65.92756652832031,27.51606178283692,0.640662670135498,2.652849197387696,3.434527635574341,11.453531265258787,15.44172191619873,27.55018424987793,2.54893159866333,3.539159059524536,0.2511974275112152,0.6850070953369141,0.9705002903938292,2.714373588562012,4.799184322357178,3.701192855834961,6.957189559936523,4.450096130371094,8.376544952392578,5.325819969177246,9.607818603515623,0.7139412617839014,0.3778732799747664,1.0,0.5484877099607978,0.971234973013821,0.8566397159488018,0.1737490935460478,huber,0.5,on,default,,
iTransformer,beijing_aotizhongxin,full,0,0.0,1611032.0,132.7,1.53,0.1793072579804162,13.0,96.0,24.0,256.0,2.0,0.0005,0.0,4.282550811767578,8.291726112365723,68.75271606445312,27.54110336303711,0.6231459975242615,2.1950676441192627,2.8571455478668213,11.609461784362791,15.882944107055664,28.14682960510254,2.615917444229126,3.683621644973755,0.2576311826705932,0.7097540497779846,1.0052982568740845,1.8640002012252808,3.5378434658050537,3.6829099655151367,7.075642108917236,4.600845813751221,8.764513969421387,5.283381938934326,9.805545806884766,0.7110406091370558,0.3755044469694001,1.0,0.545987979605207,0.9728095379197794,0.8622729085036037,0.1737490935460478,huber,0.5,off,default,,
iTransformer,beijing_aotizhongxin,full,1,0.0,1611032.0,104.9,1.5,0.180824078511692,10.0,96.0,24.0,256.0,2.0,0.0005,0.0,4.215433120727539,8.215044975280762,67.4869613647461,27.20082092285156,0.6260205507278442,1.9957102537155151,2.627804040908813,11.45415496826172,15.739120483398438,27.139524459838867,2.6998531818389893,3.7833309173583984,0.2658227980136871,0.7120145559310913,1.0044658184051514,1.7323570251464844,3.408365249633789,3.611506223678589,7.071378231048584,4.49202823638916,8.557405471801758,5.245925426483154,9.787603378295898,0.7027374909354605,0.3688849543897463,1.0,0.538956839589484,0.9730672766787474,0.8672642445216725,0.1737490935460478,huber,0.5,off,default,,
iTransformer,beijing_aotizhongxin,full,3,0.0,1611032.0,103.4,1.52,0.1816415601303558,10.0,96.0,24.0,256.0,2.0,0.0005,0.0,4.24924898147583,8.302167892456055,68.92598724365234,27.30572509765625,0.6218365430831909,2.0202300548553467,2.661605834960937,11.546527862548828,15.909817695617676,27.71926498413086,2.712061882019043,3.8057072162628174,0.2670367360115051,0.7181796431541443,1.0070363283157349,1.7597736120224,3.437598943710327,3.6662440299987793,7.120738983154297,4.570205211639404,8.686190605163574,5.202547550201416,9.806441307067873,0.7044476673918298,0.3702292042235385,1.0,0.5403901815584709,0.973723704545909,0.8718769929558378,0.1737490935460478,huber,0.5,off,default,,
PatchTST,jena,full,0,0.0,1657880.0,1084.1,9.19,0.3776574757160373,20.0,96.0,24.0,256.0,2.0,0.0005,0.0,3.309354066848755,5.634677410125732,31.749589920043945,23.03117561340332,0.6393457651138306,2.1802637577056885,2.876061201095581,7.81986141204834,10.289963722229004,11.634953498840332,2.311122417449951,3.347097873687744,0.2334952354431152,0.9261677861213684,1.2807292938232422,1.1720845699310305,2.0535597801208496,2.756624221801758,4.896233081817627,3.560342311859131,5.961833953857422,4.1529645919799805,6.507343769073486,0.6722809414245997,0.1804087015819014,0.999252895031752,0.305636663704456,0.96802536215849,0.7035759327104885,0.0721796807592752,mse,0.0,off,default,,
PatchTST,jena,full,2,0.0,1657880.0,1086.2,8.94,0.3830238027287622,20.0,96.0,24.0,256.0,2.0,0.0005,0.0,3.335667848587036,5.61279821395874,31.503501892089844,23.20133209228516,0.6393444538116455,2.223599910736084,2.913931608200073,7.845427513122559,10.231703758239746,11.707330703735352,2.3490190505981445,3.345449209213257,0.2373681664466858,0.9246295094490052,1.2818702459335327,1.3606475591659546,2.261143684387207,2.785783052444458,4.90948486328125,3.5761961936950684,5.941758632659912,4.158410549163818,6.486753463745117,0.6742911753427284,0.1813204193528951,0.999252895031752,0.306944010607577,0.9678111617576498,0.7038845093090814,0.0721796807592752,mse,0.0,off,default,,
PatchTST,jena,full,4,0.0,1657880.0,977.0,9.05,0.38045338364976,18.0,96.0,24.0,256.0,2.0,0.0005,0.0,3.278254508972168,5.583081245422363,31.17079734802246,22.848011016845703,0.6388885378837585,2.1456897258758545,2.865440845489502,7.680032730102539,10.159764289855955,11.232396125793455,2.37496280670166,3.4052734375,0.2399614602327346,0.9123375415802002,1.2867543697357178,1.0575963258743286,1.9070944786071773,2.747867584228516,4.881975173950195,3.556112051010132,5.918779850006104,4.152575969696045,6.528067588806152,0.6647373214456908,0.1771483613850102,0.9999584941684306,0.3009769382605002,0.9672887591242736,0.6967326035175685,0.0721796807592752,mse,0.0,off,default,,
Autoformer,jena,full,2,0.0,2677305.0,1513.5,12.56,0.4729681965204172,19.0,96.0,24.0,256.0,2.0,0.0005,0.0,3.860886335372925,6.258899211883545,39.1738166809082,25.47679328918457,0.5502252578735352,2.479675531387329,3.181245803833008,8.588332176208496,11.110360145568848,12.674445152282717,3.3886795043945312,4.609155178070068,0.3422151207923889,0.9868584871292114,1.3749537467956543,2.706137657165528,4.357643127441406,3.4034619331359863,5.620607376098633,3.914172649383545,6.339760780334473,4.639823913574219,7.266619682312012,0.6866791295177835,0.1870708892845757,0.9985888017266424,0.3151104766145826,0.9620116859685602,0.6450091872947751,0.0721796807592752,mse,0.0,on,default,,
Autoformer,jena,full,4,0.0,2677305.0,792.0,12.33,0.4788282635153836,10.0,96.0,24.0,256.0,2.0,0.0005,0.0,3.900084972381592,6.11987829208374,37.45290756225586,25.213298797607425,0.5499924421310425,2.622211217880249,3.324810743331909,8.233148574829102,10.581018447875977,11.943734169006348,3.7576515674591056,4.996201515197754,0.379311203956604,0.9873296618461608,1.3554704189300537,2.923675298690796,4.540744304656982,3.5083651542663574,5.566136360168457,3.957597494125366,6.209802150726318,4.5247907638549805,6.956555366516113,0.6931112788802608,0.1900115537407214,0.9965965218113144,0.319170006446939,0.9601319522196344,0.6290222653827588,0.0721796807592752,mse,0.0,on,default,,
TimesNet,jena,full,1,0.0,1186507.0,904.4,7.59,0.3610857712043036,12.0,96.0,24.0,256.0,2.0,0.0005,0.0,3.28174090385437,5.434513568878174,29.533939361572266,22.33102226257324,0.6552147269248962,2.123463630676269,2.741992712020874,7.541553497314453,9.806048393249512,11.14781379699707,2.568473100662231,3.592500925064087,0.2594307959079742,0.8934736847877502,1.246026873588562,1.8519912958145144,3.095043182373047,2.79276704788208,4.767362594604492,3.407801389694214,5.59270715713501,4.082175254821777,6.383071422576904,0.6884586808551433,0.1879925334083116,0.9990453658739052,0.3164398869388023,0.9741367368512456,0.753537568421595,0.0721796807592752,mse,0.0,off,default,,
TimesNet,jena,full,3,0.0,1186507.0,902.6,7.45,0.3682880672244778,12.0,96.0,24.0,256.0,2.0,0.0005,0.0,3.27836275100708,5.46377420425415,29.85283088684082,22.22976493835449,0.6495703458786011,2.0407869815826416,2.6574151515960693,7.53052806854248,9.855291366577148,11.07582187652588,2.650714635848999,3.6928327083587646,0.2679759860038757,0.8914196491241455,1.2592308521270752,1.7534096240997314,2.9456663131713867,2.7510197162628174,4.725371837615967,3.420041799545288,5.642546653747559,4.153043270111084,6.51261043548584,0.6741443773367846,0.1812151284927979,0.9989208483791971,0.3067774789358963,0.9747574136029534,0.7517213197274245,0.0721796807592752,mse,0.0,off,default,,
TFT,jena,full,0,0.0,3640676.0,939.2,12.1,0.3673596075189731,10.0,96.0,24.0,256.0,2.0,0.0005,0.0,3.285935163497925,5.470184803009033,29.92292213439941,22.660215377807617,0.6531593203544617,2.2634401321411133,2.925947904586792,7.538860321044922,9.884172439575195,10.776230812072754,2.4451191425323486,3.446397066116333,0.2469955086708068,0.8963163495063782,1.2474019527435305,1.7270978689193726,2.8610148429870605,2.7263288497924805,4.712444305419922,3.425598859786988,5.650371551513672,4.080152988433838,6.383624076843262,0.7011731856964817,0.1943881137243179,0.998630307558212,0.3254297810179486,0.9707179706765744,0.7284659371549611,0.0721796807592752,mse,0.0,off,default,,
TFT,jena,full,2,0.0,3640676.0,943.8,12.04,0.3708884741348399,10.0,96.0,24.0,256.0,2.0,0.0005,0.0,3.3446528911590576,5.528117656707764,30.56008529663086,22.52688217163086,0.645922064781189,2.2031784057617188,2.851835966110229,7.590831279754639,9.935433387756348,10.798285484313965,2.6901402473449707,3.719144105911255,0.2717607915401459,0.894459068775177,1.2500040531158447,1.9126410484313965,3.19882869720459,2.8342843055725098,4.829105854034424,3.464421033859253,5.671903133392334,4.138521194458008,6.478251457214356,0.684734804908446,0.1862481246036533,0.9995849416843068,0.313991616633746,0.973136663141234,0.7404085954743054,0.0721796807592752,mse,0.0,off,default,,
TFT,jena,full,4,0.0,3640676.0,953.2,12.41,0.3844054552889797,10.0,96.0,24.0,256.0,2.0,0.0005,0.0,3.378675937652588,5.544843673706055,30.74529266357422,22.490625381469727,0.6380465030670166,2.120189666748047,2.777411937713623,7.523630142211914,9.856184005737305,11.019174575805664,2.969555616378784,4.068376541137695,0.3000042736530304,0.901328444480896,1.2534667253494265,1.8383612632751465,3.033544540405273,2.9003264904022217,4.869728088378906,3.507441282272339,5.700336933135986,4.17675256729126,6.516412258148193,0.6839109385485572,0.1857558610787318,0.99875482505292,0.3132509730918937,0.9733515368580934,0.7361889596455338,0.0721796807592752,mse,0.0,off,default,,
Crossformer,jena,full,1,0.0,1695908.0,848.1,6.15,0.3294803187300812,13.0,96.0,24.0,256.0,2.0,0.0005,0.0,3.052561521530152,5.166215896606445,26.68978500366211,21.924406051635746,0.6891105771064758,2.1617300510406494,2.7678825855255127,7.021772384643555,9.381250381469728,10.385653495788574,2.173115491867065,3.109203338623047,0.2194127291440963,0.8536272048950195,1.1928671598434448,1.3425577878952026,2.0558650493621826,2.5737929344177246,4.458262920379639,3.226142883300781,5.458602428436279,3.910694360733032,6.1383209228515625,0.7219525932317131,0.2059832789943436,0.9990868717054746,0.3415488960780975,0.9778472992113824,0.7706773834946179,0.0721796807592752,mse,0.0,off,default,,
Crossformer,jena,full,3,0.0,1695908.0,1127.0,6.11,0.3344321110680749,17.0,96.0,24.0,256.0,2.0,0.0005,0.0,3.0094003677368164,5.098517417907715,25.99488067626953,21.974321365356445,0.6906335353851318,2.026309967041016,2.5937817096710205,7.023952007293701,9.283317565917969,10.549077033996582,2.097898006439209,3.1007094383239746,0.2118489295244217,0.8894399404525757,1.2072374820709229,1.2064034938812256,1.9527336359024048,2.521918296813965,4.398680686950684,3.182077646255493,5.307435989379883,3.911059856414795,6.129848003387451,0.712356797047263,0.2005928195563844,0.9999584941684306,0.3341539699161563,0.979795918724086,0.7790012500876272,0.0721796807592752,mse,0.0,off,default,,
Crossformer,beijing_aotizhongxin,full,0,0.0,1694628.0,463.9,3.5,0.3855185759148486,14.0,96.0,24.0,256.0,2.0,0.0005,0.0,4.122514724731445,8.075554847717285,65.21458435058594,26.35837745666504,0.6580150723457336,2.242330312728882,2.910772562026977,11.42701244354248,15.557473182678224,27.99535751342773,2.141521692276001,3.072492837905884,0.2108878642320633,0.6791951060295105,0.9542284607887268,1.9060606956481927,3.403355598449707,3.5221729278564453,6.910220623016357,4.353781223297119,8.40291690826416,5.1665754318237305,9.649210929870604,0.718183466279913,0.3813920171912929,1.0,0.5521850603520295,0.9780366152588162,0.8968013367165565,0.1737490935460478,mse,0.0,off,default,,
Crossformer,beijing_aotizhongxin,full,2,0.0,1694628.0,453.6,3.35,0.3888032939675497,14.0,96.0,24.0,256.0,2.0,0.0005,0.0,4.126246929168701,7.983124256134033,63.73027038574219,26.453968048095703,0.6587950587272644,2.230609178543091,2.8839964866638184,11.34997844696045,15.346680641174316,26.299291610717773,2.2510921955108643,3.188852310180664,0.2215529382228851,0.6733096241950989,0.9561476707458496,1.8687183856964111,3.397047758102417,3.4121861457824707,6.578623294830322,4.423088073730469,8.42091178894043,5.257596492767334,9.67490577697754,0.7158750302151318,0.3794691760482519,1.0,0.5501669520957511,0.9766462342823092,0.8890798766393943,0.1737490935460478,mse,0.0,off,default,,
Crossformer,beijing_aotizhongxin,full,4,0.0,1694628.0,413.0,3.26,0.3736762553145479,13.0,96.0,24.0,256.0,2.0,0.0005,0.0,4.2106242179870605,8.004375457763672,64.07003021240234,26.8004150390625,0.6606135368347168,2.6155898571014404,3.315566062927246,11.291460037231444,15.31981086730957,26.670867919921875,2.2530832290649414,3.114227294921875,0.2220746576786041,0.6823656558990479,0.9445436596870422,2.176826477050781,3.774552345275879,3.492780923843384,6.705594062805176,4.387565612792969,8.279589653015137,5.251801013946533,9.5884428024292,0.7341068407058254,0.3952056300857708,1.0,0.5665195460277428,0.9778470462099634,0.8965185106909958,0.1737490935460478,mse,0.0,off,default,,
XAI-MeteoFormer,jena,no_revin,1,0.0,1892475.0,518.8,6.42,0.3321995497286,16.0,96.0,24.0,256.0,2.0,0.0005,0.01,3.012761116027832,5.174787521362305,26.778425216674805,21.541303634643555,0.6870062947273254,1.8961025476455688,2.51343846321106,7.038408756256104,9.43020725250244,10.226369857788086,2.246251106262207,3.2269175052642822,0.2267643511295318,0.8702828884124756,1.2060348987579346,1.3811841011047363,2.313033103942871,2.516968011856079,4.572470664978027,3.140451192855835,5.33744478225708,3.8362765312194815,6.118624687194824,0.9379583692838654,0.542406015037594,0.8982692068235587,0.676386479771225,0.9789654454657234,0.794273071247833,0.0721796807592752,mse,0.0,off,default,,
XAI-MeteoFormer,jena,no_revin,3,0.0,1892475.0,520.4,6.49,0.3364381671673878,16.0,96.0,24.0,256.0,2.0,0.0005,0.01,2.9979443550109863,5.151621341705322,26.539203643798828,22.519439697265625,0.6862677335739136,1.991157293319702,2.6408135890960693,7.015286445617676,9.385311126708984,10.175206184387209,2.103170394897461,3.102842330932617,0.2125574797391891,0.8821658492088318,1.2129473686218262,1.1788357496261597,2.052085399627685,2.454209327697754,4.45700740814209,3.133786916732788,5.311657428741455,3.898030281066896,6.152130126953125,0.9142579810181192,0.4550759154510271,0.9516872120532937,0.6157254491259164,0.9800008534575386,0.8044392345197205,0.0721796807592752,mse,0.0,off,default,,
TFT,beijing_aotizhongxin,full,0,0.0,3540960.0,508.9,6.21,0.4216683571902495,11.0,96.0,24.0,256.0,2.0,0.0005,0.0,4.570369243621826,8.652830123901367,74.87146759033203,28.14175796508789,0.612940788269043,2.346705913543701,3.041414976119995,12.577181816101074,16.596466064453125,30.121171951293945,2.6320629119873047,3.713865756988525,0.2590914964675903,0.7255294322967529,1.0000770092010498,2.707789897918701,5.038840770721436,3.9062225818634033,7.362504482269287,4.712816715240479,8.82520866394043,5.623011589050293,10.285447120666504,0.7136330674401741,0.3776201733648542,1.0,0.5482210273424093,0.9706834149415238,0.8662245546451093,0.1737490935460478,mse,0.0,off,default,,
TFT,beijing_aotizhongxin,full,1,0.0,3540960.0,459.1,6.45,0.4412806109671822,10.0,96.0,24.0,256.0,2.0,0.0005,0.0,4.841368198394775,8.920111656188965,79.56839752197266,29.291296005249023,0.5911405086517334,2.441569805145264,3.1693384647369385,13.116515159606934,17.02242660522461,29.53967666625977,3.045587062835694,4.175717353820801,0.3000226020812988,0.7617990374565125,1.014512300491333,3.358497142791748,5.971306324005127,4.261420726776123,7.85113525390625,4.990370273590088,9.172054290771484,5.743159294128418,10.254812240600586,0.7101099830795262,0.3747507266399906,1.0,0.5451908035079402,0.9662826775608124,0.831600359965675,0.1737490935460478,mse,0.0,off,default,,
TFT,beijing_aotizhongxin,full,3,0.0,3540960.0,544.2,6.38,0.4347243343601193,12.0,96.0,24.0,256.0,2.0,0.0005,0.0,4.620908260345459,8.822518348693848,77.83683013916016,28.456506729125977,0.5938867330551147,2.320359230041504,3.007565259933472,12.869468688964844,16.988059997558594,31.48264503479004,2.5478787422180176,3.5545454025268555,0.2510131597518921,0.7459266185760498,1.0357656478881836,2.9428982734680176,5.494205951690674,3.9737603664398193,7.710507392883301,4.749049186706543,9.077522277832031,5.583181858062744,10.197539329528809,0.7086354846507131,0.3735626957007548,1.0,0.5439325003074187,0.9667365716469292,0.833728164410777,0.1737490935460478,mse,0.0,off,default,,
Informer,jena,full,0,0.0,2867475.0,384.2,5.89,0.3574065550022507,11.0,96.0,24.0,256.0,2.0,0.0005,0.0,3.3572535514831543,5.546665191650391,30.76549530029297,23.55950927734375,0.6516210436820984,2.3820600509643555,3.101802349090576,7.55121374130249,9.953423500061035,11.109681129455566,2.603935480117798,3.5887839794158936,0.2628178298473358,0.8918036222457886,1.2209680080413818,1.8274893760681152,2.938756227493286,2.936859607696533,4.991240978240967,3.471963167190552,5.651834011077881,4.260618686676025,6.765906810760498,0.6644227542900968,0.1769974577142941,0.9998339766737226,0.3007534755385758,0.9739036901688456,0.7150049607949205,0.0721796807592752,mse,0.0,off,default,,
Informer,jena,full,2,0.0,2867475.0,391.4,6.04,0.3675807263882122,11.0,96.0,24.0,256.0,2.0,0.0005,0.0,3.455388069152832,5.727433204650879,32.80349349975586,23.27370262145996,0.6412855386734009,2.244300603866577,2.942725419998169,7.968542575836182,10.354506492614746,11.936290740966797,2.733541488647461,3.717927694320679,0.276280790567398,0.8751690983772278,1.2310826778411863,2.121835947036743,3.6225814819335938,3.147510051727295,5.449878692626953,3.629838228225708,5.986785411834717,4.2092719078063965,6.63688325881958,0.6892495925606366,0.1884931035292092,1.0,0.3171967981462952,0.9742254398038084,0.7391394682942888,0.0721796807592752,mse,0.0,off,default,,
Informer,jena,full,4,0.0,2867475.0,361.6,5.94,0.3635858988383157,10.0,96.0,24.0,256.0,2.0,0.0005,0.0,3.2957799434661865,5.471094131469727,29.932870864868164,22.97085762023925,0.6563985347747803,2.14355206489563,2.773988962173462,7.445264339447021,9.853550910949709,10.966367721557615,2.681281089782715,3.665001630783081,0.2706764042377472,0.9130223393440248,1.2295430898666382,1.7797939777374268,2.82936692237854,2.9194376468658447,4.978217601776123,3.427975416183472,5.659033298492432,4.103787899017334,6.477879524230957,0.686942766752948,0.1873643935328838,1.0,0.3155971234330176,0.9747894032169164,0.7346410406910121,0.0721796807592752,mse,0.0,off,default,,
TimesNet,beijing_aotizhongxin,full,1,0.0,1186378.0,422.3,4.49,0.4083784472671342,10.0,96.0,24.0,256.0,2.0,0.0005,0.0,4.38356351852417,8.262749671936035,68.27302551269531,27.24789047241211,0.637091338634491,2.208800792694092,2.8907172679901123,11.893532752990724,15.793160438537598,27.267370223999023,2.7294297218322754,3.79050874710083,0.2689521610736847,0.7024959921836853,0.9715949892997742,2.8287248611450195,5.219242095947266,3.740355253219605,7.073056221008301,4.476957321166992,8.405484199523926,5.414965152740479,9.808812141418455,0.7036137297558618,0.3695724825830998,1.0,0.5396902862505866,0.9693093686576166,0.8428930879631424,0.1737490935460478,mse,0.0,off,default,,
TimesNet,beijing_aotizhongxin,full,3,0.0,1186378.0,418.1,3.97,0.3987534717099308,11.0,96.0,24.0,256.0,2.0,0.0005,0.0,4.331455707550049,8.23525333404541,67.81940460205078,27.11781311035156,0.6336705684661865,2.164747476577759,2.833893060684204,11.89692211151123,15.79359245300293,27.52133560180664,2.556918144226074,3.582247495651245,0.2518541216850281,0.7072367072105408,0.988271415233612,2.6691911220550537,4.891779899597168,3.665479898452759,7.074402809143066,4.451354503631592,8.414024353027344,5.342752933502197,9.718450546264648,0.702580372250423,0.3687619438494786,1.0,0.5388255357427311,0.9722218271777996,0.8618099214702326,0.1737490935460478,mse,0.0,off,default,,
Autoformer,beijing_aotizhongxin,full,0,0.0,2674742.0,353.3,6.6,0.5082438348016803,9.0,96.0,24.0,256.0,2.0,0.0005,0.0,5.131360530853272,9.146489143371582,83.65826416015625,28.950654983520508,0.5731832385063171,2.4781386852264404,3.212963104248047,13.456879615783691,17.239543914794922,31.66246032714844,3.877694845199585,5.108587265014648,0.3823857307434082,0.7127285003662109,1.005130648612976,4.123232841491699,7.131376266479492,4.680816173553467,8.275715827941895,5.232442378997803,9.253711700439451,5.874011516571045,10.509516716003418,0.7026710176456369,0.368832901454704,1.0,0.5389012801529436,0.9625897252212836,0.8286251750986566,0.1737490935460478,mse,0.0,on,default,,
Autoformer,beijing_aotizhongxin,full,2,0.0,2674742.0,353.0,6.48,0.5167648269428347,9.0,96.0,24.0,256.0,2.0,0.0005,0.0,5.214695930480957,9.36526584625244,87.70819854736328,29.31484031677246,0.5638864040374756,2.501508951187134,3.2563655376434326,13.740720748901367,17.69248390197754,32.33144760131836,3.901459455490112,5.1173415184021,0.3847088515758514,0.7150938510894775,1.0088316202163696,4.188136577606201,7.17185115814209,4.681777000427246,8.406637191772461,5.25562047958374,9.46045970916748,6.08814001083374,10.848464965820312,0.7039340101522843,0.3698244260081034,1.0,0.5399588720809037,0.9625633240184044,0.8237433495779029,0.1737490935460478,mse,0.0,on,default,,
Autoformer,beijing_aotizhongxin,full,4,0.0,2674742.0,354.0,6.73,0.5208382602634773,9.0,96.0,24.0,256.0,2.0,0.0005,0.0,5.225768089294434,9.348140716552734,87.38774108886719,29.3948917388916,0.5586420297622681,2.528360366821289,3.26892614364624,13.712868690490724,17.639894485473633,32.63850402832031,3.934313535690308,5.163257598876953,0.3878794908523559,0.7275311946868896,1.0198372602462769,4.266645431518555,7.413407325744629,4.703176975250244,8.375134468078613,5.269073009490967,9.386958122253418,6.0221686363220215,10.763781547546388,0.7061880589799372,0.3716072997983767,1.0,0.5418566959405978,0.9626185286147652,0.824150251638809,0.1737490935460478,mse,0.0,on,default,,
PatchTST,beijing_aotizhongxin,full,1,0.0,1657880.0,516.2,4.72,0.4099410199154644,20.0,96.0,24.0,256.0,2.0,0.0005,0.0,4.274693965911865,8.289835929870605,68.72138214111328,26.82518577575684,0.6343439221382141,1.9763230085372925,2.619318008422852,11.916544914245604,15.955398559570312,27.86710548400879,2.5141713619232178,3.5319180488586426,0.2476208806037902,0.6917374134063721,0.9876852631568908,1.6582059860229492,3.203619718551636,3.6252408027648926,7.015380382537842,4.6270928382873535,8.833137512207031,5.276957035064697,9.68205738067627,0.6965736040609137,0.3641199042589567,1.0,0.5338532237849881,0.9712983696308596,0.8568425655106183,0.1737490935460478,mse,0.0,off,default,,
PatchTST,beijing_aotizhongxin,full,3,0.0,1657880.0,644.4,4.68,0.4124343669850952,25.0,96.0,24.0,256.0,2.0,0.0005,0.0,4.3851094245910645,8.468875885009766,71.72185516357422,27.213048934936523,0.6254581212997437,1.9896823167800903,2.6178460121154785,12.388567924499512,16.338600158691406,28.549888610839844,2.4519381523132324,3.477025270462036,0.2414285242557525,0.7102439403533936,0.9973615407943726,1.7209235429763794,3.3414835929870605,3.727614641189575,7.20586347579956,4.716161727905273,8.946643829345703,5.386989593505859,9.857486724853516,0.6959753444525019,0.3636639599301813,1.0,0.5333630140798041,0.9709197430813412,0.8535108436408265,0.1737490935460478,mse,0.0,off,default,,
XAI-MeteoFormer,beijing_aotizhongxin,no_revin,0,0.0,1892219.0,245.3,3.37,0.364237461825335,16.0,96.0,24.0,256.0,2.0,0.0005,0.01,4.112071990966797,8.036563873291016,64.58635711669922,26.788129806518555,0.6637312173843384,2.080744981765747,2.660874366760254,11.436320304870604,15.509540557861328,27.296119689941406,2.2400057315826416,3.134481906890869,0.2207345366477966,0.6912103891372681,0.9456796646118164,1.901910185813904,3.388879537582397,3.4859838485717773,6.846309185028076,4.442540645599365,8.561919212341309,5.118246555328369,9.449962615966797,0.8901015228426395,0.6161507343241579,0.9747148024485254,0.755024516407134,0.9757432803803476,0.8813963528525537,0.1737490935460478,mse,0.0,off,default,,
XAI-MeteoFormer,beijing_aotizhongxin,no_revin,2,0.0,1892219.0,248.2,3.42,0.3624405660986865,16.0,96.0,24.0,256.0,2.0,0.0005,0.01,4.301217079162598,8.464019775390625,71.6396255493164,27.154541015625,0.6512764692306519,2.0512895584106445,2.618815898895264,12.22520351409912,16.40114974975586,29.90368270874023,2.2449421882629395,3.1316070556640625,0.221318170428276,0.6834357380867004,0.9463363885879515,1.8940485715866089,3.465120315551758,3.65798592567444,7.25499677658081,4.551809310913086,8.858016967773438,5.425573348999023,10.051714897155762,0.8861312545322697,0.6072704440643472,0.9755147468002224,0.7485554917999974,0.975474681333817,0.8810558577701979,0.1737490935460478,mse,0.0,off,default,,
XAI-MeteoFormer,beijing_aotizhongxin,no_revin,4,0.0,1892219.0,216.2,3.5,0.3677600391554487,14.0,96.0,24.0,256.0,2.0,0.0005,0.01,4.17784309387207,8.03941822052002,64.63224792480469,27.01110458374023,0.661048412322998,2.018287181854248,2.620238304138184,11.568561553955078,15.48165225982666,27.25189018249512,2.4414262771606445,3.3292665481567383,0.2406661212444305,0.6831003427505493,0.9474718570709229,2.1029958724975586,3.829633712768554,3.548644542694092,6.853183746337891,4.473729610443115,8.531351089477539,5.07556676864624,9.35336208343506,0.873404641044235,0.5802959517586285,0.9806622148024484,0.729134611654879,0.9732515285263325,0.8648878743572297,0.1737490935460478,mse,0.0,off,default,,
Transformer,jena,full,1,0.0,2670099.0,245.9,5.12,0.3694380497821751,9.0,96.0,24.0,256.0,2.0,0.0005,0.0,3.2603871822357178,5.458751678466797,29.7979679107666,22.590877532958984,0.6548194289207458,2.1953353881835938,2.8227579593658447,7.34218168258667,9.82185173034668,10.58135223388672,2.593397617340088,3.636872291564941,0.2620193064212799,0.910636067390442,1.236221432685852,1.9708702564239504,3.132709503173828,2.803556442260742,4.847206115722656,3.385326147079468,5.67498254776001,3.987691879272461,6.296683311462402,0.718666115425175,0.2041077543823958,0.9994189183580292,0.3389856755710414,0.97435113566856,0.74199939682216,0.0721796807592752,mse,0.0,off,default,,
Transformer,jena,full,3,0.0,2670099.0,216.8,5.12,0.3731492462065506,8.0,96.0,24.0,256.0,2.0,0.0005,0.0,3.419351816177368,5.61604118347168,31.53992080688477,23.286285400390625,0.6436465978622437,2.457820415496826,3.114020586013794,7.608684539794922,10.064913749694824,10.93008041381836,2.703551769256592,3.693930387496948,0.2729878425598144,0.9073479771614076,1.2308106422424316,2.3439502716064453,3.722089052200317,2.9999890327453613,5.110629081726074,3.530382871627808,5.788599014282227,4.126439571380615,6.486207008361816,0.7203048605119355,0.205063571410323,0.9994604241895988,0.3403052572074618,0.9743688831879018,0.7415805006354464,0.0721796807592752,mse,0.0,off,default,,
Informer,beijing_aotizhongxin,full,0,0.0,2865682.0,179.7,3.43,0.4352479007943105,10.0,96.0,24.0,256.0,2.0,0.0005,0.0,4.716429710388184,8.734247207641602,76.28707885742188,28.80669212341309,0.6147384643554688,2.749452590942383,3.521820545196533,12.52751922607422,16.656526565551758,32.23990631103516,2.890499353408813,3.7876243591308594,0.2849762141704559,0.6982513666152954,0.9793511629104614,3.3035454750061035,5.645310878753662,4.073655128479004,7.579085350036621,4.78897762298584,8.954475402832031,5.444538593292236,9.861671447753906,0.7216944645878656,0.3843541961874716,1.0,0.5552830297997258,0.9697507100990908,0.858111072628488,0.1737490935460478,mse,0.0,off,default,,
Informer,beijing_aotizhongxin,full,2,0.0,2865682.0,182.7,3.51,0.4326237181945645,10.0,96.0,24.0,256.0,2.0,0.0005,0.0,4.696828365325928,8.672165870666504,75.20645904541016,28.810596466064453,0.604261040687561,2.6415371894836426,3.385464191436768,12.54693603515625,16.542695999145508,29.45217704772949,2.866802930831909,3.832191467285156,0.2826820313930511,0.7320378422737122,1.0089329481124878,3.080586671829224,5.372457981109619,4.055934906005859,7.5549468994140625,4.799622058868408,8.761950492858887,5.43280839920044,9.781609535217283,0.7221899927483684,0.3847759755901718,1.0,0.5557230662182535,0.9701799028434716,0.8575077609012733,0.1737490935460478,mse,0.0,off,default,,
Informer,beijing_aotizhongxin,full,4,0.0,2865682.0,173.5,3.61,0.4398237596509869,9.0,96.0,24.0,256.0,2.0,0.0005,0.0,4.805639743804932,8.638373374938965,74.62149810791016,29.59986686706543,0.6129119396209717,2.964173078536988,3.7640907764434814,12.446264266967772,16.33286476135254,30.428726196289062,3.096677780151367,4.074460029602051,0.3053595423698425,0.7154386043548584,0.9766919016838074,3.4095675945281982,5.6991868019104,4.381357192993164,7.86680269241333,4.817760467529297,8.641387939453125,5.427690029144287,9.60276222229004,0.7147993715252599,0.3785797990704043,1.0,0.5492316067966265,0.9691521996108052,0.8564965488286304,0.1737490935460478,mse,0.0,off,default,,
Transformer,beijing_aotizhongxin,full,1,0.0,2668342.0,119.6,3.23,0.4619089706319956,8.0,96.0,24.0,256.0,2.0,0.0005,0.0,4.88189172744751,9.00856113433838,81.1541748046875,29.49556350708008,0.5809956789016724,2.42553973197937,3.133544683456421,13.40113925933838,17.260066986083984,31.1457576751709,2.9250779151916504,3.9763662815094,0.2882807552814483,0.7758066654205322,1.0374023914337158,2.946110486984253,5.234294891357422,4.512913227081299,8.303315162658691,5.03715181350708,9.250391960144045,5.668851852416992,10.176573753356934,0.7113790186125212,0.3757792793381517,1.0,0.5462784401272978,0.9688683914811862,0.8529606303954286,0.1737490935460478,mse,0.0,on,default,,
Transformer,beijing_aotizhongxin,full,3,0.0,2668342.0,119.9,3.12,0.4666165116088806,8.0,96.0,24.0,256.0,2.0,0.0005,0.0,4.819793701171875,9.024090766906738,81.43421173095703,29.23103904724121,0.5837956070899963,2.3742642402648926,3.111410617828369,13.205560684204102,17.284849166870117,32.427642822265625,2.9610860347747803,4.028800010681152,0.2916362583637237,0.7382636666297913,1.028975486755371,2.9994542598724365,5.428611278533936,4.358311653137207,8.244454383850098,5.022243022918701,9.55168342590332,5.5707831382751465,10.027023315429688,0.7081459995165579,0.373169971965528,1.0,0.5435160680529301,0.9682094915974758,0.848323458466656,0.1737490935460478,mse,0.0,on,default,,
LSTM,jena,full,0,0.0,834694.0,124.9,2.9,0.3753586298414952,9.0,96.0,24.0,256.0,2.0,0.0005,0.0,3.322427988052368,5.561625957489014,30.931684494018555,22.716693878173828,0.6419314742088318,2.117978572845459,2.76705002784729,7.714798450469971,10.071695327758787,11.21657371520996,2.547103881835937,3.607525587081909,0.2572669684886932,0.9098318815231324,1.2715657949447632,1.7891924381256104,3.111736297607422,2.8304145336151123,4.925543785095215,3.4747118949890137,5.7556023597717285,4.12093448638916,6.481489181518555,0.6761066772121561,0.1820411128939481,0.9982982609056572,0.3079306349501015,0.9710596486698366,0.7257296608685844,0.0721796807592752,mse,0.0,on,default,,
LSTM,jena,full,2,0.0,834694.0,140.6,3.02,0.3735166582256343,10.0,96.0,24.0,256.0,2.0,0.0005,0.0,3.2713372707366943,5.522195816040039,30.494644165039062,22.421375274658203,0.6495841145515442,2.058945417404175,2.6827337741851807,7.68794584274292,10.051095008850098,11.246092796325684,2.440268516540528,3.487253189086914,0.2465301007032394,0.8981873393058777,1.2633675336837769,1.6451560258865356,2.851336002349853,2.793130159378052,4.870357990264893,3.402972221374512,5.67891788482666,4.072455883026123,6.457101821899414,0.6751809510114083,0.1816019391815868,0.9981737434109492,0.3072961921799131,0.9730685239353551,0.7461024076481921,0.0721796807592752,mse,0.0,on,default,,
LSTM,jena,full,4,0.0,834694.0,139.4,2.83,0.3682162372308114,10.0,96.0,24.0,256.0,2.0,0.0005,0.0,3.261584997177124,5.493527412414551,30.178842544555664,22.37412071228028,0.6527365446090698,2.0138275623321533,2.6292965412139893,7.708816528320312,10.008872032165527,11.353679656982422,2.433151960372925,3.4692327976226807,0.2458962202072143,0.8905404806137085,1.2605706453323364,1.6148582696914673,2.815398693084717,2.782059907913208,4.8508620262146,3.415948390960694,5.680830001831055,4.08180046081543,6.438683032989502,0.6666936295657175,0.1779173749168575,0.9992113892001826,0.3020520316430682,0.9731599346931548,0.7379473412659735,0.0721796807592752,mse,0.0,on,default,,
iTransformer,jena,full,1,0.0,1611032.0,161.1,2.78,0.3853624224247718,11.0,96.0,24.0,256.0,2.0,0.0005,0.0,3.303755044937134,5.543114185333252,30.72611618041992,23.073484420776367,0.6319571733474731,2.1887989044189453,2.8747191429138184,7.533982276916504,9.989302635192873,11.0747709274292,2.5682106018066406,3.62789535522461,0.2594566643238067,0.924029529094696,1.3010426759719849,1.3385629653930664,2.28556227684021,2.7724502086639404,4.81992244720459,3.521315336227417,5.791813850402832,4.170632839202881,6.557503700256348,0.6610853465631291,0.1755746330656327,0.9999584941684306,0.2987025063386874,0.9679862775975934,0.6915998822670529,0.0721796807592752,mse,0.0,off,default,,
iTransformer,jena,full,3,0.0,1611032.0,164.0,2.78,0.3863093200744054,11.0,96.0,24.0,256.0,2.0,0.0005,0.0,3.3001277446746826,5.535514831542969,30.64192581176757,23.16590690612793,0.6335886716842651,2.220427989959717,2.9204440116882324,7.496645927429199,9.967403411865234,10.884917259216309,2.560305595397949,3.607151985168457,0.2586303055286407,0.923133671283722,1.295401930809021,1.2673890590667725,2.204655885696411,2.758798837661743,4.808157444000244,3.5265355110168457,5.771633148193359,4.203019618988037,6.568687438964844,0.6605970185025405,0.1753474117912544,0.9997924708421532,0.2983662195137057,0.9671262010837542,0.6928376989331285,0.0721796807592752,mse,0.0,off,default,,
DLinear,jena,full,0,0.0,4656.0,86.4,2.66,0.3970091834709742,13.0,96.0,24.0,256.0,2.0,0.0005,0.0,3.4503984451293945,5.748910427093506,33.04996871948242,23.07547187805176,0.6198660135269165,2.2098820209503174,2.9296083450317383,7.724146842956543,10.266544342041016,11.473261833190918,2.9509387016296387,4.072283744812012,0.2980278730392456,0.9166286587715148,1.277429699897766,0.9847484230995178,1.813346266746521,2.993299961090088,5.107302188873291,3.798942804336548,6.165234088897705,4.23699426651001,6.579771995544434,0.6594196385773176,0.1746015603434499,0.997634167600548,0.2971901950480665,0.963212688757996,0.6906951888786823,0.0721796807592752,mse,0.0,off,default,,
DLinear,jena,full,2,0.0,4656.0,95.8,2.98,0.3977703037567033,14.0,96.0,24.0,256.0,2.0,0.0005,0.0,3.443413496017456,5.734835147857666,32.888336181640625,23.03060913085937,0.6205114126205444,2.1911418437957764,2.899500608444214,7.680397510528564,10.219776153564451,11.389493942260742,2.9889402389526367,4.132587909698486,0.3018601238727569,0.9131777882575988,1.274401307106018,0.9290382266044616,1.7619760036468506,3.0074055194854736,5.1110615730285645,3.780462265014648,6.141948223114014,4.243000984191895,6.570802688598633,0.655099582973828,0.172899748472871,0.9985888017266424,0.2947630219978804,0.9642367937117782,0.6918939497206383,0.0721796807592752,mse,0.0,off,default,,
DLinear,jena,full,4,0.0,4656.0,109.3,2.85,0.3970912417812235,16.0,96.0,24.0,256.0,2.0,0.0005,0.0,3.4408090114593506,5.727258682250977,32.80149459838867,23.09173583984375,0.6208913326263428,2.200355529785156,2.9053843021392822,7.682147026062012,10.211674690246582,11.38426113128662,2.9666337966918945,4.105893135070801,0.2995859980583191,0.9141011834144592,1.2759637832641602,0.9174728393554688,1.731805682182312,3.023014545440674,5.109955787658691,3.811328887939453,6.150327682495117,4.221633434295654,6.570805549621582,0.6549168344358163,0.1727534649125958,0.9979662142531026,0.2945233166333892,0.96509705637927,0.6947286567213004,0.0721796807592752,mse,0.0,off,default,,
DLinear,beijing_aotizhongxin,full,1,0.0,4656.0,125.0,2.05,0.4161560902086584,35.0,96.0,24.0,256.0,2.0,0.0005,0.0,4.406538963317871,8.35932445526123,69.87831115722656,27.971410751342773,0.6257115006446838,2.0867035388946533,2.681702852249145,11.982712745666504,15.997937202453612,29.69411277770996,2.844630002975464,3.925118923187256,0.2801546454429626,0.7121108770370483,0.9905696511268616,1.4715591669082642,3.002612590789795,3.850540399551392,7.2915730476379395,4.8236517906188965,8.905152320861816,5.352691173553467,9.678081512451172,0.697836596567561,0.3650862178429032,1.0,0.5348910758469295,0.9714529342589182,0.865165098212488,0.1737490935460478,mse,0.0,off,default,,
DLinear,beijing_aotizhongxin,full,3,0.0,4656.0,53.8,1.81,0.416453564364121,16.0,96.0,24.0,256.0,2.0,0.0005,0.0,4.412198066711426,8.36596965789795,69.98944854736328,28.01531791687012,0.6253901124000549,2.0891005992889404,2.68362045288086,11.999279022216797,16.010766983032227,29.76588249206543,2.848048686981201,3.928078413009644,0.2804982364177704,0.7123640775680542,0.9907391667366028,1.465949535369873,3.000328302383423,3.8602871894836426,7.307964324951172,4.835958003997803,8.9115629196167,5.363935947418213,9.673168182373049,0.6984650713077108,0.3655689764780674,1.0,0.5354090240405207,0.9714893820036364,0.8650908839446112,0.1737490935460478,mse,0.0,off,default,,
LSTM,beijing_aotizhongxin,full,0,0.0,833668.0,74.0,2.07,0.4082873462222831,10.0,96.0,24.0,256.0,2.0,0.0005,0.0,4.315348148345947,8.061925888061523,64.9946517944336,27.702924728393555,0.6420947313308716,2.301506519317627,3.002460479736328,11.686959266662598,15.412596702575684,26.33748435974121,2.56460952758789,3.529465436935425,0.2526755332946777,0.7083103656768799,0.9790827631950378,2.6794888973236084,4.801490783691406,3.740155458450317,7.011603355407715,4.41135835647583,8.219822883605957,5.293675422668457,9.509880065917969,0.7054568527918782,0.3710270605086911,1.0,0.5412395877453057,0.968901812798976,0.8509921644598015,0.1737490935460478,mse,0.0,on,default,,
LSTM,beijing_aotizhongxin,full,2,0.0,833668.0,73.3,2.03,0.4143919977407593,10.0,96.0,24.0,256.0,2.0,0.0005,0.0,4.211664199829102,7.976726531982422,63.62816619873047,27.10672378540039,0.6477880477905273,2.16455602645874,2.8313651084899902,11.464343070983888,15.27308177947998,26.672435760498047,2.525457859039306,3.504053831100464,0.2487996071577072,0.6922996640205383,0.9749647378921508,2.5521605014801025,4.687854766845703,3.609230995178223,6.862501621246338,4.271380424499512,8.143402099609375,5.22177791595459,9.419909477233888,0.7013657239545564,0.3678137392861711,1.0,0.5378126110622697,0.9703265088399436,0.8534402896450023,0.1737490935460478,mse,0.0,on,default,,
LSTM,beijing_aotizhongxin,full,4,0.0,833668.0,73.5,2.07,0.4143727828275851,10.0,96.0,24.0,256.0,2.0,0.0005,0.0,4.2766523361206055,8.010326385498047,64.16532135009766,27.50033187866211,0.6394921541213989,2.216637134552002,2.900388479232788,11.570691108703612,15.315061569213867,26.38254165649414,2.593878507614136,3.5664584636688232,0.2556209564208984,0.7253996133804321,0.9891340136528016,2.6070563793182373,4.695693492889404,3.651792049407959,6.854584217071533,4.392918586730957,8.246283531188965,5.254685401916504,9.39120101928711,0.7047075175247765,0.3704343120708092,1.0,0.540608635974767,0.9696541590036696,0.8487372801918103,0.1737490935460478,mse,0.0,on,default,,
iTransformer,beijing_aotizhongxin,full,2,0.0,1611032.0,84.3,1.97,0.4175698379077213,11.0,96.0,24.0,256.0,2.0,0.0005,0.0,4.27846097946167,8.213299751281738,67.45829772949219,27.42937469482422,0.6326061487197876,2.0442235469818115,2.631300687789917,11.666759490966797,15.737554550170898,27.53365898132324,2.696295976638794,3.776148557662964,0.2655090987682342,0.7065630555152893,0.98973548412323,1.8456722497940063,3.475250482559204,3.730949640274048,7.118298053741455,4.591275215148926,8.645753860473633,5.212530612945557,9.556151390075684,0.6989787285472565,0.3659644880035639,1.0,0.5358330926134722,0.969649015031798,0.8579188312028015,0.1737490935460478,mse,0.0,off,default,,
iTransformer,beijing_aotizhongxin,full,4,0.0,1611032.0,83.1,2.04,0.4154387070589231,11.0,96.0,24.0,256.0,2.0,0.0005,0.0,4.218452453613281,8.142600059509277,66.30193328857422,27.15547180175781,0.6335651874542236,2.0176963806152344,2.612823486328125,11.442535400390623,15.591465950012209,27.58052635192871,2.701989889144897,3.781843900680542,0.2660800218582153,0.7115833759307861,0.9923353791236876,1.773035168647766,3.430025815963745,3.5951826572418213,6.950506210327148,4.514318943023682,8.5452241897583,5.195712566375732,9.64824676513672,0.7014080251389896,0.3678466793751519,1.0,0.537847823036992,0.9711122701302388,0.8615337817783351,0.1737490935460478,mse,0.0,off,default,,
PatchTST,jena,full,1,0.0,1657880.0,779.5,10.54,0.3814307258179446,14.0,96.0,24.0,256.0,2.0,0.0005,0.0,3.3587875366210938,5.631690979003906,31.7159423828125,23.34694480895996,0.6354984045028687,2.22554874420166,2.9010162353515625,7.8139328956604,10.231338500976562,11.522051811218262,2.472345352172852,3.4810714721679688,0.2497276961803436,0.9233210682868958,1.284417986869812,1.3935378789901731,2.36410140991211,2.833957433700561,4.919570446014404,3.580188274383545,5.939269542694092,4.223509311676025,6.585743427276611,0.6597401974882562,0.1749878324289377,0.9998339766737226,0.2978473484426969,0.9678880503192198,0.6894817739267963,0.0721796807592752,mse,0.0,off,default,,
PatchTST,jena,full,3,0.0,1657880.0,1228.8,9.39,0.3776552569541048,22.0,96.0,24.0,256.0,2.0,0.0005,0.0,3.30904769897461,5.605959892272949,31.42678451538086,22.930360794067383,0.6414518356323242,2.151061773300171,2.826037168502808,7.848679065704346,10.24283504486084,11.558688163757324,2.32504940032959,3.341306447982788,0.2348754256963729,0.9114012122154236,1.280870795249939,1.2182950973510742,2.08919644355774,2.8011634349823,4.912490367889404,3.5289430618286133,5.921637535095215,4.172399520874023,6.522946834564209,0.6648691400632729,0.1771106941838649,0.999128377537044,0.3008849557522124,0.9680952667416106,0.7056070602575462,0.0721796807592752,mse,0.0,off,default,,
Autoformer,jena,full,0,0.0,2677305.0,817.6,12.55,0.4824360350094737,10.0,96.0,24.0,256.0,2.0,0.0005,0.0,3.868776798248291,6.187366008758545,38.28350067138672,24.9622802734375,0.5625870227813721,2.4045896530151367,3.086327075958252,8.497594833374023,10.866935729980469,12.717440605163574,3.614816904067993,4.873602390289307,0.3651549220085144,0.9581077098846436,1.3290237188339231,2.8108434677124023,4.478724002838135,3.492093324661255,5.642889022827148,3.926868200302124,6.28298807144165,4.5779709815979,7.106436252593994,0.6635629373981402,0.1764921623425683,0.9986718133897812,0.2999713256286544,0.9635555924973392,0.6535500503399969,0.0721796807592752,mse,0.0,on,default,,
Autoformer,jena,full,1,0.0,2677305.0,815.6,12.96,0.4719896424336373,10.0,96.0,24.0,256.0,2.0,0.0005,0.0,3.792096614837648,6.070531368255615,36.851348876953125,24.738609313964844,0.5677895545959473,2.455190896987915,3.1614134311676025,8.206498146057129,10.556808471679688,11.806973457336426,3.562943696975708,4.921326637268066,0.3599085509777069,0.9437565207481384,1.3210551738739014,2.7621374130249023,4.40716552734375,3.374733209609986,5.532622337341309,3.7930479049682617,6.105429172515869,4.541755676269531,6.994530200958252,0.6691083069696098,0.1789501078147074,0.9989208483791971,0.3035255985824457,0.9611151662921964,0.6133717709827056,0.0721796807592752,mse,0.0,on,default,,
Autoformer,jena,full,3,0.0,2677305.0,979.0,12.82,0.4889218659376209,12.0,96.0,24.0,256.0,2.0,0.0005,0.0,3.8745408058166495,6.245936393737793,39.01171875,25.3276309967041,0.537136971950531,2.445014953613281,3.1652305126190186,8.585806846618652,11.022398948669434,12.626500129699709,3.46418571472168,4.748941898345947,0.349898099899292,1.0031542778015137,1.407991886138916,2.7060635089874268,4.34406328201294,3.405845642089844,5.580475330352783,3.925912380218506,6.338064193725586,4.623169422149658,7.216918468475342,0.6792253858690442,0.1832983473913209,0.9966795334744531,0.3096493829707669,0.9619299385152162,0.6565128201659951,0.0721796807592752,mse,0.0,on,default,,
TimesNet,jena,full,0,0.0,1186507.0,937.9,7.6,0.3648981050480507,12.0,96.0,24.0,256.0,2.0,0.0005,0.0,3.2509841918945312,5.444773197174072,29.645557403564453,22.30429458618164,0.6513323783874512,2.075427293777466,2.708179235458374,7.445627689361572,9.822172164916992,10.687704086303713,2.5800156593322754,3.632092237472534,0.260719358921051,0.9028639197349548,1.2573100328445437,1.821510553359985,3.111319303512573,2.736421823501587,4.765743255615234,3.3734071254730225,5.594497203826904,4.058261394500732,6.401519298553467,0.6885605406960023,0.1879985935851857,0.9986718133897812,0.316429726850695,0.9747776413617276,0.7525314860690495,0.0721796807592752,mse,0.0,off,default,,
TimesNet,jena,full,2,0.0,1186507.0,1306.7,12.66,0.3652948754827844,12.0,96.0,24.0,256.0,2.0,0.0005,0.0,3.284639835357666,5.477748870849609,30.0057315826416,22.33778381347656,0.6490664482116699,2.19533634185791,2.844815492630005,7.500925540924072,9.874503135681152,10.819135665893556,2.565035343170166,3.5841615200042725,0.2592405080795288,0.8772613406181335,1.2561551332473757,1.8140885829925537,3.049774408340454,2.774482011795044,4.780341148376465,3.407846450805664,5.639584064483643,4.116070747375488,6.46682596206665,0.6948608714408974,0.1911295063474157,0.9985888017266424,0.3208486974148335,0.9747129086738768,0.7550707857164138,0.0721796807592752,mse,0.0,off,default,,
TimesNet,jena,full,4,0.0,1186507.0,1512.5,14.89,0.3598822608977085,13.0,96.0,24.0,256.0,2.0,0.0005,0.0,3.256211280822754,5.455756187438965,29.765275955200195,22.219890594482425,0.6525897979736328,2.024960994720459,2.646095991134644,7.581254005432129,9.893707275390623,11.26634120941162,2.5221705436706543,3.547551155090332,0.2547471821308136,0.896457850933075,1.2604271173477173,1.6966911554336548,2.902299165725708,2.745478391647339,4.774850368499756,3.3938183784484863,5.634656429290772,4.102291107177734,6.4307780265808105,0.6708758747962803,0.1797577441228306,0.9990868717054746,0.3046942740868729,0.9746919813981916,0.7490784067513302,0.0721796807592752,mse,0.0,off,default,,
TFT,jena,full,1,0.0,3640676.0,1041.3,12.12,0.3803256089898683,11.0,96.0,24.0,256.0,2.0,0.0005,0.0,3.3489811420440674,5.554602146148682,30.85360717773437,23.085935592651367,0.6352226734161377,2.362609386444092,3.038347244262696,7.631025314331055,9.994611740112305,11.346532821655272,2.514483690261841,3.5556862354278564,0.253909021615982,0.8878096342086792,1.2836432456970217,1.819002389907837,2.948631525039673,2.8246634006500244,4.817691802978516,3.487290620803833,5.738515853881836,4.152688503265381,6.495413780212402,0.7008676061739048,0.1941095237710677,0.997634167600548,0.324986479177934,0.9669813257639512,0.6821337780836843,0.0721796807592752,mse,0.0,off,default,,
TFT,jena,full,3,0.0,3640676.0,971.7,12.76,0.355329355246855,10.0,96.0,24.0,256.0,2.0,0.0005,0.0,3.2362170219421387,5.423507690429688,29.4144344329834,22.425647735595703,0.6558509469032288,2.0129997730255127,2.645272731781006,7.585980892181396,9.859131813049316,10.993748664855955,2.439236879348755,3.445122241973877,0.246502548456192,0.9066535234451294,1.260522961616516,1.769578456878662,3.0397002696990967,2.7164580821990967,4.72931718826294,3.3549447059631348,5.574594497680664,4.0763115882873535,6.411903381347656,0.6580744895024446,0.1743027672273467,1.0,0.2968617158910287,0.9728217567638168,0.7454135066222833,0.0721796807592752,mse,0.0,off,default,,
Crossformer,jena,full,0,0.0,1695908.0,939.2,5.84,0.329643083694416,14.0,96.0,24.0,256.0,2.0,0.0005,0.0,3.084301233291626,5.20297384262085,27.07093620300293,21.908430099487305,0.6876340508460999,2.136368751525879,2.701575756072998,7.207948207855225,9.484484672546388,10.887443542480469,2.1299595832824707,3.097705364227295,0.2153586596250534,0.8629286885261536,1.197511076927185,1.4383786916732788,2.281609058380127,2.7143309116363525,4.6799726486206055,3.188993453979492,5.351724624633789,3.919715166091919,6.207613468170166,0.7320696721311475,0.2120418848167539,0.998505790063504,0.349800431852385,0.978982581318204,0.7782018917298124,0.0721796807592752,mse,0.0,off,default,,
Crossformer,jena,full,2,0.0,1695908.0,907.6,6.1,0.3254697011938016,14.0,96.0,24.0,256.0,2.0,0.0005,0.0,3.029261827468872,5.083615779876709,25.84314727783203,21.86699867248535,0.6917438507080078,1.966075301170349,2.542011022567749,6.999664306640625,9.233009338378906,10.474039077758787,2.2580983638763428,3.196460247039795,0.2278301566839218,0.8932052254676819,1.2020586729049685,1.2109291553497314,1.9492133855819704,2.518746852874756,4.349025249481201,3.220924139022827,5.329157829284668,3.888529300689697,6.092168807983398,0.7000677068353945,0.1939138697416736,0.999501930021168,0.3248109956365451,0.9795023675479212,0.7806898690001978,0.0721796807592752,mse,0.0,off,default,,
Crossformer,jena,full,4,0.0,1695908.0,856.5,5.93,0.3277510836359449,13.0,96.0,24.0,256.0,2.0,0.0005,0.0,3.145949363708496,5.198578357696533,27.025218963623047,22.047178268432617,0.6820999979972839,2.18517541885376,2.81956434249878,7.203719139099121,9.374808311462402,10.87815284729004,2.3171958923339844,3.2902090549468994,0.2337541878223419,0.8777093291282654,1.1993443965911863,1.374807596206665,2.198861837387085,2.682589054107666,4.577953338623047,3.300914764404297,5.431848049163818,3.958630800247192,6.152477741241455,0.7087946984948711,0.1984972080401844,0.998879342547628,0.331181967055197,0.977219116875742,0.7714758169697571,0.0721796807592752,mse,0.0,off,default,,
Crossformer,beijing_aotizhongxin,full,1,0.0,1694628.0,480.7,3.34,0.3803156091025138,15.0,96.0,24.0,256.0,2.0,0.0005,0.0,4.060370445251465,7.789514541625977,60.676536560058594,26.121631622314453,0.6650024652481079,2.221168041229248,2.8929553031921387,11.135231971740724,14.953705787658691,27.15717315673828,2.209447860717773,3.132193803787231,0.217563197016716,0.6756331920623779,0.9555178880691528,1.870428204536438,3.2894582748413086,3.473894596099853,6.597599506378174,4.2233476638793945,7.997970104217529,5.134222984313965,9.366742134094238,0.7187333816775441,0.381852953676158,1.0,0.5526679993848993,0.977668366701802,0.8964343207052111,0.1737490935460478,mse,0.0,off,default,,
Crossformer,beijing_aotizhongxin,full,3,0.0,1694628.0,454.3,3.17,0.3665088153198682,14.0,96.0,24.0,256.0,2.0,0.0005,0.0,4.031008720397949,7.836802005767822,61.41546249389648,25.79522132873535,0.6707249879837036,2.167230129241944,2.8265206813812256,11.06564712524414,15.063919067382812,27.36352157592773,2.2337024211883545,3.141376256942749,0.2199571132659912,0.657456636428833,0.9395350813865662,1.916477918624878,3.435804605484009,3.4626920223236084,6.640789985656738,4.209079265594482,8.160185813903809,5.223836421966553,9.638803482055664,0.7139956490210297,0.3779179810725552,1.0,0.5485347985347986,0.9768441164343544,0.8909000750225298,0.1737490935460478,mse,0.0,off,default,,
XAI-MeteoFormer,jena,no_revin,0,0.0,1892475.0,597.1,6.59,0.3352229410179049,18.0,96.0,24.0,256.0,2.0,0.0005,0.01,3.0067813396453857,5.188048839569092,26.915849685668945,21.46076393127441,0.679980993270874,1.848461389541626,2.438193082809448,7.099084854125977,9.48985195159912,10.234634399414062,2.191107749938965,3.183303117752075,0.2211542576551437,0.8884656429290771,1.236075758934021,1.0689927339553833,1.8503282070159912,2.4686758518218994,4.473494052886963,3.2315568923950195,5.499176025390625,3.8811111450195312,6.137491226196289,0.9499448758508292,0.6131038073942475,0.8307807246918192,0.7055340148043708,0.978640723470225,0.786866393247058,0.0721796807592752,mse,0.0,off,default,,
XAI-MeteoFormer,jena,no_revin,2,0.0,1892475.0,496.9,6.61,0.3332895437652999,15.0,96.0,24.0,256.0,2.0,0.0005,0.01,3.0319712162017822,5.277430057525635,27.851268768310547,21.56157875061035,0.6850684881210327,1.8788005113601685,2.4779841899871826,7.23097562789917,9.688862800598145,10.366490364074709,2.1517374515533447,3.1526100635528564,0.2172185778617859,0.8663710355758667,1.2048485279083252,1.3408408164978027,2.4790594577789307,2.531625509262085,4.668237686157227,3.2064361572265625,5.569661617279053,3.8597731590271,6.144456386566162,0.940867366503691,0.5570279967524815,0.8827875316481966,0.6830560729655084,0.9781283299796774,0.782606962815063,0.0721796807592752,mse,0.0,off,default,,
XAI-MeteoFormer,jena,no_revin,4,0.0,1892475.0,496.8,6.57,0.3383900096817527,15.0,96.0,24.0,256.0,2.0,0.0005,0.01,3.0647547245025635,5.275937080383301,27.835512161254883,21.77495002746582,0.678414523601532,1.945016860961914,2.563423156738281,7.205812931060791,9.633466720581056,10.294435501098633,2.246367216110229,3.237319231033325,0.2268998920917511,0.8618194460868835,1.2194054126739502,1.2670120000839231,2.1669654846191406,2.554395198822021,4.646724700927734,3.232817888259888,5.483319282531738,3.89298415184021,6.183609962463379,0.9415294554692742,0.5595027566836576,0.8929564603826837,0.6879526740746662,0.979995464919087,0.7988940064239017,0.0721796807592752,mse,0.0,off,default,,
TFT,beijing_aotizhongxin,full,2,0.0,3540960.0,459.5,6.51,0.4137569434230293,10.0,96.0,24.0,256.0,2.0,0.0005,0.0,4.701227188110352,8.76186466217041,76.77027130126953,28.648530960083008,0.611617922782898,2.338104009628296,3.019706964492798,12.949864387512209,16.79477310180664,29.43310165405273,2.7871639728546143,3.861995697021485,0.2748456597328186,0.7297680377960205,0.991485357284546,3.1621408462524414,5.779630184173584,4.123774528503418,7.679351329803467,4.799356937408447,8.948808670043945,5.623806476593018,10.18671989440918,0.7024111675126904,0.3686295626754875,1.0,0.5386842031307085,0.9644577802792816,0.8306117021992236,0.1737490935460478,mse,0.0,off,default,,
TFT,beijing_aotizhongxin,full,4,0.0,3540960.0,516.6,6.4,0.4489586712214529,11.0,96.0,24.0,256.0,2.0,0.0005,0.0,4.689350605010986,8.847566604614258,78.27942657470703,28.494686126708984,0.5912055969238281,2.4100348949432373,3.154592275619507,12.88029670715332,16.97814178466797,29.23905563354492,2.721217155456543,3.7204430103302,0.2681178152561188,0.7458529472351074,1.033084750175476,3.171353816986084,5.884134292602539,4.029143810272217,7.642208099365234,4.822848796844482,9.080110549926758,5.672048568725586,10.285236358642578,0.715826686004351,0.3794291143750742,1.0,0.5501248457365898,0.9683336170734178,0.8457984692464159,0.1737490935460478,mse,0.0,off,default,,
Informer,jena,full,1,0.0,2867475.0,399.5,6.1,0.3674351829442579,11.0,96.0,24.0,256.0,2.0,0.0005,0.0,3.271092176437378,5.49980354309082,30.247840881347656,22.29196548461914,0.6591320037841797,2.1696553230285645,2.8057007789611816,7.507396697998047,9.948145866394045,11.086417198181152,2.548362970352173,3.5584492683410645,0.2574228644371032,0.8589491248130798,1.2211647033691406,1.7939296960830688,2.899565458297729,2.85176157951355,4.915451049804688,3.413442611694336,5.712742328643799,4.133464813232422,6.579880237579346,0.7017993241299971,0.1948502645245838,0.999750965010584,0.3261368483051364,0.9738798255788308,0.7350728345713876,0.0721796807592752,mse,0.0,off,default,,
Informer,jena,full,3,0.0,2867475.0,374.5,5.94,0.3598934271184104,11.0,96.0,24.0,256.0,2.0,0.0005,0.0,3.325131416320801,5.485944747924805,30.09558868408203,22.72930335998535,0.6563905477523804,2.3606648445129395,3.0156564712524414,7.375797748565674,9.803977966308594,10.649337768554688,2.685934066772461,3.702102899551392,0.2710345387458801,0.878130316734314,1.210223913192749,1.8013620376586914,2.929359436035156,3.0044169425964355,5.201012134552002,3.516071081161499,5.699286460876465,4.13373327255249,6.467714309692383,0.7127222941232864,0.2007818230312729,0.9998339766737226,0.3344092066995676,0.9742384335029844,0.7292788468735156,0.0721796807592752,mse,0.0,off,default,,
TimesNet,beijing_aotizhongxin,full,0,0.0,1186378.0,423.8,4.18,0.4069214712686513,11.0,96.0,24.0,256.0,2.0,0.0005,0.0,4.2212748527526855,8.038921356201172,64.62425231933594,26.73716926574707,0.6508443355560303,2.222670316696167,2.9238150119781494,11.437581062316896,15.374545097351074,26.632822036743164,2.5318751335144043,3.55649995803833,0.2493750303983688,0.6929722428321838,0.9606944918632508,2.6288771629333496,4.833634853363037,3.597329378128052,6.860306262969971,4.345806121826172,8.216621398925781,5.210621356964111,9.604104042053224,0.7101522842639594,0.3747849210073518,1.0,0.5452269882808055,0.9733197503833289,0.8645103917026278,0.1737490935460478,mse,0.0,off,default,,
TimesNet,beijing_aotizhongxin,full,2,0.0,1186378.0,617.1,8.48,0.4052089608310421,11.0,96.0,24.0,256.0,2.0,0.0005,0.0,4.213755130767822,8.113275527954102,65.82524108886719,26.71973991394043,0.6470530033111572,2.1363415718078613,2.8240435123443604,11.506738662719728,15.55178928375244,27.60568046569824,2.5316431522369385,3.540205478668213,0.2494030147790908,0.6802898049354553,0.9667051434516908,2.59424376487732,4.882612705230713,3.5871706008911133,6.983592510223389,4.332708358764648,8.315004348754883,5.224810600280762,9.63752269744873,0.7020606719845298,0.3683556466594068,1.0,0.5383916784480418,0.9725596765195762,0.8588925343842974,0.1737490935460478,mse,0.0,off,default,,
TimesNet,beijing_aotizhongxin,full,4,0.0,1186378.0,603.4,6.8,0.3952945551937014,11.0,96.0,24.0,256.0,2.0,0.0005,0.0,4.322023868560791,8.16958999633789,66.74219512939453,26.969512939453125,0.6448273658752441,2.2185511589050293,2.932717084884644,11.808772087097168,15.633026123046877,27.36084747314453,2.571429252624512,3.611992835998535,0.2532119452953338,0.6893354058265686,0.9643248915672302,2.6702377796173096,4.957669258117676,3.6609795093536377,6.9776787757873535,4.449597835540772,8.359713554382324,5.335274696350098,9.671002388000488,0.7034022238336959,0.3694062929605694,1.0,0.5395130646901534,0.9713244143271328,0.8554670488546863,0.1737490935460478,mse,0.0,off,default,,
Autoformer,beijing_aotizhongxin,full,1,0.0,2674742.0,367.8,6.68,0.5236218806597065,9.0,96.0,24.0,256.0,2.0,0.0005,0.0,5.215088367462158,9.305953979492188,86.60077667236328,29.57404518127441,0.5581904649734497,2.546847343444824,3.290295124053955,13.668855667114258,17.57415771484375,32.32438278198242,3.906900644302368,5.066642761230469,0.3851869404315948,0.7377520203590393,1.02724027633667,4.269933223724365,7.417054176330566,4.826218605041504,8.643791198730469,5.252285480499268,9.393404006958008,5.986310958862305,10.506300926208496,0.7062182741116751,0.3716313156772267,1.0,0.5418822265569785,0.9626853311862776,0.8250262307155012,0.1737490935460478,mse,0.0,on,default,,
Autoformer,beijing_aotizhongxin,full,3,0.0,2674742.0,446.6,6.62,0.5045200542939741,11.0,96.0,24.0,256.0,2.0,0.0005,0.0,5.497405052185059,10.006105422973633,100.12214660644533,30.45614624023437,0.524479329586029,2.5415968894958496,3.2842705249786377,14.95024299621582,19.08077049255371,34.70774459838867,3.727161407470703,4.951534748077393,0.3674401938915252,0.770621657371521,1.0529377460479736,4.20512580871582,7.4644455909729,4.971626281738281,9.075579643249512,5.716226577758789,10.418624877929688,6.135799884796143,10.936391830444336,0.7142917573120618,0.3781615393720982,1.0,0.5487913115677161,0.9657120509002728,0.8426360300436051,0.1737490935460478,mse,0.0,on,default,,
PatchTST,beijing_aotizhongxin,full,0,0.0,1657880.0,370.2,4.94,0.4202441182377981,14.0,96.0,24.0,256.0,2.0,0.0005,0.0,4.406373023986816,8.39327621459961,70.44708251953125,27.456069946289062,0.6266481876373291,2.041131019592285,2.671284437179565,12.259260177612305,16.141986846923828,29.423385620117188,2.612788438796997,3.61919379234314,0.2573183178901672,0.7123088240623474,0.9951515793800354,2.155791997909546,3.972313642501831,4.056235313415527,7.553297996520996,4.751180171966553,8.903810501098633,5.3754191398620605,9.802729606628418,0.6981447909112883,0.3653227958273509,1.0,0.5351449443953282,0.9714264829441582,0.8630689783698146,0.1737490935460478,mse,0.0,off,default,,
PatchTST,beijing_aotizhongxin,full,2,0.0,1657880.0,507.2,4.9,0.4125112218071234,19.0,96.0,24.0,256.0,2.0,0.0005,0.0,4.374546527862549,8.313569068908691,69.11542510986328,27.5084228515625,0.6255565285682678,2.041845321655273,2.6995811462402344,12.064393043518066,15.958414077758787,29.28304672241211,2.662050008773804,3.674355983734131,0.2621764838695526,0.7298979759216309,1.001036524772644,1.773000955581665,3.393727779388428,3.768614053726196,7.137633323669434,4.688974857330322,8.780678749084473,5.283200740814209,9.69284725189209,0.7030638143582306,0.3691407002272465,1.0,0.5392297521591133,0.9725118232344168,0.8661616041209919,0.1737490935460478,mse,0.0,off,default,,
PatchTST,beijing_aotizhongxin,full,4,0.0,1657880.0,533.7,4.91,0.4115403170672919,20.0,96.0,24.0,256.0,2.0,0.0005,0.0,4.296464920043945,8.236042022705078,67.83238983154297,27.348539352416992,0.6336590051651001,2.060112714767456,2.682137489318848,11.927703857421877,15.83441162109375,28.765037536621097,2.487760066986084,3.5245957374572754,0.2449821978807449,0.7102838754653931,0.9921398758888244,1.856719851493836,3.522963047027588,3.661300420761109,7.051333427429199,4.640653133392334,8.75364875793457,5.198079586029053,9.593914985656738,0.7007855934251873,0.3673625840083817,1.0,0.5373301687566577,0.9707389754085524,0.8601867590213534,0.1737490935460478,mse,0.0,off,default,,
XAI-MeteoFormer,beijing_aotizhongxin,no_revin,1,0.0,1892219.0,272.7,3.5,0.3685113338988405,17.0,96.0,24.0,256.0,2.0,0.0005,0.01,4.2945942878723145,8.184581756591797,66.98737335205078,26.256053924560547,0.6524395942687988,1.980749130249024,2.5839407444000244,11.740303993225098,15.746626853942873,28.7593936920166,2.768454074859619,3.5224552154541016,0.2732504606246948,0.6888651251792908,0.9533042311668396,2.257154941558838,3.7504358291625977,3.5695502758026123,6.708474159240723,4.473538875579834,8.50826644897461,5.303678512573242,9.710586547851562,0.8999818709209572,0.6408598674640374,0.9653241513633836,0.7703195903470671,0.9760444529126908,0.8858458061825456,0.1737490935460478,mse,0.0,off,default,,
XAI-MeteoFormer,beijing_aotizhongxin,no_revin,3,0.0,1892219.0,209.6,3.59,0.3679502010961391,13.0,96.0,24.0,256.0,2.0,0.0005,0.01,4.232370376586914,8.202255249023438,67.27698516845703,26.868188858032227,0.6564816832542419,2.0733301639556885,2.7437233924865723,11.722156524658203,15.7962007522583,27.98911666870117,2.44639539718628,3.34171986579895,0.2410685718059539,0.6876002550125122,0.9449439644813538,1.9410388469696045,3.521801948547364,3.561012506484986,6.818232536315918,4.53363561630249,8.643446922302246,5.186502456665039,9.695772171020508,0.8699057287889775,0.5732122587968218,0.9835837506956038,0.7243110337055629,0.9716641447722618,0.8616039111829389,0.1737490935460478,mse,0.0,off,default,,
Transformer,jena,full,0,0.0,2670099.0,260.1,5.45,0.3759377940669904,9.0,96.0,24.0,256.0,2.0,0.0005,0.0,3.3606603145599365,5.652758598327637,31.95368003845215,22.97691345214844,0.6422860622406006,2.3096187114715576,2.9699440002441406,7.649190902709961,10.231071472167969,10.95531940460205,2.564626693725586,3.5725326538085938,0.2590466737747192,0.9192034006118774,1.2475312948226929,2.0915982723236084,3.3612234592437744,2.9847946166992188,5.230851650238037,3.490633249282837,5.928638935089111,4.007574558258057,6.32246732711792,0.7130398571565526,0.2009394136590412,0.9996679533474452,0.3346184571567503,0.975888482324889,0.757032840191037,0.0721796807592752,mse,0.0,off,default,,
Transformer,jena,full,2,0.0,2670099.0,230.4,5.53,0.3723669497234873,8.0,96.0,24.0,256.0,2.0,0.0005,0.0,3.3705124855041504,5.605776786804199,31.42473220825196,22.80142974853516,0.6460289359092712,2.222688913345337,2.888800382614136,7.6786675453186035,10.112120628356934,11.286246299743652,2.703968048095703,3.683056116104126,0.2730432152748108,0.8767237663269043,1.2384920120239258,2.1096322536468506,3.3537182807922363,2.942774534225464,5.06868839263916,3.47485899925232,5.801550388336182,4.090365886688232,6.41864013671875,0.7002474594957339,0.1940667590295453,1.0,0.3250517738007704,0.9756528562953346,0.7430283986643645,0.0721796807592752,mse,0.0,off,default,,
Transformer,jena,full,4,0.0,2670099.0,259.6,5.55,0.3642354932843765,9.0,96.0,24.0,256.0,2.0,0.0005,0.0,3.2911269664764404,5.4449334144592285,29.647300720214844,22.52754020690918,0.6548630595207214,2.1494157314300537,2.8060710430145264,7.465786457061768,9.778186798095703,11.120293617248535,2.6619672775268555,3.6844675540924072,0.2686908543109894,0.887336015701294,1.2356878519058228,1.8211846351623533,2.8829424381256104,2.800895929336548,4.769450664520264,3.429172277450561,5.634041786193848,4.060544967651367,6.3691253662109375,0.7032493289234014,0.1956458187842073,1.0,0.3272638363477068,0.975169169936147,0.7409236726046434,0.0721796807592752,mse,0.0,off,default,,
Informer,beijing_aotizhongxin,full,1,0.0,2865682.0,195.3,3.67,0.4488740967796163,10.0,96.0,24.0,256.0,2.0,0.0005,0.0,4.803303718566895,8.821099281311035,77.81179809570312,29.23060607910156,0.6084915995597839,2.8762805461883545,3.678003072738648,12.7511568069458,16.80925178527832,30.33345413208008,2.8775064945220947,3.768058061599731,0.283659428358078,0.7082715630531311,0.9849942326545716,3.58691930770874,6.0221476554870605,4.19382905960083,7.843477725982666,4.837159156799316,8.826762199401855,5.44169807434082,9.896541595458984,0.7185097897026831,0.3816654055991398,1.0,0.5524715376855455,0.9717526765676512,0.8659012197424703,0.1737490935460478,mse,0.0,off,default,,
Informer,beijing_aotizhongxin,full,3,0.0,2865682.0,218.4,3.83,0.4244683330869266,11.0,96.0,24.0,256.0,2.0,0.0005,0.0,4.641289710998535,8.624092102050781,74.37496948242188,28.139129638671875,0.623610258102417,2.7119529247283936,3.4642980098724365,12.218711853027344,16.419130325317383,30.46042251586914,2.945770740509033,3.8702778816223145,0.2905093431472778,0.6887252330780029,0.9651797413825988,2.8215482234954834,4.834869384765625,3.9455528259277344,7.392026901245117,4.8928046226501465,9.05270290374756,5.416601657867432,9.789897918701172,0.7265107565868987,0.3884932913564566,1.0,0.5595897276204007,0.9718410978370894,0.8689939049973323,0.1737490935460478,mse,0.0,off,default,,
Transformer,beijing_aotizhongxin,full,0,0.0,2668342.0,133.6,3.52,0.4516708621029872,8.0,96.0,24.0,256.0,2.0,0.0005,0.0,4.656176567077637,8.6644287109375,75.07231903076172,28.725095748901367,0.6071697473526001,2.3983230590820312,3.1299362182617188,12.62121295928955,16.547061920166016,30.5845947265625,2.8844234943389893,3.959827423095703,0.2841813862323761,0.7207431793212891,1.0036662817001345,2.919759511947632,5.197787284851074,4.175334930419922,7.811726093292236,4.816162109375,8.924251556396484,5.534151554107666,9.914517402648926,0.7084421078075901,0.3734074468499591,1.0,0.5437679076320792,0.9686325558114284,0.8497178521715784,0.1737490935460478,mse,0.0,on,default,,
Transformer,beijing_aotizhongxin,full,2,0.0,2668342.0,146.8,3.04,0.4494920483390807,9.0,96.0,24.0,256.0,2.0,0.0005,0.0,4.787813186645508,9.043540954589844,81.78562927246094,28.58948135375977,0.5876491665840149,2.408089637756348,3.16576623916626,13.218356132507324,17.35354995727539,31.99010467529297,2.793623924255371,3.863701820373535,0.2752015888690948,0.7311879396438599,1.0230156183242798,2.8441402912139893,5.228973865509033,4.202518463134766,8.052349090576172,5.001012325286865,9.404130935668944,5.602396011352539,10.116742134094238,0.709680928208847,0.3744042503320572,1.0,0.5448240577568074,0.9711785695479404,0.8614360605315086,0.1737490935460478,mse,0.0,on,default,,
Transformer,beijing_aotizhongxin,full,4,0.0,2668342.0,144.4,3.4,0.451918038552512,9.0,96.0,24.0,256.0,2.0,0.0005,0.0,4.750173568725586,8.733701705932617,76.27754211425781,29.21569061279297,0.5870328545570374,2.6451427936553955,3.420373916625977,12.731032371520996,16.63873291015625,29.44565773010254,2.8655447959899902,3.934929847717285,0.2821776568889618,0.7589794397354126,1.0393214225769043,2.827831983566284,5.029423236846924,4.11053991317749,7.623560905456543,4.915099143981934,8.994218826293945,5.656075954437256,10.014957427978516,0.7213741841914431,0.3840820742996834,1.0,0.5549989865940875,0.9725649620511524,0.8677658355762853,0.1737490935460478,mse,0.0,on,default,,
LSTM,jena,full,1,0.0,834694.0,132.3,3.14,0.3728492585932691,9.0,96.0,24.0,256.0,2.0,0.0005,0.0,3.324239730834961,5.548826217651367,30.789474487304688,22.712705612182617,0.6427718997001648,2.153274774551392,2.8035359382629395,7.687484264373779,10.03237533569336,11.190861701965332,2.547917604446411,3.61124038696289,0.2574725449085235,0.9082764387130736,1.2682515382766724,1.786655306816101,3.0771684646606445,2.827540874481201,4.908986568450928,3.459951400756836,5.71314811706543,4.135769844055176,6.488000869750977,0.6784135030198447,0.1830648108667844,0.9979247084215332,0.3093759851765114,0.9716014109480312,0.7278413830794432,0.0721796807592752,mse,0.0,on,default,,
LSTM,jena,full,3,0.0,834694.0,144.2,3.05,0.3673181769923272,10.0,96.0,24.0,256.0,2.0,0.0005,0.0,3.2790191173553467,5.49727725982666,30.22005653381348,22.5978946685791,0.6474977731704712,2.174617052078247,2.8199803829193115,7.619927883148193,9.963833808898926,11.073233604431152,2.429534912109375,3.470232486724853,0.2454972863197326,0.891994297504425,1.2678364515304563,1.625138282775879,2.79819655418396,2.7752790451049805,4.814455509185791,3.4510269165039062,5.703096866607666,4.110644340515137,6.469746112823486,0.6833417217908159,0.1854498639345652,0.9984642842319346,0.3128015083544633,0.9718106278185829,0.7398431518738412,0.0721796807592752,mse,0.0,on,default,,
iTransformer,jena,full,0,0.0,1611032.0,162.5,2.74,0.3865246703308067,11.0,96.0,24.0,256.0,2.0,0.0005,0.0,3.294572353363037,5.550379276275635,30.80671119689941,23.068544387817383,0.630357563495636,2.1958203315734863,2.9006834030151367,7.529567241668701,10.011429786682127,11.033493041992188,2.525587797164917,3.5884552001953125,0.2551622092723846,0.9273170232772828,1.3065783977508545,1.1864054203033447,2.0623817443847656,2.7517285346984863,4.810697555541992,3.5370609760284424,5.824456691741943,4.15814208984375,6.531857967376709,0.6651148020324034,0.1771986011411743,0.9989623542107666,0.3010042646856514,0.9677541106888812,0.6961894726751469,0.0721796807592752,mse,0.0,off,default,,
iTransformer,jena,full,2,0.0,1611032.0,143.3,2.34,0.384472582326578,12.0,96.0,24.0,256.0,2.0,0.0005,0.0,3.272855997085572,5.537957668304443,30.66897392272949,23.097946166992188,0.6329894065856934,2.16058087348938,2.8667538166046143,7.54738187789917,10.029967308044434,11.031813621520996,2.457994222640991,3.4851670265197754,0.248364120721817,0.9254698753356934,1.3080475330352783,1.1633436679840088,2.0652127265930176,2.728975296020508,4.809488296508789,3.519615411758423,5.7960357666015625,4.1767401695251465,6.583202362060547,0.6616905138529383,0.1758382110379658,1.0,0.2990857235073955,0.9667311510692352,0.6898283558236837,0.0721796807592752,mse,0.0,off,default,,
iTransformer,jena,full,4,0.0,1611032.0,142.7,2.34,0.382953093089266,12.0,96.0,24.0,256.0,2.0,0.0005,0.0,3.27295994758606,5.506564617156982,30.322254180908203,23.08245658874512,0.634064793586731,2.195699453353882,2.9021155834198,7.507111549377441,9.951624870300291,10.967469215393066,2.4667177200317383,3.481874227523804,0.2492085546255111,0.9223138093948364,1.3070834875106812,1.262568116188049,2.118029832839966,2.749621152877808,4.793440818786621,3.475425958633423,5.754674911499023,4.155629634857178,6.515203952789307,0.6611902022816605,0.1756241571600393,1.0,0.2987760264884237,0.9676769840409444,0.6964988269151009,0.0721796807592752,mse,0.0,off,default,,
DLinear,jena,full,1,0.0,4656.0,70.9,2.07,0.3982953316160924,13.0,96.0,24.0,256.0,2.0,0.0005,0.0,3.4401862621307373,5.729380130767822,32.8257942199707,23.06098175048828,0.6204462647438049,2.176276683807373,2.875964879989624,7.681174278259277,10.217084884643556,11.3887357711792,2.9866833686828613,4.124480724334717,0.3016525506973266,0.9166053533554076,1.2774263620376587,0.979810118675232,1.7978984117507937,3.0001707077026367,5.092822074890137,3.769917249679565,6.139098644256592,4.234593868255615,6.571178913116455,0.6572865736746237,0.1737550218214399,0.9980907317478106,0.2959831127030137,0.9641362395127474,0.6909823669086914,0.0721796807592752,mse,0.0,off,default,,
DLinear,jena,full,3,0.0,4656.0,66.9,2.2,0.3983849305408225,12.0,96.0,24.0,256.0,2.0,0.0005,0.0,3.439795970916748,5.737002372741699,32.9131965637207,23.04014205932617,0.6204327940940857,2.177200555801392,2.8766140937805176,7.6937432289123535,10.238510131835938,11.401494979858398,2.9732744693756104,4.113344669342041,0.3002912700176239,0.914965271949768,1.2771610021591189,0.9780977964401244,1.835338830947876,3.0044078826904297,5.115719318389893,3.770937204360962,6.141388893127441,4.230351448059082,6.572779655456543,0.6563997938836161,0.1733700589821611,0.9979662142531026,0.29541894224685,0.9645029488733454,0.6918405516441821,0.0721796807592752,mse,0.0,off,default,,
DLinear,beijing_aotizhongxin,full,0,0.0,4656.0,48.6,1.45,0.4164751536961604,17.0,96.0,24.0,256.0,2.0,0.0005,0.0,4.426620960235596,8.37130355834961,70.07872009277344,28.057388305664062,0.6253198385238647,2.102682113647461,2.691958427429199,12.033936500549316,16.01959228515625,29.936050415039062,2.8576107025146484,3.931945323944092,0.2814452648162842,0.7122498154640198,0.990293562412262,1.5635910034179688,3.078806638717652,3.8727738857269287,7.3006591796875,4.827856540679932,8.916101455688477,5.382906436920166,9.664896965026855,0.6989908145999516,0.3659738044626605,1.0,0.5358430787867493,0.9707087299630212,0.8634771111754697,0.1737490935460478,mse,0.0,off,default,,
DLinear,beijing_aotizhongxin,full,2,0.0,4656.0,39.6,1.45,0.4170162283040304,14.0,96.0,24.0,256.0,2.0,0.0005,0.0,4.4180121421813965,8.383465766906738,70.2824935913086,27.836057662963867,0.6251835823059082,2.051326274871826,2.648171186447144,12.037638664245604,16.050363540649414,29.843490600585938,2.8704874515533447,3.939860820770264,0.2827321290969848,0.7125937342643738,0.9901857376098632,1.5337319374084473,3.078954696655273,3.882446527481079,7.311422824859619,4.81044340133667,8.928753852844238,5.357836723327637,9.694384574890137,0.6985859318346628,0.3656619610835559,1.0,0.5355087444823154,0.9711541921528062,0.8649401205953354,0.1737490935460478,mse,0.0,off,default,,
DLinear,beijing_aotizhongxin,full,4,0.0,4656.0,46.1,1.45,0.4162844661452758,16.0,96.0,24.0,256.0,2.0,0.0005,0.0,4.418166637420654,8.363871574401855,69.954345703125,27.94355773925781,0.625666618347168,2.092761754989624,2.685744524002075,12.007972717285156,16.003761291503906,29.75293159484864,2.8604564666748047,3.937486410140991,0.2817136347293854,0.7114734649658203,0.9899264574050904,1.4892035722732544,3.014234066009521,3.874861717224121,7.295907020568848,4.795321941375732,8.905844688415527,5.403677940368652,9.660709381103516,0.6979211989364273,0.3651511303022606,1.0,0.5349607412644662,0.9709630017175076,0.8637776914903513,0.1737490935460478,mse,0.0,off,default,,
LSTM,beijing_aotizhongxin,full,1,0.0,833668.0,52.8,1.74,0.4111102094842439,9.0,96.0,24.0,256.0,2.0,0.0005,0.0,4.364700794219971,8.105424880981445,65.69790649414062,28.01553535461425,0.6349935531616211,2.350900888442993,3.0378804206848145,11.6270170211792,15.432144165039062,27.243486404418945,2.776236057281494,3.800387382507324,0.273516982793808,0.7046449780464172,0.9843133091926576,2.82971715927124,5.078315258026123,3.7805585861206055,7.045620918273926,4.499562740325928,8.372445106506348,5.292489528656006,9.53435230255127,0.707070340826686,0.3723098438349778,1.0,0.5426031817924475,0.9670840247908044,0.8470132737651487,0.1737490935460478,mse,0.0,on,default,,
LSTM,beijing_aotizhongxin,full,3,0.0,833668.0,53.6,1.79,0.4140047038203325,9.0,96.0,24.0,256.0,2.0,0.0005,0.0,4.332181453704834,8.047499656677246,64.76224517822266,27.881654739379883,0.6416423320770264,2.327676296234131,2.992523193359375,11.56792163848877,15.335405349731444,27.25725555419922,2.735949277877808,3.737351417541504,0.269629418849945,0.6971724629402161,0.9753631353378296,2.8690121173858643,5.143123149871826,3.7334182262420654,6.966977119445801,4.442347049713135,8.207797050476074,5.302879333496094,9.572494506835938,0.7057408750302151,0.3712522273584174,1.0,0.5414791239006385,0.9661549472091224,0.8403234407456415,0.1737490935460478,mse,0.0,on,default,,
iTransformer,beijing_aotizhongxin,full,0,0.0,1611032.0,60.8,1.57,0.413483934281743,10.0,96.0,24.0,256.0,2.0,0.0005,0.0,4.243133068084717,8.215092658996582,67.48775482177734,27.28935432434082,0.6292641162872314,2.016740798950196,2.600329875946045,11.503896713256836,15.732898712158203,27.40271377563477,2.7379517555236816,3.8305280208587646,0.269583135843277,0.7139385938644409,0.996121883392334,1.7966049909591677,3.523848533630371,3.6166510581970215,7.033440589904785,4.54791784286499,8.625511169433594,5.244931221008301,9.67817211151123,0.6997824510514866,0.3665850673194614,1.0,0.5364979847738468,0.9711810171444863,0.8638345888464348,0.1737490935460478,mse,0.0,off,default,,
iTransformer,beijing_aotizhongxin,full,1,0.0,1611032.0,58.8,1.55,0.4144428151175445,10.0,96.0,24.0,256.0,2.0,0.0005,0.0,4.245193004608154,8.246549606323242,68.00558471679688,27.56751823425293,0.62720787525177,2.0409069061279297,2.627227067947388,11.56101417541504,15.812302589416504,27.673847198486328,2.662273645401001,3.753651142120361,0.2621330618858337,0.7165804505348206,1.0005545616149902,1.8016403913497925,3.4891374111175537,3.605633497238159,7.084257125854492,4.533804416656494,8.657025337219238,5.24769926071167,9.73642349243164,0.7001812907904279,0.3668938059872904,1.0,0.5368285442222596,0.9703462243038892,0.8590127492720774,0.1737490935460478,mse,0.0,off,default,,
iTransformer,beijing_aotizhongxin,full,3,0.0,1611032.0,59.9,1.54,0.4142288632596317,10.0,96.0,24.0,256.0,2.0,0.0005,0.0,4.269661903381348,8.251957893371582,68.09481048583984,27.42032623291016,0.6301074624061584,2.0291221141815186,2.6215267181396484,11.624381065368652,15.815369606018066,27.52955818176269,2.7161881923675537,3.794186592102051,0.2674031555652618,0.7089572548866272,0.992501735687256,1.8065721988677976,3.528694868087769,3.681992769241333,7.082014083862305,4.566810607910156,8.638755798339844,5.249331474304199,9.642348289489746,0.6991479332849891,0.3660949616104511,1.0,0.5359729329194978,0.9703168133356465,0.8589059591287906,0.1737490935460478,mse,0.0,off,default,,
LSTM,jena,full,0,0.0,834656.0,130.3,3.7,0.3529095866718884,10.0,96.0,24.0,256.0,2.0,0.0005,0.0,3.225494861602783,5.3251237869262695,28.35694122314453,22.59126281738281,0.6696761846542358,2.2427549362182617,2.8194313049316406,7.381460666656494,9.61789608001709,10.888179779052734,2.39235258102417,3.3892641067504883,0.2416092157363891,0.8854135870933533,1.2196598052978516,1.8541009426116943,3.119872570037842,2.755420923233032,4.7432708740234375,3.302173137664795,5.4268341064453125,3.969863653182984,6.18282413482666,0.7252959927140255,0.2080551404855886,0.9997924708421532,0.3444341173947237,0.975329300608088,0.752512341022276,0.0721796807592752,mse,0.0,off,default,,
LSTM,jena,full,2,0.0,834656.0,129.1,2.89,0.3569776166614697,10.0,96.0,24.0,256.0,2.0,0.0005,0.0,3.2419114112854004,5.408034324645996,29.24683380126953,22.443336486816406,0.6661099195480347,2.201282262802124,2.79175877571106,7.469322204589844,9.807316780090332,11.106499671936035,2.4171156883239746,3.393739938735962,0.2441983371973037,0.8799256086349487,1.221678614616394,1.9572957754135127,3.17329478263855,2.7790682315826416,4.771613121032715,3.345395088195801,5.586107730865479,3.955755472183228,6.214723110198975,0.7196068210142843,0.2047076818490822,0.999875482505292,0.3398390384628949,0.9751581456595232,0.7491021940892101,0.0721796807592752,mse,0.0,off,default,,
LSTM,jena,full,4,0.0,834656.0,130.5,2.93,0.3547104279353001,10.0,96.0,24.0,256.0,2.0,0.0005,0.0,3.244310140609741,5.3955793380737305,29.112276077270508,22.479412078857425,0.6642513871192932,2.1463756561279297,2.7335379123687744,7.474595546722412,9.76810073852539,11.044998168945312,2.46699595451355,3.4716572761535645,0.2491223365068435,0.8892762660980225,1.228283166885376,1.880259394645691,3.155029296875,2.7985329627990723,4.827146053314209,3.36568546295166,5.555131435394287,3.989202976226807,6.2550787925720215,0.7119613411945164,0.2003576478416368,0.9998339766737226,0.3338206661446893,0.9761998046749094,0.756191150609285,0.0721796807592752,mse,0.0,off,default,,
LSTM,jena,full,1,0.0,834656.0,254.2,2.84,0.1594825968931051,10.0,96.0,24.0,256.0,2.0,0.0005,0.0,3.281019687652588,5.3554558753967285,28.680906295776367,23.166423797607425,0.664262592792511,2.4539928436279297,3.080030918121338,7.292205333709717,9.571621894836426,10.651905059814451,2.499000787734986,3.485879421234131,0.2522489726543426,0.8788780570030212,1.2123196125030518,1.902481198310852,3.067358493804932,2.854600667953491,4.772972583770752,3.386423110961914,5.496363162994385,3.995161294937134,6.228314399719238,0.742048940657655,0.2185835004946765,0.9995434358527372,0.3587207483651855,0.9760415837866614,0.7508535052684172,0.0721796807592752,huber,0.5,off,default,,
LSTM,jena,full,3,0.0,834656.0,280.9,2.77,0.159792426298565,11.0,96.0,24.0,256.0,2.0,0.0005,0.0,3.3038647174835205,5.390430450439453,29.056739807128903,23.26482963562012,0.6539987325668335,2.767423391342163,3.3887743949890137,7.269297122955322,9.60450267791748,10.673680305480955,2.328690767288208,3.312273502349853,0.2353449165821075,0.8500490188598633,1.2351075410842896,1.95625638961792,3.0114450454711914,2.8405251502990723,4.788527965545654,3.414053440093994,5.561744689941406,4.011148452758789,6.267852783203125,0.7726278640590547,0.2408604302151075,0.9992113892001826,0.3881557201938038,0.9784177540797772,0.7626226264507016,0.0721796807592752,huber,0.5,off,default,,
LSTM,jena,full,1,0.0,834656.0,145.5,2.89,0.3519091147669476,11.0,96.0,24.0,256.0,2.0,0.0005,0.0,3.1890649795532227,5.324479579925537,28.350080490112305,22.32343482971192,0.6704761385917664,2.1675195693969727,2.765117645263672,7.314599514007568,9.64223575592041,10.592910766601562,2.3878650665283203,3.35984468460083,0.2411235570907592,0.8862766623497009,1.2219542264938354,1.6431167125701904,2.7315497398376465,2.744251251220703,4.735564708709717,3.3108484745025635,5.4385480880737305,3.966657876968384,6.223797798156738,0.7226176780749688,0.2064508387118894,0.9997094591790148,0.3422279056550156,0.9758622463866174,0.7628571391071827,0.0721796807592752,mse,0.0,off,default,,
LSTM,jena,full,3,0.0,834656.0,120.0,2.59,0.3579275794905536,9.0,96.0,24.0,256.0,2.0,0.0005,0.0,3.2657575607299805,5.439712524414063,29.590473175048828,22.467241287231445,0.66422438621521,2.0797595977783203,2.69252610206604,7.557328224182129,9.859270095825195,11.24996566772461,2.53549599647522,3.523792266845703,0.2561101615428924,0.8904457092285156,1.220594048500061,2.0106661319732666,3.4362971782684326,2.8343193531036377,4.946401119232178,3.344172477722168,5.56862211227417,4.01101541519165,6.298161029815674,0.6977638769053782,0.192759804431499,0.9998339766737226,0.3232077927305417,0.9741700471643946,0.727573146936239,0.0721796807592752,mse,0.0,off,default,,
LSTM,jena,full,0,0.0,834656.0,308.4,2.78,0.1619345630759185,12.0,96.0,24.0,256.0,2.0,0.0005,0.0,3.3198766708374023,5.451415061950684,29.717926025390625,23.39812469482422,0.6557296514511108,2.6967344284057617,3.3496198654174805,7.365972518920898,9.730067253112791,10.835175514221191,2.350398302078247,3.390458583831787,0.2372759878635406,0.8663987517356873,1.2175039052963257,1.7978026866912842,2.8244149684906006,2.8115556240081787,4.752330780029297,3.440762758255005,5.61230993270874,4.118963241577148,6.380194664001465,0.771126929345221,0.2381996376049894,0.9875897563607688,0.3838237191895728,0.9677325530505574,0.7322453709443131,0.0721796807592752,huber,0.5,off,default,,
LSTM,jena,full,2,0.0,834656.0,307.3,2.92,0.1576987302637958,12.0,96.0,24.0,256.0,2.0,0.0005,0.0,3.2654407024383545,5.322488307952881,28.328882217407227,23.19698715209961,0.6651645302772522,2.670065402984619,3.306351900100708,7.183828353881836,9.478924751281738,10.540326118469238,2.34969711303711,3.327254295349121,0.2372081130743026,0.858171284198761,1.2095352411270142,1.7285664081573486,2.6906533241271973,2.7797255516052246,4.671599388122559,3.4482016563415527,5.544837474822998,3.999014616012573,6.21371603012085,0.7754799396031061,0.2430312708455458,0.9980492259162412,0.3908806437192669,0.9749100393610612,0.7621695589806797,0.0721796807592752,huber,0.5,off,default,,
LSTM,jena,full,4,0.0,834656.0,214.1,2.6,0.1604575162379744,10.0,96.0,24.0,256.0,2.0,0.0005,0.0,3.347719430923462,5.476531982421875,29.99240493774414,23.23852157592773,0.6546039581298828,2.598115921020508,3.2507121562957764,7.5605316162109375,9.82356071472168,11.289193153381348,2.3727660179138184,3.376131057739258,0.2396644502878189,0.8594640493392944,1.225502610206604,2.04114294052124,3.276123523712158,2.927873373031616,4.946138381958008,3.4779481887817383,5.676653861999512,4.024305820465088,6.284269332885742,0.7588498226440418,0.2302136249270537,0.9987963308844892,0.3741817107493275,0.97689650421958,0.7479804016679714,0.0721796807592752,huber,0.5,off,default,,
