model,dataset,ablation,seed,missing_rate,params,train_time_s,infer_time_s,best_val,epochs_run,seq_len,pred_len,d_model,n_layers,lr,lambda_ent,MAE,RMSE,MSE,SMAPE,R2,MAE_T,RMSE_T,MAE_RH,RMSE_RH,MAPE_RH,MAE_P,RMSE_P,MAPE_P,MAE_WS,RMSE_WS,MAE_h1,RMSE_h1,MAE_h6,RMSE_h6,MAE_h12,RMSE_h12,MAE_h24,RMSE_h24,CLS_ACC,CLS_P,CLS_R,CLS_F1,CLS_AUC,CLS_AP,CLS_POSRATE,norm_variant,width,bl_d_model,bl_d_ff
XAI-MeteoFormer,jena,full,0,0.0,1892513.0,691.8,7.43,0.1593279133983314,20.0,96.0,24.0,256.0,2.0,0.0005,0.01,3.181884288787842,5.541415691375732,30.7072868347168,22.30642509460449,0.6523871421813965,1.9933420419692995,2.6949245929718018,7.545328140258789,10.131799697875977,10.773452758789062,2.300297975540161,3.366091012954712,0.2324253618717193,0.8885668516159058,1.2580054998397827,1.2649873495101929,2.292120695114136,2.656665086746216,4.823578834533691,3.3398170471191406,5.726062774658203,4.042835712432861,6.5351762771606445,0.8080301505128943,0.2605086309131638,0.9026273191383388,0.4043245454207415,0.92286884832403,0.4622736633997045,0.0721796807592752,off,default,,
XAI-MeteoFormer,jena,full,1,0.0,1892513.0,606.3,7.14,0.155446227402658,17.0,96.0,24.0,256.0,2.0,0.0005,0.01,3.212286710739136,5.558751106262207,30.899715423583984,22.141742706298828,0.6559798121452332,2.010437726974488,2.695324182510376,7.6802873611450195,10.186948776245115,11.138806343078612,2.2837133407592773,3.317826747894287,0.2307820171117782,0.8747104406356812,1.2458866834640503,1.3018832206726074,2.3790884017944336,2.708585500717163,4.883313179016113,3.3767123222351074,5.753987789154053,4.0819525718688965,6.548119068145752,0.8205738903269102,0.2683637022466094,0.8607064292533101,0.4091550337887831,0.9137222584289736,0.4182783986847512,0.0721796807592752,off,default,,
XAI-MeteoFormer,jena,full,2,0.0,1892513.0,722.8,7.45,0.1537806530026796,20.0,96.0,24.0,256.0,2.0,0.0005,0.01,3.1829566955566406,5.529145240783691,30.57144546508789,21.87317657470703,0.6578304767608643,1.94495689868927,2.608349084854126,7.707603931427002,10.172273635864258,11.47040843963623,2.208179235458374,3.230311632156372,0.223121628165245,0.8710849285125732,1.253881573677063,1.208051681518555,2.2119786739349365,2.667476892471313,4.855792045593262,3.375306367874145,5.760090351104736,4.068064689636231,6.5387725830078125,0.8675702233726392,0.3266143633071816,0.7862034615863529,0.4615047266348309,0.9225527695404552,0.4796841599854148,0.0721796807592752,off,default,,
XAI-MeteoFormer,jena,full,3,0.0,1892513.0,737.5,7.5,0.1564899501625173,20.0,96.0,24.0,256.0,2.0,0.0005,0.01,3.1768698692321777,5.473716735839844,29.96157455444336,22.25927734375,0.660706639289856,1.975498914718628,2.633550882339477,7.532664775848389,10.006142616271973,10.948307037353516,2.314121961593628,3.353100538253784,0.2338734716176986,0.8851954340934753,1.2427799701690674,1.2978019714355469,2.283318519592285,2.656490087509156,4.77947998046875,3.356961727142334,5.700336456298828,4.04050874710083,6.494234561920166,0.8098576358930112,0.2622828095002354,0.9015896733491056,0.4063528883567794,0.9264260665123408,0.5288341812436521,0.0721796807592752,off,default,,
XAI-MeteoFormer,jena,full,4,0.0,1892513.0,665.1,7.44,0.1569215567061296,18.0,96.0,24.0,256.0,2.0,0.0005,0.01,3.218513011932373,5.576993942260742,31.10286331176757,22.07516098022461,0.651904821395874,2.021120309829712,2.7173104286193848,7.687262058258057,10.219304084777832,11.041970252990724,2.284186601638794,3.318941354751587,0.2308177053928375,0.8814794421195984,1.2562401294708252,1.548373103141785,2.905158519744873,2.786341667175293,5.1341047286987305,3.374186038970948,5.783770084381104,4.021731376647949,6.473336219787598,0.78277190585754,0.2385632208734718,0.916863819366621,0.3786132368946516,0.9215916279436948,0.4617576209843125,0.0721796807592752,off,default,,
DLinear,jena,full,0,0.0,4656.0,72.6,1.86,0.1728991866922423,21.0,96.0,24.0,256.0,2.0,0.0005,0.0,3.4168264865875244,5.750926494598389,33.07315444946289,23.03314781188965,0.6173701882362366,2.120512247085572,2.7976884841918945,7.700413703918457,10.318700790405272,11.38479232788086,2.919140815734864,4.038729667663574,0.2948888540267944,0.9272394180297852,1.2956141233444214,1.024017572402954,1.8227500915527344,2.9639556407928467,5.093974113464356,3.754420280456543,6.177375793457031,4.212530136108398,6.59043550491333,0.6615916498897517,0.1755780927138778,0.9980907317478106,0.2986240468916871,0.9647230853509724,0.6943399427952823,0.0721796807592752,off,default,,
DLinear,jena,full,1,0.0,4656.0,64.0,2.02,0.1733391754935584,19.0,96.0,24.0,256.0,2.0,0.0005,0.0,3.419029951095581,5.758444309234619,33.15968322753906,23.01747131347656,0.6162155866622925,2.1094393730163574,2.778849124908448,7.708820819854736,10.338272094726562,11.37475299835205,2.929982185363769,4.043417453765869,0.2959833145141601,0.9278756380081176,1.2990933656692505,1.119292378425598,1.8980001211166384,2.97839093208313,5.116771697998047,3.7489540576934814,6.18070650100708,4.192140579223633,6.594707012176514,0.661214169303039,0.1753646133529836,0.997634167600548,0.2982948199260344,0.9649502548583352,0.6947266209965839,0.0721796807592752,off,default,,
DLinear,jena,full,2,0.0,4656.0,47.1,1.82,0.1737423455662864,14.0,96.0,24.0,256.0,2.0,0.0005,0.0,3.430072069168091,5.765915870666504,33.24578857421875,23.030691146850582,0.615799069404602,2.1199636459350586,2.787202835083008,7.710636615753174,10.33561897277832,11.372278213500977,2.9638350009918213,4.087923049926758,0.2994036078453064,0.9258537292480468,1.295602798461914,1.102800369262695,1.9350059032440183,2.990910768508911,5.136691570281982,3.755037069320679,6.1660003662109375,4.195525169372559,6.598596096038818,0.6603633400440994,0.1750540514963346,0.9980907317478106,0.297865751693897,0.9649868156233296,0.692164089315608,0.0721796807592752,off,default,,
DLinear,jena,full,3,0.0,4656.0,44.1,1.83,0.173719568048621,13.0,96.0,24.0,256.0,2.0,0.0005,0.0,3.434999942779541,5.771246433258057,33.30728530883789,23.03807830810547,0.6159589290618896,2.119568586349488,2.788181781768799,7.735783100128174,10.3530912399292,11.414458274841309,2.959219694137573,4.073182582855225,0.2989360094070434,0.925428569316864,1.2953263521194458,1.1558159589767456,2.018538475036621,3.0056231021881104,5.154862880706787,3.749404191970825,6.169538497924805,4.198762893676758,6.60123872756958,0.6610523919087335,0.1752860779065442,0.9975511559374092,0.298177487190303,0.9649212159606924,0.6920283537944617,0.0721796807592752,off,default,,
DLinear,jena,full,4,0.0,4656.0,67.0,1.82,0.1728662763687517,20.0,96.0,24.0,256.0,2.0,0.0005,0.0,3.414215326309204,5.745483875274658,33.01058578491211,23.03390884399414,0.617666482925415,2.117897272109986,2.7962117195129395,7.689899921417236,10.309534072875977,11.35208511352539,2.9222846031188965,4.032057285308838,0.2951973676681518,0.9267784357070924,1.2959792613983154,1.0306878089904783,1.813156485557556,2.973469018936157,5.09488582611084,3.740584373474121,6.145998477935791,4.19544792175293,6.593104839324951,0.6609145815358067,0.1752320265964815,0.9975926617689784,0.2981011323750108,0.9646240209842518,0.6948195772628772,0.0721796807592752,off,default,,
PatchTST,jena,full,0,0.0,1657880.0,1253.5,9.78,0.1636069505816617,20.0,96.0,24.0,256.0,2.0,0.0005,0.0,3.348778486251831,5.666333198547363,32.10733413696289,23.05392074584961,0.634141743183136,2.3700168132781982,3.0781569480896,7.757140159606934,10.287006378173828,11.258861541748049,2.362262725830078,3.390420198440552,0.2387089431285858,0.9056953191757202,1.279385685920715,1.1963624954223633,2.0140671730041504,2.8517329692840576,4.967047214508057,3.5946686267852783,5.984552383422852,4.147608757019043,6.556916236877441,0.6903251126450005,0.1888677823479544,0.9986718133897812,0.3176600281208536,0.9698054202758936,0.722523578565715,0.0721796807592752,off,default,,
PatchTST,jena,full,1,0.0,1657880.0,1064.3,9.78,0.1631862324968263,17.0,96.0,24.0,256.0,2.0,0.0005,0.0,3.361766576766968,5.62147331237793,31.600963592529297,23.357711791992188,0.63694167137146,2.3423240184783936,3.024127244949341,7.802710056304932,10.20224952697754,11.477242469787598,2.391928672790528,3.3965067863464355,0.2415950447320938,0.9101030826568604,1.2791920900344849,1.441102385520935,2.366481304168701,2.886668920516968,4.990747451782227,3.600540399551392,5.928234100341797,4.130932331085205,6.474508762359619,0.6799623717764356,0.1839477403827787,0.9992944008633212,0.3107021641781414,0.9685134372676136,0.6966627831512439,0.0721796807592752,off,default,,
PatchTST,jena,full,2,0.0,1657880.0,1126.1,9.91,0.1640287805853951,18.0,96.0,24.0,256.0,2.0,0.0005,0.0,3.3363850116729736,5.627615451812744,31.67005729675293,23.146577835083008,0.6345593333244324,2.356196880340576,3.049790859222412,7.751118183135986,10.210160255432127,11.484868049621582,2.3290486335754395,3.388082981109619,0.2353352755308151,0.9091743230819702,1.2854934930801392,1.2313413619995115,2.0733492374420166,2.810719013214112,4.945288181304932,3.590965986251831,5.97288179397583,4.165200233459473,6.529119968414307,0.6871824369667338,0.1873155768018,0.9985888017266424,0.3154575373359382,0.968329420026393,0.7099720032642883,0.0721796807592752,off,default,,
PatchTST,jena,full,3,0.0,1657880.0,1313.3,9.77,0.1639704373769865,21.0,96.0,24.0,256.0,2.0,0.0005,0.0,3.373144149780273,5.670261859893799,32.1518669128418,23.087139129638672,0.634307861328125,2.4133007526397705,3.118072271347046,7.806767463684082,10.28264045715332,11.585819244384766,2.378558874130249,3.394914627075196,0.2403407543897628,0.8939477205276489,1.2755169868469238,1.2667874097824097,2.115441083908081,2.8570051193237305,4.960875034332275,3.642178058624268,6.02724027633667,4.189842224121094,6.571852207183838,0.691685241108235,0.1894992278844032,0.9982982609056572,0.31853367501672,0.969753492721208,0.7184838149407426,0.0721796807592752,off,default,,
PatchTST,jena,full,4,0.0,1657880.0,1318.3,9.77,0.1613511698887705,21.0,96.0,24.0,256.0,2.0,0.0005,0.0,3.318344593048096,5.589601516723633,31.2436466217041,23.147544860839844,0.6395775079727173,2.3125646114349365,2.993756055831909,7.649357318878174,10.146037101745604,11.325361251831056,2.402860879898072,3.382004737854004,0.2427161186933517,0.908592700958252,1.2774920463562012,1.285880446434021,2.1066248416900635,2.831917285919189,4.918434143066406,3.5216424465179443,5.881589889526367,4.167240619659424,6.52041482925415,0.684650920333621,0.1860961574160015,0.998630307558212,0.313728558296008,0.9695034780462624,0.7022256910388149,0.0721796807592752,off,default,,
iTransformer,jena,full,0,0.0,1611032.0,93.0,1.89,0.1656628148283025,12.0,96.0,24.0,256.0,2.0,0.0005,0.0,3.284722328186035,5.580830097198486,31.145666122436523,23.097579956054688,0.6282824277877808,2.264348268508911,2.9895644187927246,7.519631862640381,10.089692115783691,10.73441219329834,2.439592361450196,3.481997013092041,0.2465188056230545,0.9153162837028505,1.311079978942871,1.225072145462036,2.10110855102539,2.763400316238404,4.866652011871338,3.4938535690307617,5.814234733581543,4.166914463043213,6.605464935302734,0.6788838558143994,0.1833901069172325,0.9988378367160586,0.3098843647789023,0.9685951149635954,0.6999931814318265,0.0721796807592752,off,default,,
iTransformer,jena,full,1,0.0,1611032.0,84.6,1.9,0.1649260932819324,11.0,96.0,24.0,256.0,2.0,0.0005,0.0,3.294367790222168,5.539913654327393,30.690645217895508,23.038652420043945,0.6292508840560913,2.267205238342285,2.984600067138672,7.471390247344971,9.967605590820312,10.818048477172852,2.5206868648529053,3.576483249664306,0.2546788454055786,0.9181880950927734,1.3078134059906006,1.2685706615447998,2.150021553039551,2.7316739559173584,4.796730995178223,3.543118715286255,5.807243824005127,4.171341419219971,6.567865371704102,0.6742162784009204,0.181324679822613,0.9995849416843068,0.3069657765598113,0.9699948208957992,0.7104087238140294,0.0721796807592752,off,default,,
iTransformer,jena,full,2,0.0,1611032.0,100.7,1.93,0.1664018129221106,13.0,96.0,24.0,256.0,2.0,0.0005,0.0,3.2913599014282227,5.570847034454346,31.03433609008789,23.26304626464844,0.6227054595947266,2.367616891860962,3.1198322772979736,7.45952033996582,10.034393310546877,10.700139045715332,2.420874834060669,3.458216667175293,0.2446136176586151,0.9174318313598632,1.3250133991241455,1.3012741804122925,2.128945589065552,2.7774040699005127,4.8611979484558105,3.516826629638672,5.84353494644165,4.159468650817871,6.560385704040527,0.6890368852459017,0.1881787737473005,0.9982152492425186,0.316661948557246,0.9689738624614236,0.7093373487954064,0.0721796807592752,off,default,,
iTransformer,jena,full,3,0.0,1611032.0,100.0,1.89,0.1658587474502968,13.0,96.0,24.0,256.0,2.0,0.0005,0.0,3.288860559463501,5.544004440307617,30.735984802246097,23.346046447753903,0.6274569630622864,2.3702213764190674,3.113231897354126,7.475218296051025,9.984397888183594,10.68601131439209,2.393471956253052,3.440324306488037,0.2418210059404373,0.916532814502716,1.3144333362579346,1.2995654344558716,2.202397346496582,2.7592341899871826,4.829346179962158,3.5142979621887207,5.823744773864746,4.178576469421387,6.549490451812744,0.6853968938740294,0.1865184209506837,0.9991698833686132,0.3143551104088588,0.9687423802604226,0.7045193276304179,0.0721796807592752,off,default,,
iTransformer,jena,full,4,0.0,1611032.0,90.8,1.9,0.1659682505151607,12.0,96.0,24.0,256.0,2.0,0.0005,0.0,3.3150885105133057,5.570310592651367,31.02836227416992,23.29065704345703,0.626778781414032,2.388683795928955,3.149010181427002,7.544440746307373,10.033062934875488,11.01153564453125,2.404216289520264,3.437454462051392,0.2429142147302627,0.9230127930641174,1.3110239505767822,1.2708451747894287,2.13569450378418,2.7496354579925537,4.793519496917725,3.529745578765869,5.837994575500488,4.219437599182129,6.564601898193359,0.6816280797622472,0.184790530329183,0.9997924708421532,0.3119277935330147,0.9697058252573464,0.7135115616508633,0.0721796807592752,off,default,,
LSTM,jena,full,0,0.0,834694.0,64.7,2.44,0.1644632523522985,10.0,96.0,24.0,256.0,2.0,0.0005,0.0,3.3804056644439697,5.574488162994385,31.074920654296875,23.25390815734864,0.635573148727417,2.4944324493408203,3.177187442779541,7.618510723114014,9.994239807128906,11.021039962768556,2.5271010398864746,3.564600944519043,0.2552495002746582,0.8815818428993225,1.2704150676727295,1.842114806175232,3.0381226539611816,2.889951467514038,4.926908016204834,3.5239827632904053,5.776556491851807,4.1488213539123535,6.490678787231445,0.7123687805579523,0.200195100802081,0.9965965218113144,0.3334143344141191,0.9687927635037052,0.7054643845273403,0.0721796807592752,on,default,,
LSTM,jena,full,1,0.0,834694.0,72.2,2.44,0.1629388547464221,11.0,96.0,24.0,256.0,2.0,0.0005,0.0,3.341674327850342,5.555503845214844,30.86362075805664,23.29534721374512,0.6395302414894104,2.5641560554504395,3.270162582397461,7.547298908233643,9.975954055786133,10.846395492553713,2.374914169311523,3.412384033203125,0.2399394214153289,0.8803262710571289,1.2635151147842407,1.7097173929214478,2.7829384803771973,2.8397321701049805,4.869264602661133,3.4782869815826416,5.722318172454834,4.157525539398193,6.532463073730469,0.7133334531684402,0.2008540580291482,0.9975926617689784,0.3343837169668259,0.9713713458065304,0.7109367520996137,0.0721796807592752,on,default,,
LSTM,jena,full,2,0.0,834694.0,65.6,2.44,0.161491636647838,10.0,96.0,24.0,256.0,2.0,0.0005,0.0,3.333202362060547,5.570014476776123,31.025060653686523,22.82442092895508,0.6405912637710571,2.300625801086426,2.961940050125122,7.663213729858398,10.061519622802734,11.08471393585205,2.4784646034240723,3.533099174499512,0.2504345774650574,0.8905017971992493,1.2689039707183838,1.7970861196517944,3.041461706161499,2.8515329360961914,4.913032054901123,3.4638140201568604,5.741313457489014,4.124176502227783,6.493048667907715,0.6974193509730611,0.1923661557169829,0.998007720084672,0.3225590083775463,0.972253024520313,0.7268261417386657,0.0721796807592752,on,default,,
LSTM,jena,full,3,0.0,834694.0,64.8,2.42,0.1630621452928108,10.0,96.0,24.0,256.0,2.0,0.0005,0.0,3.375341415405273,5.566741466522217,30.988609313964844,23.150808334350582,0.6382837295532227,2.45758056640625,3.1276376247406006,7.626745223999023,9.99127197265625,11.01418399810791,2.529227495193481,3.570279836654663,0.2554789781570434,0.8878119587898254,1.2648696899414062,1.8887083530426023,3.089839220046997,2.9090633392333984,4.929955959320068,3.5159006118774414,5.748739242553711,4.154847145080566,6.505312919616699,0.7043008819863867,0.1958880546520254,0.9973436267795626,0.3274597983101662,0.9696773883101212,0.7009058946444092,0.0721796807592752,on,default,,
LSTM,jena,full,4,0.0,834694.0,71.4,2.42,0.1632938142328153,11.0,96.0,24.0,256.0,2.0,0.0005,0.0,3.3395044803619385,5.531079292297363,30.592836380004883,23.11087417602539,0.6412794589996338,2.480512380599976,3.162665367126465,7.566592216491699,9.935301780700684,10.944989204406738,2.424845933914185,3.4729156494140625,0.2449153661727905,0.8860681653022766,1.2639459371566772,1.6895368099212646,2.792222738265991,2.8304269313812256,4.858096122741699,3.456852436065674,5.674625396728516,4.19403076171875,6.538107872009277,0.7225098264787653,0.2061151850422402,0.9974681442742706,0.341635391788923,0.9703264427722548,0.7207720340858765,0.0721796807592752,on,default,,
Transformer,jena,full,0,0.0,2670099.0,235.7,5.99,0.1677536582559386,9.0,96.0,24.0,256.0,2.0,0.0005,0.0,3.479896545410156,5.698087692260742,32.468204498291016,23.7635440826416,0.634067952632904,2.82432222366333,3.5533387660980225,7.5493316650390625,10.106249809265137,10.790703773498535,2.6772148609161377,3.689860582351685,0.2702245116233825,0.8687223196029663,1.2227706909179688,2.2893190383911133,3.5211849212646484,3.0713584423065186,5.158174514770508,3.606425285339356,5.958487510681152,4.151412010192871,6.461504459381104,0.7633376473971815,0.2333899868887486,0.9974266384427012,0.3782681924790253,0.9751610140876196,0.7503510772937616,0.0721796807592752,off,default,,
Transformer,jena,full,1,0.0,2670099.0,261.1,6.03,0.1639953823510196,10.0,96.0,24.0,256.0,2.0,0.0005,0.0,3.3607752323150635,5.548037052154541,30.78071594238281,23.29101181030273,0.6470155119895935,2.635392427444458,3.369791984558105,7.355907440185547,9.862269401550291,10.53453254699707,2.591179609298706,3.6082301139831534,0.2616709470748901,0.8606212139129639,1.218086838722229,2.067665100097656,3.165348052978516,2.9329068660736084,4.936915874481201,3.5016679763793945,5.812334060668945,4.0412211418151855,6.356017112731934,0.7399398427763397,0.2172058332807243,0.999626447515876,0.3568687302739787,0.9764508076796684,0.7618574410976487,0.0721796807592752,off,default,,
Transformer,jena,full,2,0.0,2670099.0,209.5,5.99,0.1682953020925534,8.0,96.0,24.0,256.0,2.0,0.0005,0.0,3.4947216510772705,5.656712532043457,31.99839782714844,23.598934173583984,0.6297488212585449,2.7391157150268555,3.4324965476989746,7.576425552368164,10.010893821716309,11.062256813049316,2.795010089874268,3.800427436828613,0.2822206914424896,0.8683385848999023,1.2451106309890747,2.367856025695801,3.5780982971191406,3.083946704864502,5.099074840545654,3.57732892036438,5.785797595977783,4.224786758422852,6.5687360763549805,0.7563782235643755,0.2283593141815558,0.998381272568796,0.3716998771508263,0.9737814798938684,0.7255223404928891,0.0721796807592752,off,default,,
Transformer,jena,full,3,0.0,2670099.0,235.5,6.0,0.170689678204677,9.0,96.0,24.0,256.0,2.0,0.0005,0.0,3.51670503616333,5.70778226852417,32.57878112792969,23.84389305114746,0.6303421854972839,2.944084644317627,3.632305860519409,7.579392433166504,10.09927749633789,10.806370735168455,2.678272485733032,3.6900131702423096,0.2704403698444366,0.8650719523429871,1.2287955284118652,2.314622163772583,3.5327019691467285,3.089771270751953,5.134785175323486,3.66306209564209,5.957818031311035,4.205760002136231,6.560272693634033,0.7632927092320967,0.2334491729440087,0.9981737434109492,0.378399641252783,0.9764032583543558,0.762302368481068,0.0721796807592752,off,default,,
Transformer,jena,full,4,0.0,2670099.0,286.9,6.0,0.1695295800737973,11.0,96.0,24.0,256.0,2.0,0.0005,0.0,3.395171642303467,5.525974273681641,30.53639030456543,23.699951171875,0.6346211433410645,2.848682403564453,3.5622246265411377,7.310432910919189,9.755298614501951,10.59528636932373,2.5524823665618896,3.5659067630767822,0.257917195558548,0.8690903782844543,1.2548222541809082,2.0502572059631348,3.060656309127808,2.928281307220459,4.845864295959473,3.5134100914001465,5.701571464538574,4.119040966033936,6.42642879486084,0.7631459112261528,0.2333278349715217,0.9980907317478106,0.3782342671091747,0.9774965677042476,0.7664420883558712,0.0721796807592752,off,default,,
Informer,jena,full,0,0.0,2867475.0,315.2,6.25,0.1648919964072736,12.0,96.0,24.0,256.0,2.0,0.0005,0.0,3.39915132522583,5.614770412445068,31.52564811706543,23.20092391967773,0.6448942422866821,2.7236502170562744,3.4268734455108643,7.418831348419189,10.000204086303713,10.630304336547852,2.60421085357666,3.5894322395324707,0.2629934549331665,0.849907636642456,1.2128582000732422,1.9659188985824585,3.0914647579193115,3.014921426773072,5.087861061096191,3.544828653335572,5.852587699890137,4.212433815002441,6.666129112243652,0.7603327820918416,0.2312366594234948,0.9982152492425186,0.3754908313101585,0.9747421794929712,0.7401665808454657,0.0721796807592752,off,default,,
Informer,jena,full,1,0.0,2867475.0,393.5,6.36,0.1751384118480812,15.0,96.0,24.0,256.0,2.0,0.0005,0.0,3.4204366207122803,5.538974285125732,30.680238723754883,23.906879425048828,0.6350147724151611,2.966114282608032,3.729306936264038,7.155572891235352,9.66052532196045,10.30397891998291,2.715772151947021,3.7392754554748535,0.2744356691837311,0.8442877531051636,1.2269153594970703,1.966726422309876,2.9172847270965576,3.003500699996948,4.920911312103272,3.5475950241088867,5.707214832305908,4.282697677612305,6.707271099090576,0.7415666043524111,0.2182492205061272,0.9994189183580292,0.3582624738694103,0.9718649642470996,0.7320553799675832,0.0721796807592752,off,default,,
Informer,jena,full,2,0.0,2867475.0,367.0,6.29,0.1678229098190819,14.0,96.0,24.0,256.0,2.0,0.0005,0.0,3.4626591205596924,5.663078784942627,32.07046127319336,23.934085845947266,0.6390776634216309,2.8982372283935547,3.572499513626098,7.592963695526123,10.095321655273438,10.975212097167969,2.479525089263916,3.479456663131714,0.2505036294460296,0.8799088597297668,1.223514437675476,2.0886101722717285,3.147871255874634,2.958240270614624,4.96891975402832,3.66715931892395,5.970487117767334,4.239818572998047,6.723174095153809,0.7657223660243505,0.2349748724027469,0.9955588760220812,0.3802111403480963,0.9743877879691516,0.7463740982436589,0.0721796807592752,off,default,,
Informer,jena,full,3,0.0,2867475.0,343.6,6.54,0.1702730282892531,13.0,96.0,24.0,256.0,2.0,0.0005,0.0,3.5665855407714844,5.787496089935303,33.495113372802734,24.294095993041992,0.6238707304000854,3.2933826446533203,3.996548652648926,7.540850162506103,10.183839797973633,10.74783706665039,2.5757343769073486,3.579381942749023,0.2602068781852722,0.8563767671585083,1.2188270092010498,2.112283945083618,3.160346031188965,3.151869297027588,5.186371326446533,3.6971728801727295,5.995102882385254,4.455566883087158,6.96252965927124,0.7832901926948519,0.2492072238799763,0.9948532768854024,0.3985732577281873,0.9745517195127006,0.7424771316116605,0.0721796807592752,off,default,,
Informer,jena,full,4,0.0,2867475.0,322.0,6.48,0.1640499935265326,12.0,96.0,24.0,256.0,2.0,0.0005,0.0,3.410385847091675,5.551522254943848,30.819398880004883,23.549144744873047,0.6450581550598145,2.8191866874694824,3.504752397537231,7.374099731445312,9.828286170959473,10.820701599121094,2.602042436599731,3.5944979190826416,0.2627700865268707,0.8462187051773071,1.2159876823425293,2.040170192718506,3.097897291183472,3.018380880355835,5.010159969329834,3.546597480773926,5.750116348266602,4.145078182220459,6.536388397216797,0.770051409260857,0.238691622174146,0.9982982609056572,0.385266580703033,0.9752010578289998,0.740338551292953,0.0721796807592752,off,default,,
Autoformer,jena,full,0,0.0,2677267.0,1476.6,12.28,0.1999612503703837,17.0,96.0,24.0,256.0,2.0,0.0005,0.0,3.833132982254028,6.039395809173584,36.47430038452149,25.24197769165039,0.568082332611084,2.611082077026367,3.3136205673217773,8.109057426452637,10.541171073913574,11.733914375305176,3.643383741378784,4.69232702255249,0.3682940602302551,0.969009816646576,1.335265040397644,2.8788540363311768,4.339199066162109,3.4316725730896,5.425450801849365,3.8781023025512695,6.13035774230957,4.487923622131348,6.970460891723633,0.7324052104304477,0.2122057110585577,0.99813223757938,0.3500003638560003,0.9677932654762098,0.6931436824999715,0.0721796807592752,off,default,,
Autoformer,jena,full,1,0.0,2677267.0,1470.4,12.14,0.2115213979285842,17.0,96.0,24.0,256.0,2.0,0.0005,0.0,4.129242897033691,6.4498443603515625,41.60049057006836,26.38443756103516,0.5343449115753174,3.052367687225342,3.796330690383911,8.649270057678223,11.157137870788574,12.528451919555664,3.847077608108521,5.0769572257995605,0.3883338868618011,0.9682522416114808,1.3162946701049805,3.086327075958252,4.709788799285889,3.683347702026367,5.770735263824463,4.177762508392334,6.518017292022705,4.88685941696167,7.627365589141846,0.7470730275141405,0.2215309061369175,0.9960569460009132,0.3624500645667983,0.9617434174470596,0.6581705423609949,0.0721796807592752,off,default,,
Autoformer,jena,full,2,0.0,2677267.0,1211.4,12.26,0.2111201069121711,14.0,96.0,24.0,256.0,2.0,0.0005,0.0,3.9558568000793457,6.182114124298096,38.21853256225586,26.098907470703125,0.5529046058654785,3.105743885040283,3.908860683441162,8.243906021118164,10.67465877532959,11.95420742034912,3.525213718414306,4.679059028625488,0.3559781014919281,0.9485654830932616,1.324017882347107,2.9543166160583496,4.516560077667236,3.5270910263061523,5.540199279785156,4.035375118255615,6.306054592132568,4.6450066566467285,7.15668249130249,0.7501797526603394,0.2238007844160199,0.9970945917901464,0.3655522924053137,0.9657238913457626,0.6815717575416776,0.0721796807592752,off,default,,
Autoformer,jena,full,3,0.0,2677267.0,1206.4,12.29,0.2097455570132435,14.0,96.0,24.0,256.0,2.0,0.0005,0.0,3.961820125579834,6.222841262817383,38.723751068115234,25.84315490722656,0.546436071395874,2.816803455352783,3.518900156021118,8.322938919067383,10.765772819519045,11.774556159973145,3.7360894680023193,4.981394290924072,0.3772307634353637,0.97144216299057,1.3402466773986816,3.091905355453491,4.694067001342773,3.589805603027344,5.656565189361572,3.981736183166504,6.265652656555176,4.6242547035217285,7.175896167755127,0.7436427475793308,0.2192087402143033,0.9960154401693438,0.359333353298793,0.9649541611366016,0.6745733352523884,0.0721796807592752,off,default,,
Autoformer,jena,full,4,0.0,2677267.0,1640.8,12.27,0.2066630021982834,19.0,96.0,24.0,256.0,2.0,0.0005,0.0,4.062866687774658,6.448824882507324,41.58734130859375,26.102706909179688,0.5374884605407715,2.931819200515747,3.671548366546631,8.690518379211426,11.276342391967772,12.55620288848877,3.668039083480835,4.892884254455566,0.3708518445491791,0.961091160774231,1.33150053024292,3.2524375915527344,4.968813419342041,3.7375967502594,5.953524112701416,4.092862129211426,6.519467830657959,4.725220680236816,7.419923305511475,0.756995374364874,0.2283261230012769,0.9945212302328476,0.3713876080133297,0.964498036507628,0.6700537261071944,0.0721796807592752,off,default,,
TFT,jena,full,0,0.0,3640676.0,912.4,11.77,0.1615689937790038,10.0,96.0,24.0,256.0,2.0,0.0005,0.0,3.324134111404419,5.472985744476318,29.95357322692871,23.13221549987793,0.648594856262207,2.62725830078125,3.320115566253662,7.398499488830566,9.782930374145508,10.51880931854248,2.392714262008667,3.3976993560791016,0.2417585104703903,0.8780683279037476,1.241391658782959,1.7606616020202637,2.777240037918091,2.801093101501465,4.7532734870910645,3.4744691848754883,5.666531085968018,4.127010345458984,6.444692134857178,0.7333219489981785,0.2126429659006409,0.997011580127008,0.3505256936894869,0.9721735527920212,0.7426198041548964,0.0721796807592752,off,default,,
TFT,jena,full,1,0.0,3640676.0,1102.1,12.08,0.1669292142718758,12.0,96.0,24.0,256.0,2.0,0.0005,0.0,3.421860694885254,5.581889152526856,31.15748405456543,23.48765754699707,0.6327795386314392,2.571718215942383,3.29184889793396,7.584133148193359,9.92397403717041,11.26775074005127,2.6540229320526123,3.703442096710205,0.2683486044406891,0.8775649666786194,1.262113094329834,1.7961655855178833,2.8288354873657227,2.857194423675537,4.714076042175293,3.5313267707824707,5.701145648956299,4.361884593963623,6.771148204803467,0.7314075831655642,0.2106573221646527,0.9905781762337608,0.3474298691278587,0.9625115146236384,0.6672719027338931,0.0721796807592752,off,default,,
TFT,jena,full,2,0.0,3640676.0,909.4,12.01,0.1636173216666311,10.0,96.0,24.0,256.0,2.0,0.0005,0.0,3.432077407836914,5.568264007568359,31.005565643310547,23.003633499145508,0.6380422115325928,2.6245646476745605,3.31215763092041,7.532200336456299,9.87538242340088,10.68612289428711,2.700553178787231,3.739901304244995,0.2726491391658783,0.8709830045700073,1.241681694984436,1.921118974685669,3.019266128540039,2.9339332580566406,4.866889476776123,3.560906887054444,5.7266621589660645,4.245314121246338,6.57917594909668,0.7233396845939987,0.2067018460586476,0.998256755074088,0.3424873085604027,0.9749735499213684,0.7596203978215244,0.0721796807592752,off,default,,
TFT,jena,full,3,0.0,3640676.0,1007.0,11.75,0.1576892553367792,11.0,96.0,24.0,256.0,2.0,0.0005,0.0,3.301513671875,5.5249786376953125,30.52538681030273,22.887964248657227,0.6491888165473938,2.280820846557617,2.9386587142944336,7.654162406921387,10.017212867736816,11.531984329223633,2.398233413696289,3.39768934249878,0.2422929257154464,0.8728395104408264,1.2557860612869265,1.829580307006836,3.0078608989715576,2.7893731594085693,4.809828281402588,3.415630578994751,5.660380840301514,4.108314514160156,6.469679355621338,0.6952892819480395,0.1914842874291483,0.999750965010584,0.3214085559499346,0.9717707241280068,0.7367236988027346,0.0721796807592752,off,default,,
TFT,jena,full,4,0.0,3640676.0,913.4,11.86,0.1687904303612685,10.0,96.0,24.0,256.0,2.0,0.0005,0.0,3.442143201828003,5.609189987182617,31.463010787963867,23.11348533630371,0.634411633014679,2.4052445888519287,3.081825494766236,7.573063373565674,9.956171989440918,11.074199676513672,2.909951686859131,3.959012269973755,0.2939344048500061,0.8803138732910156,1.247102975845337,2.0788519382476807,3.254310846328736,2.9688353538513184,4.882067680358887,3.566697835922241,5.7830986976623535,4.214005947113037,6.611026287078857,0.7099061691113029,0.1989420880103307,0.99750965010584,0.3317252945195553,0.971801039431256,0.7407069738016631,0.0721796807592752,off,default,,
TimesNet,jena,full,0,0.0,1186507.0,937.8,9.1,0.158320279067484,11.0,96.0,24.0,256.0,2.0,0.0005,0.0,3.2901673316955566,5.435922145843506,29.549251556396484,22.84212112426757,0.6524155735969543,2.380709648132324,3.0245730876922607,7.422737121582031,9.759026527404783,10.831307411193848,2.4796204566955566,3.501330852508545,0.2505552470684051,0.8776014447212219,1.245429515838623,1.8526536226272583,3.03271746635437,2.79635238647461,4.748576641082764,3.422297954559326,5.617932796478272,4.070108890533447,6.380913257598877,0.7125095868085515,0.2004834340487601,0.9983397667372266,0.3339117638892745,0.9740950616855222,0.7493894167314306,0.0721796807592752,off,default,,
TimesNet,jena,full,1,0.0,1186507.0,850.1,9.3,0.1604913634030683,10.0,96.0,24.0,256.0,2.0,0.0005,0.0,3.321370840072632,5.4814934730529785,30.046772003173828,22.65314674377441,0.6477311849594116,2.386230945587158,3.051112651824951,7.491418361663818,9.832941055297852,10.894128799438477,2.530388593673706,3.5536227226257324,0.2555741965770721,0.8774482011795044,1.250143051147461,1.9151450395584104,3.153071880340576,2.834528923034668,4.825976371765137,3.438654899597168,5.635090351104736,4.118401050567627,6.427034854888916,0.7153436870865689,0.2020717988355583,0.9982982609056572,0.3361095584125209,0.9749862493798358,0.7622564051878697,0.0721796807592752,off,default,,
TimesNet,jena,full,2,0.0,1186507.0,891.9,8.88,0.1596954189263631,11.0,96.0,24.0,256.0,2.0,0.0005,0.0,3.2958688735961914,5.46911096572876,29.91117286682129,22.70294189453125,0.6465421319007874,2.378856897354126,3.052826166152954,7.398475170135498,9.804917335510254,10.689815521240234,2.5338244438171387,3.5511302947998047,0.2559115290641784,0.8723210096359253,1.2561829090118408,1.8162976503372192,3.022928237915039,2.79797625541687,4.789944648742676,3.431739568710327,5.637073516845703,4.098803043365479,6.44049072265625,0.70767124436775,0.1978503643032187,0.9985888017266424,0.3302652802086551,0.9752390000041984,0.752177010397949,0.0721796807592752,off,default,,
TimesNet,jena,full,3,0.0,1186507.0,955.1,9.34,0.1619590928711307,11.0,96.0,24.0,256.0,2.0,0.0005,0.0,3.316736221313477,5.456064224243164,29.76863479614257,22.96372413635254,0.6452566385269165,2.4687724113464355,3.153796672821045,7.359679222106934,9.71915054321289,10.63847827911377,2.55588698387146,3.6193437576293945,0.2582633793354034,0.8826009035110474,1.251620531082153,1.7796251773834229,2.8736491203308105,2.8158113956451416,4.746547698974609,3.4591543674468994,5.633881092071533,4.154008865356445,6.5109686851501465,0.7144569072955613,0.2015705270568122,0.9982982609056572,0.3354158531823506,0.9739729560130832,0.7434502504800665,0.0721796807592752,off,default,,
TimesNet,jena,full,4,0.0,1186507.0,1076.8,9.09,0.1604616571513399,13.0,96.0,24.0,256.0,2.0,0.0005,0.0,3.3275351524353027,5.4775238037109375,30.00326919555664,22.923866271972656,0.6414899230003357,2.5069892406463623,3.166057586669922,7.439706325531006,9.791145324707031,10.849198341369627,2.49185562133789,3.53818678855896,0.2517969012260437,0.8715915083885193,1.2664291858673096,1.8042234182357788,2.921302556991577,2.814195394515991,4.763625621795654,3.4449191093444824,5.631727695465088,4.150965690612793,6.44179105758667,0.7245709903173234,0.207434559489413,0.998256755074088,0.3434924806124052,0.9751023236873332,0.7696720927890329,0.0721796807592752,off,default,,
Crossformer,jena,full,0,0.0,1695908.0,1447.0,8.26,0.1451230381237013,14.0,96.0,24.0,256.0,2.0,0.0005,0.0,3.084325790405273,5.159168243408203,26.617015838623047,22.145170211791992,0.6812766790390015,2.362235307693481,2.953967809677124,7.006467342376709,9.307774543762209,10.479021072387695,2.136756658554077,3.104732036590576,0.2158024758100509,0.8318455219268799,1.2116643190383911,1.5443588495254517,2.3792564868927,2.61399245262146,4.518588542938232,3.204812526702881,5.343021869659424,3.896419763565064,6.141149520874023,0.748858570606845,0.2230084392098673,0.9980907317478106,0.3645611455167029,0.980465843101384,0.7980447389097369,0.0721796807592752,off,default,,
Crossformer,jena,full,1,0.0,1695908.0,1384.3,8.44,0.1522617967674733,13.0,96.0,24.0,256.0,2.0,0.0005,0.0,3.10341477394104,5.194863319396973,26.986602783203125,22.94019317626953,0.6728706955909729,2.553022861480713,3.2941081523895264,6.897650241851807,9.27104663848877,9.86282444000244,2.133199691772461,3.1092517375946045,0.2152879983186721,0.82978755235672,1.2147141695022583,1.3774129152297974,2.2405478954315186,2.6217877864837646,4.489779949188232,3.268423318862915,5.460126876831055,3.914939641952514,6.1644287109375,0.7404970760233918,0.2174533886433677,0.9986718133897812,0.3571417969155868,0.9795930338251304,0.7756724350635555,0.0721796807592752,off,default,,
Crossformer,jena,full,2,0.0,1695908.0,1331.2,8.45,0.1505704373780605,13.0,96.0,24.0,256.0,2.0,0.0005,0.0,3.129002571105957,5.171123027801514,26.740514755249023,22.454891204833984,0.676253616809845,2.603040933609009,3.197526216506958,6.843099117279053,9.2249755859375,9.707502365112305,2.2417526245117188,3.1906514167785645,0.2262043952941894,0.8281193971633911,1.2072501182556152,1.5697085857391355,2.328381299972534,2.694355010986328,4.506937980651856,3.2083139419555664,5.274782180786133,3.936379432678223,6.148126125335693,0.7795513373597929,0.2461973968963784,0.9963059809903292,0.3948286071452069,0.9802720169430778,0.7923736659117909,0.0721796807592752,off,default,,
Crossformer,jena,full,3,0.0,1695908.0,1267.3,8.29,0.1468481866722008,12.0,96.0,24.0,256.0,2.0,0.0005,0.0,3.0994889736175537,5.136058807373047,26.379100799560547,22.68974494934082,0.6843172311782837,2.515026330947876,3.12705659866333,6.955880641937256,9.22014617919922,10.275818824768066,2.0804009437561035,3.04891586303711,0.2101751267910003,0.8466469049453735,1.1962158679962158,1.4644620418548584,2.251842498779297,2.600995779037476,4.4373064041137695,3.216109275817871,5.289608001708984,3.906116247177124,6.101138591766357,0.7608690441951874,0.2315577521508328,0.9975926617689784,0.3758698881851591,0.9795763106199472,0.783349416688069,0.0721796807592752,off,default,,
Crossformer,jena,full,4,0.0,1695908.0,1233.0,8.34,0.1497654171613794,12.0,96.0,24.0,256.0,2.0,0.0005,0.0,3.120033025741577,5.169716358184815,26.72596740722656,22.5693473815918,0.677491307258606,2.6193835735321045,3.23929500579834,6.933000087738037,9.244986534118652,10.137410163879396,2.097515106201172,3.079632520675659,0.2118121832609176,0.8302323222160339,1.2070409059524536,1.5049161911010742,2.284231185913086,2.666141986846924,4.5272603034973145,3.231998920440674,5.392726898193359,3.9354519844055176,6.12558126449585,0.7842308982839613,0.2502110716184242,0.9963474868218984,0.39997667288723,0.9779960382581308,0.7783479564229423,0.0721796807592752,off,default,,
XAI-MeteoFormer,jena,no_revin,0,0.0,1892475.0,614.5,6.47,0.1419848216856734,19.0,96.0,24.0,256.0,2.0,0.0005,0.01,2.985109329223633,5.230233192443848,27.3553409576416,21.2531967163086,0.6853750944137573,1.935223937034607,2.5557546615600586,7.064473628997803,9.585891723632812,10.121317863464355,2.091470956802368,3.0878584384918213,0.2112388610839843,0.8492703437805176,1.2104933261871338,1.1513545513153076,1.9931799173355105,2.523374557495117,4.639891624450684,3.163533926010132,5.455183506011963,3.802412509918213,6.158139228820801,0.9439621081392005,0.5737435672834775,0.8699622296932719,0.6914639175257732,0.9787744160348628,0.7942942018077146,0.0721796807592752,off,default,,
XAI-MeteoFormer,jena,no_revin,1,0.0,1892475.0,585.5,6.53,0.1437401958366584,18.0,96.0,24.0,256.0,2.0,0.0005,0.01,3.0020272731781006,5.240152835845947,27.459199905395508,21.661571502685547,0.686218798160553,1.9170947074890137,2.5194480419158936,7.130294322967529,9.617507934570312,10.45119285583496,2.109661817550659,3.087652444839477,0.2130251824855804,0.8510564565658569,1.20792818069458,1.1815388202667236,2.083015918731689,2.486668825149536,4.563004016876221,3.1515066623687744,5.442286014556885,3.8963799476623535,6.263515949249268,0.9399086856485476,0.551066899536791,0.903623459096003,0.684622641509434,0.9801986529040652,0.7973620023121316,0.0721796807592752,off,default,,
XAI-MeteoFormer,jena,no_revin,2,0.0,1892475.0,715.2,6.48,0.1443549327430177,22.0,96.0,24.0,256.0,2.0,0.0005,0.01,3.034393548965454,5.319503307342529,28.2971134185791,21.89507102966309,0.6750360727310181,1.9440116882324217,2.5250422954559326,7.196993350982666,9.75610637664795,10.306500434875488,2.147135972976685,3.180572986602783,0.2167572528123855,0.8494334816932678,1.230838418006897,1.1798148155212402,2.079041004180908,2.522883415222168,4.659372806549072,3.2166011333465576,5.557553291320801,3.910281181335449,6.311227321624756,0.940265195091554,0.5557553956834532,0.8592952309799526,0.6749694351617899,0.9765259914409952,0.7756915611974532,0.0721796807592752,off,default,,
XAI-MeteoFormer,jena,no_multiscale,0,0.0,1755550.0,503.5,5.6,0.1513174280273487,21.0,96.0,24.0,256.0,2.0,0.0005,0.01,3.089691638946533,5.385769367218018,29.00651359558105,21.67612266540528,0.6678268313407898,1.946218967437744,2.624295234680176,7.339657783508301,9.854530334472656,10.570616722106934,2.199702501296997,3.239535093307495,0.2222628146409988,0.873187780380249,1.2380590438842771,1.1353639364242554,2.017906665802002,2.582415580749512,4.682748794555664,3.292386531829834,5.645417213439941,3.9469499588012695,6.351908206939697,0.8605179273319912,0.3102201496950343,0.7620885734445689,0.4409462055715658,0.9117214214765228,0.4520397175698534,0.0721796807592752,off,default,,
XAI-MeteoFormer,jena,no_multiscale,1,0.0,1755550.0,552.1,5.65,0.15220641638788,23.0,96.0,24.0,256.0,2.0,0.0005,0.01,3.1356008052825928,5.468153953552246,29.900707244873047,21.86034393310547,0.6625005006790161,1.9777737855911253,2.6537554264068604,7.479403495788574,10.021254539489746,10.785780906677246,2.203067779541016,3.254420518875122,0.2226230651140213,0.8821561336517334,1.2424405813217163,1.045604586601257,1.8947454690933228,2.58354926109314,4.721536636352539,3.377819538116455,5.792064189910889,4.022308349609375,6.461676597595215,0.8263199837024254,0.2693166653048996,0.820860830946748,0.4055697396618372,0.908223127955298,0.416932674504873,0.0721796807592752,off,default,,
XAI-MeteoFormer,jena,no_multiscale,2,0.0,1755550.0,552.3,5.65,0.1528695039694322,23.0,96.0,24.0,256.0,2.0,0.0005,0.01,3.1400113105773926,5.482199192047119,30.054506301879883,22.037220001220703,0.6617641448974609,1.9485629796981807,2.5965402126312256,7.505646705627441,10.052123069763184,10.779366493225098,2.232050657272339,3.2992897033691406,0.2255395054817199,0.8737837672233582,1.2432048320770264,1.1708946228027344,2.126843214035034,2.6165449619293213,4.8074798583984375,3.3129870891571045,5.695024013519287,4.02714729309082,6.475264549255371,0.7979729891669063,0.2462115001756646,0.8726186029137094,0.3840596256953134,0.9133508345160428,0.4572271061740948,0.0721796807592752,off,default,,
XAI-MeteoFormer,jena,no_var_attn,0,0.0,1892513.0,662.5,6.48,0.1590194096979271,20.0,96.0,24.0,256.0,2.0,0.0005,0.01,3.180697202682495,5.563684463500977,30.95458221435547,22.27393341064453,0.6507514119148254,1.9721853733062744,2.6849606037139893,7.547423839569092,10.187859535217283,10.7612886428833,2.319057941436768,3.3502535820007324,0.2342625707387924,0.884118914604187,1.2620041370391846,1.2880198955535889,2.319257497787476,2.6460330486297607,4.806459426879883,3.344316005706787,5.786612987518311,4.038856506347656,6.512866973876953,0.860487968555268,0.3235954350658525,0.8556012119702818,0.4695885917353866,0.9289682140958954,0.4980370407586252,0.0721796807592752,off,default,,
XAI-MeteoFormer,jena,no_var_attn,1,0.0,1892513.0,563.7,6.47,0.1564700119764836,17.0,96.0,24.0,256.0,2.0,0.0005,0.01,3.2141239643096924,5.57378625869751,31.067094802856445,22.176698684692383,0.653205156326294,2.0216076374053955,2.71232008934021,7.648757934570312,10.205574989318848,10.928163528442385,2.312162160873413,3.345692873001098,0.2336884140968322,0.8739694356918335,1.2507209777832031,1.314981460571289,2.381070137023926,2.724419116973877,4.915433406829834,3.384752035140991,5.820010662078857,4.068915367126465,6.541588306427002,0.831113387978142,0.2752276968498454,0.8202797493047773,0.4121627962752479,0.9076013862143892,0.3978500553861354,0.0721796807592752,off,default,,
XAI-MeteoFormer,jena,no_var_attn,2,0.0,1892513.0,663.1,6.51,0.1560488080366177,20.0,96.0,24.0,256.0,2.0,0.0005,0.01,3.1989970207214355,5.546165943145752,30.75995445251465,22.018728256225582,0.6575639843940735,1.953447937965393,2.615813970565796,7.706390380859375,10.195585250854492,11.402289390563965,2.263631582260132,3.268956661224365,0.2286995500326156,0.8725163340568542,1.2495167255401611,1.292752385139465,2.314245223999023,2.676046848297119,4.8650641441345215,3.370646953582764,5.7299323081970215,4.073675155639648,6.573985576629639,0.8620248538011696,0.314822934232715,0.7748723695679243,0.4477354214382502,0.9132834958110758,0.4138417096882119,0.0721796807592752,off,default,,
XAI-MeteoFormer,jena,no_temp_attn,0,0.0,1892513.0,651.8,6.45,0.1590361236027825,20.0,96.0,24.0,256.0,2.0,0.0005,0.01,3.1835880279541016,5.541921138763428,30.712890625,22.276336669921875,0.6523638963699341,1.9850530624389648,2.6811399459838867,7.551230430603027,10.134513854980469,10.780396461486816,2.3092048168182373,3.372123956680298,0.2333231270313263,0.8888649344444275,1.258362054824829,1.2872823476791382,2.315283298492432,2.662433385848999,4.831632614135742,3.330495595932007,5.701724529266357,4.051780700683594,6.548394203186035,0.8084226104879686,0.2609238152369526,0.9026688249699084,0.4048286067961616,0.9237683516856114,0.4738397818381848,0.0721796807592752,off,default,,
XAI-MeteoFormer,jena,no_temp_attn,1,0.0,1892513.0,554.1,6.46,0.1554384813497396,17.0,96.0,24.0,256.0,2.0,0.0005,0.01,3.217639684677124,5.566617965698242,30.98723793029785,22.14531707763672,0.655123770236969,2.013917922973633,2.698316097259521,7.692176342010498,10.201630592346191,11.139412879943848,2.2912418842315674,3.322509527206421,0.2315415143966674,0.8732263445854187,1.2472620010375977,1.3498024940490725,2.461836814880371,2.7145044803619385,4.888424873352051,3.371232032775879,5.742636680603027,4.089427947998047,6.571399688720703,0.8150405042661298,0.2635691047719536,0.8709168638193666,0.4046709866543238,0.9137966776737338,0.4226808459772957,0.0721796807592752,off,default,,
XAI-MeteoFormer,jena,no_temp_attn,2,0.0,1892513.0,651.7,6.48,0.1550940884868742,20.0,96.0,24.0,256.0,2.0,0.0005,0.01,3.181774139404297,5.513514041900635,30.39883613586425,21.87144470214844,0.6563430428504944,1.93800950050354,2.604696035385132,7.671912670135498,10.127346992492676,11.381675720214844,2.2432544231414795,3.2652204036712646,0.226650059223175,0.8739193081855774,1.2593992948532104,1.2081583738327026,2.2121787071228027,2.684010028839112,4.884193420410156,3.385823011398315,5.7671308517456055,4.045224189758301,6.482914447784424,0.868801529095964,0.3303069978982186,0.7957913086788694,0.466842790878876,0.9223891660776417,0.4701921654567933,0.0721796807592752,off,default,,
XAI-MeteoFormer,jena,no_fusion,0,0.0,1761185.0,595.4,6.52,0.1553475212418737,18.0,96.0,24.0,256.0,2.0,0.0005,0.01,3.207637548446656,5.584721088409424,31.18910789489746,22.46760368347168,0.6495528221130371,2.062840700149536,2.756312608718872,7.615711212158203,10.22436237335205,10.9896879196167,2.2753021717071533,3.321352243423462,0.2298671305179596,0.8766947388648987,1.2610325813293457,1.2029012441635132,2.128000497817993,2.728311777114868,4.914233207702637,3.408904790878296,5.875891208648682,4.0345563888549805,6.434584617614746,0.8957913910459208,0.3720468200205855,0.6451251400821816,0.4719295582207378,0.9147634607715228,0.4467780455527989,0.0721796807592752,off,default,,
XAI-MeteoFormer,jena,no_fusion,1,0.0,1761185.0,629.6,6.46,0.1552561784802734,19.0,96.0,24.0,256.0,2.0,0.0005,0.01,3.19124698638916,5.544413566589356,30.740524291992188,22.494836807250977,0.6553494334220886,2.051215171813965,2.745429515838623,7.606254577636719,10.158116340637209,11.08458137512207,2.224019765853882,3.2669811248779297,0.2246938943862915,0.8834989070892334,1.2506767511367798,1.174816012382507,2.1731152534484863,2.6917712688446045,4.878468036651611,3.385669469833374,5.796769142150879,4.019503116607666,6.432864189147949,0.8334142220304861,0.2830947136563876,0.8535259203918151,0.425170314163729,0.9207887647967332,0.4281220254083569,0.0721796807592752,off,default,,
XAI-MeteoFormer,jena,no_fusion,2,0.0,1761185.0,596.2,6.48,0.1564051661806322,18.0,96.0,24.0,256.0,2.0,0.0005,0.01,3.2331464290618896,5.628427028656006,31.67918968200684,22.477066040039062,0.6485090255737305,2.065492868423462,2.757951498031616,7.706850528717041,10.315216064453123,11.18206787109375,2.2815358638763428,3.335602045059204,0.230517491698265,0.8787070512771606,1.2572085857391355,1.2971912622451782,2.3958303928375244,2.746244192123413,4.993992328643799,3.4214110374450684,5.895764827728272,4.073006629943848,6.537712574005127,0.8153610631770684,0.2586973849991,0.8351803428381688,0.3950331288343558,0.9073346275611752,0.4239306899454933,0.0721796807592752,off,default,,
XAI-MeteoFormer,jena,no_entropy,0,0.0,1892513.0,665.0,6.5,0.158953712155766,20.0,96.0,24.0,256.0,2.0,0.0005,0.0,3.1926629543304443,5.552255630493164,30.82754135131836,22.19398307800293,0.6515259742736816,2.009683132171631,2.7183678150177,7.563431739807129,10.150505065917969,10.796045303344728,2.311888694763184,3.3621864318847656,0.2335995733737945,0.8856489658355713,1.2583997249603271,1.2707130908966064,2.275364637374878,2.674042224884033,4.82066011428833,3.336348056793213,5.722141742706299,4.0681633949279785,6.558550357818604,0.8295735068545681,0.2816121040995178,0.8775993027020297,0.4263977816990169,0.924799873033077,0.4703662128617352,0.0721796807592752,off,default,,
XAI-MeteoFormer,jena,no_entropy,1,0.0,1892513.0,564.9,6.52,0.1559347368903262,17.0,96.0,24.0,256.0,2.0,0.0005,0.0,3.2191882133483887,5.569677352905273,31.021303176879883,22.12137794494629,0.6545647978782654,2.0263540744781494,2.723259449005127,7.674587726593018,10.197896003723145,11.092153549194336,2.3007819652557373,3.334335803985596,0.2324985265731811,0.8750293254852295,1.2466638088226318,1.3171231746673584,2.394081115722656,2.72383451461792,4.913703441619873,3.383687973022461,5.767057418823242,4.072662830352783,6.54206657409668,0.8286148259994248,0.2712932010940133,0.815174532021749,0.407101474810078,0.9061817018004406,0.394672230718176,0.0721796807592752,off,default,,
XAI-MeteoFormer,jena,no_entropy,2,0.0,1892513.0,664.3,6.49,0.1534729260520545,20.0,96.0,24.0,256.0,2.0,0.0005,0.0,3.147176504135132,5.466163635253906,29.878942489624023,21.824478149414062,0.6599491238594055,1.936134457588196,2.606174230575561,7.571619510650635,10.034686088562012,11.117603302001951,2.206658363342285,3.232980728149414,0.2229421138763427,0.8742970824241638,1.2555909156799316,1.1455583572387695,2.098397016525269,2.63523006439209,4.799661159515381,3.3374581336975098,5.685227394104004,4.0457916259765625,6.498085498809815,0.8788946409740197,0.3433537322308976,0.7428713734279666,0.4696405143007084,0.9216885985843986,0.4555545290517143,0.0721796807592752,off,default,,
XAI-MeteoFormer,jena,no_cls,0,0.0,1892513.0,626.9,6.51,0.1529867435699707,19.0,96.0,24.0,256.0,2.0,0.0005,0.01,3.1103248596191406,5.463757991790772,29.85265350341797,21.81225776672364,0.661322832107544,1.9613620042800903,2.666405200958252,7.459746837615967,10.025487899780272,10.82339096069336,2.151129961013794,3.198101043701172,0.2174019515514373,0.8690580725669861,1.2500592470169067,1.0546983480453491,1.9821412563323968,2.6010637283325195,4.791626453399658,3.3026819229125977,5.666000843048096,4.025084018707275,6.537154674530029,0.5003475218099894,0.0690178026664733,0.474204125679658,0.1204978115277118,0.4832552649208,0.0657962277006635,0.0721796807592752,off,default,,
XAI-MeteoFormer,jena,no_cls,1,0.0,1892513.0,628.1,6.51,0.1544204111961275,19.0,96.0,24.0,256.0,2.0,0.0005,0.01,3.1689236164093018,5.526993751525879,30.54765892028809,22.212141036987305,0.6560075879096985,1.9912039041519165,2.678787469863892,7.553856372833252,10.12631893157959,10.875521659851074,2.2627739906311035,3.3021154403686523,0.2286781966686248,0.8678624033927917,1.252374529838562,1.102605938911438,2.0177347660064697,2.658909559249878,4.829670429229736,3.3769466876983643,5.823476791381836,4.057931900024414,6.513583660125732,0.527705876713642,0.0721941406725477,0.4677292159548417,0.1250818598559266,0.4999338905926417,0.0745199936421581,0.0721796807592752,off,default,,
XAI-MeteoFormer,jena,no_cls,2,0.0,1892513.0,760.8,6.53,0.1537701681236838,23.0,96.0,24.0,256.0,2.0,0.0005,0.01,3.1178247928619385,5.494159698486328,30.185789108276367,21.945432662963867,0.6597342491149902,1.9437106847763064,2.626880407333374,7.459429740905762,10.090017318725586,10.822952270507812,2.1963441371917725,3.2356116771698,0.2218800783157348,0.8718186616897583,1.2510137557983398,1.0002070665359497,1.839478611946106,2.6034181118011475,4.802018165588379,3.316627740859986,5.73695707321167,4.03621244430542,6.490240097045898,0.4772253379350014,0.0679085053693627,0.4905574233179762,0.1193018936488068,0.4779560134135577,0.0689023195292017,0.0721796807592752,off,default,,
XAI-MeteoFormer,jena,no_revin,3,0.0,1892475.0,692.4,7.17,0.1445851906016415,20.0,96.0,24.0,256.0,2.0,0.0005,0.01,3.0403103828430176,5.229461193084717,27.34726333618164,22.1431827545166,0.6839185953140259,1.9689960479736328,2.555393695831299,7.137729644775391,9.555594444274902,10.53836154937744,2.204408407211304,3.1755917072296143,0.2226722836494445,0.8501051068305969,1.210479974746704,1.151815414428711,1.9489972591400144,2.510641098022461,4.488428115844727,3.240739345550537,5.459673404693604,3.8476035594940186,6.169152736663818,0.8970226967692455,0.4082798001427551,0.949653426306396,0.5710506283304007,0.9750518894494752,0.7709963095387095,0.0721796807592752,off,default,,
XAI-MeteoFormer,jena,no_revin,4,0.0,1892475.0,728.4,7.12,0.1440110369375356,21.0,96.0,24.0,256.0,2.0,0.0005,0.01,3.062434434890747,5.314776420593262,28.246849060058594,22.25094223022461,0.6793560981750488,2.0018835067749023,2.5811350345611572,7.230940818786621,9.740456581115724,10.438207626342772,2.1731743812561035,3.158147096633911,0.219579204916954,0.8437356948852539,1.2144012451171875,1.3756121397018433,2.3519046306610107,2.6061673164367676,4.772403717041016,3.227670669555664,5.596797466278076,3.8624792098999023,6.167627811431885,0.9318557664653436,0.5159653905416617,0.9034159299381564,0.6568091976221371,0.9783263365539724,0.7934424654667898,0.0721796807592752,off,default,,
XAI-MeteoFormer,beijing_aotizhongxin,full,0,0.0,1892255.0,361.4,3.31,0.1702344414404369,24.0,96.0,24.0,256.0,2.0,0.0005,0.01,4.233922004699707,8.36015510559082,69.8921890258789,27.11214637756348,0.6346084475517273,1.9664772748947144,2.5415213108062744,11.949578285217283,16.161399841308594,26.548704147338867,2.310746669769287,3.3075315952301025,0.2275752425193786,0.7088889479637146,0.9893510937690736,1.8449501991271973,3.615478277206421,3.4563405513763428,6.8996758460998535,4.51899003982544,8.842947006225586,5.274002552032471,9.809614181518556,0.8811578438481992,0.6137627084689738,0.8524624373956594,0.7136825553970242,0.9484866896952586,0.758534935599356,0.1737490935460478,off,default,,
XAI-MeteoFormer,beijing_aotizhongxin,full,1,0.0,1892255.0,329.4,3.3,0.1696099687377576,22.0,96.0,24.0,256.0,2.0,0.0005,0.01,4.221112251281738,8.297155380249023,68.84278869628906,26.98105812072754,0.639452338218689,1.931767821311951,2.543262243270874,11.927726745605469,16.036035537719727,26.79862403869629,2.318208694458008,3.2836318016052246,0.2283537089824676,0.7067456245422363,0.9830656051635742,1.9794461727142327,3.8127496242523193,3.5514137744903564,7.057391166687012,4.478645324707031,8.72995662689209,5.216378688812256,9.735641479492188,0.8766316171138506,0.5981308411214953,0.8836950473010573,0.7133972568123429,0.9482512644596128,0.7551914387932368,0.1737490935460478,off,default,,
XAI-MeteoFormer,beijing_aotizhongxin,full,2,0.0,1892255.0,314.2,3.33,0.1706163669128772,21.0,96.0,24.0,256.0,2.0,0.0005,0.01,4.128878116607666,8.072880744934082,65.1714096069336,26.80909919738769,0.6459881663322449,1.9666625261306765,2.605483293533325,11.577489852905272,15.567123413085938,27.08258628845215,2.282720804214477,3.255138397216797,0.2248058021068573,0.6886328458786011,0.9828010201454164,1.9995121955871584,3.851297378540039,3.5190694332122803,6.908323764801025,4.365245342254639,8.48987102508545,5.150089740753174,9.56404972076416,0.869809040367416,0.5850561691683187,0.8622008903728436,0.6970924020021371,0.9423337845427452,0.7350364756691882,0.1737490935460478,off,default,,
XAI-MeteoFormer,beijing_aotizhongxin,full,3,0.0,1892255.0,358.9,3.3,0.1753347350462087,24.0,96.0,24.0,256.0,2.0,0.0005,0.01,4.334496021270752,8.56698226928711,73.3931884765625,27.54737091064453,0.6295945644378662,1.9429192543029783,2.559722900390625,12.43769359588623,16.598949432373047,27.654680252075195,2.2595086097717285,3.243349552154541,0.2226020842790603,0.6978626847267151,0.9880025386810304,2.031411409378052,4.032095432281494,3.72316312789917,7.467593669891357,4.667302131652832,9.255950927734377,5.191483974456787,9.645456314086914,0.8763475948755136,0.6107814838571735,0.7948316638842515,0.6907568613226938,0.9352354243809456,0.7060384387440622,0.1737490935460478,off,default,,
XAI-MeteoFormer,beijing_aotizhongxin,full,4,0.0,1892255.0,314.7,3.34,0.1714581067068653,21.0,96.0,24.0,256.0,2.0,0.0005,0.01,4.217447757720947,8.229209899902344,67.71990203857422,26.908823013305664,0.6426210403442383,2.0009562969207764,2.623728036880493,11.808167457580566,15.861970901489258,26.573034286499023,2.374264001846313,3.3822731971740723,0.2337952107191085,0.6864014267921448,0.9765985608100892,2.0961227416992188,4.034398078918457,3.542133092880249,7.047692775726318,4.477078437805176,8.655932426452637,5.181057929992676,9.590086936950684,0.870896785109983,0.5867624953025179,0.8688786867000556,0.7004822790489008,0.9449040587890652,0.7521125333115999,0.1737490935460478,off,default,,
DLinear,beijing_aotizhongxin,full,0,0.0,4656.0,35.7,1.61,0.1813958281871665,17.0,96.0,24.0,256.0,2.0,0.0005,0.0,4.370866298675537,8.364294052124023,69.96141052246094,28.02305603027344,0.6226584911346436,2.067016363143921,2.6682190895080566,11.888334274291992,16.02195930480957,29.697751998901367,2.808370590209961,3.8762552738189697,0.276648610830307,0.7197418808937073,0.9988617300987244,1.513930320739746,3.04453444480896,3.851871252059937,7.268893718719482,4.747697830200195,8.918024063110352,5.315508365631104,9.675407409667969,0.7000120860526952,0.3667627624563104,1.0,0.5366882571444571,0.9724340984350214,0.8680857058348331,0.1737490935460478,off,default,,
DLinear,beijing_aotizhongxin,full,1,0.0,4656.0,35.4,1.51,0.1818469122056592,17.0,96.0,24.0,256.0,2.0,0.0005,0.0,4.370772361755371,8.37456226348877,70.13328552246094,27.86449432373047,0.62184739112854,2.059227228164673,2.6766250133514404,11.883844375610352,16.039602279663086,29.582469940185547,2.819514513015747,3.8859710693359375,0.2777368724346161,0.7205022573471069,0.9996055960655212,1.5589107275009155,3.077298641204834,3.80903959274292,7.296165466308594,4.75139856338501,8.933231353759766,5.31899881362915,9.67710018157959,0.7001389896059946,0.3668610363262858,1.0,0.5367934655775962,0.9711123664111878,0.8635894990457496,0.1737490935460478,off,default,,
DLinear,beijing_aotizhongxin,full,2,0.0,4656.0,44.1,1.77,0.1824723739943604,21.0,96.0,24.0,256.0,2.0,0.0005,0.0,4.355257034301758,8.39818000793457,70.52942657470703,27.51024627685547,0.6195576786994934,1.9893732070922847,2.605621576309204,11.88413143157959,16.09955596923828,29.41621208190918,2.8235793113708496,3.889007806777954,0.2781425714492798,0.7239437699317932,1.0041449069976809,1.6104798316955566,3.0927510261535645,3.804576396942138,7.27655029296875,4.738935947418213,8.949922561645508,5.288064479827881,9.726322174072266,0.7002054628958182,0.3669125341364437,1.0,0.5368485912205687,0.9722543822214224,0.8680094617772994,0.1737490935460478,off,default,,
DLinear,beijing_aotizhongxin,full,3,0.0,4656.0,51.8,1.53,0.1820527339249119,24.0,96.0,24.0,256.0,2.0,0.0005,0.0,4.358431816101074,8.379085540771484,70.20906829833984,27.702299118041992,0.6211843490600586,2.016381025314331,2.6341569423675537,11.881067276000977,16.05677032470703,29.56013298034668,2.814025402069092,3.882594108581543,0.2772126197814941,0.7222535014152527,1.0015240907669067,1.511401653289795,3.012202739715576,3.818050146102905,7.29876184463501,4.7509942054748535,8.960500717163086,5.322100639343262,9.67750072479248,0.7006043026347595,0.3672218248697251,1.0,0.5371795829908078,0.9719452929021845,0.867003413503739,0.1737490935460478,off,default,,
DLinear,beijing_aotizhongxin,full,4,0.0,4656.0,43.4,1.56,0.1820063218232414,20.0,96.0,24.0,256.0,2.0,0.0005,0.0,4.35593843460083,8.386488914489746,70.33319854736328,27.59768295288086,0.6209675669670105,2.000499963760376,2.61744236946106,11.881394386291504,16.0742244720459,29.44474220275879,2.819976091384888,3.885575771331787,0.277786910533905,0.7218798398971558,1.0016707181930542,1.5325957536697388,3.0367953777313232,3.815707683563232,7.286460876464844,4.742567539215088,8.946066856384277,5.327303886413574,9.672287940979004,0.6998247522359198,0.3666177876952502,1.0,0.5365330248094274,0.9722233066229784,0.867045783347469,0.1737490935460478,off,default,,
PatchTST,beijing_aotizhongxin,full,0,0.0,1657880.0,334.5,4.59,0.1797696303302361,13.0,96.0,24.0,256.0,2.0,0.0005,0.0,4.343411922454834,8.32275676727295,69.26828002929688,27.4775505065918,0.6245524883270264,2.117337226867676,2.780898094177246,11.980268478393556,15.985722541809082,28.67871284484864,2.572183132171631,3.576022386550904,0.253315269947052,0.7038589119911194,1.0042083263397217,1.899553894996643,3.533867120742798,3.8132307529449454,7.217921733856201,4.701274871826172,8.82358455657959,5.280282020568848,9.629237174987791,0.7036620739666425,0.3696104897801774,1.0,0.539730810384637,0.9717345903757773,0.8630622149222378,0.1737490935460478,off,default,,
PatchTST,beijing_aotizhongxin,full,1,0.0,1657880.0,308.3,4.5,0.1795761105116398,12.0,96.0,24.0,256.0,2.0,0.0005,0.0,4.346999168395996,8.314706802368164,69.13434600830078,27.467514038085938,0.630010724067688,2.0712060928344727,2.7193832397460938,12.010565757751465,15.974641799926758,29.03495216369629,2.603802442550659,3.601101875305176,0.2564676105976105,0.7024227976799011,0.9925566911697388,1.8498156070709229,3.452537775039673,3.793122291564941,7.1981282234191895,4.710824012756348,8.849154472351074,5.252719402313232,9.630701065063477,0.702356780275562,0.3685870317667871,1.0,0.5386387905356039,0.9715028937693324,0.8611876463717374,0.1737490935460478,off,default,,
PatchTST,beijing_aotizhongxin,full,2,0.0,1657880.0,410.6,4.51,0.1799358173408514,16.0,96.0,24.0,256.0,2.0,0.0005,0.0,4.425920486450195,8.397188186645508,70.51277160644531,27.66053009033203,0.6279088258743286,2.259127140045166,2.9426348209381104,12.243829727172852,16.127872467041016,29.817045211791992,2.5042219161987305,3.5074031352996826,0.246680662035942,0.6965023875236511,0.9908732771873474,1.9628502130508425,3.607893466949463,3.822408199310303,7.26513147354126,4.754697799682617,8.915902137756348,5.356767654418945,9.700713157653809,0.703758762388204,0.3696865276313421,1.0,0.5398118769126786,0.9691550809167788,0.8451081746224317,0.1737490935460478,off,default,,
PatchTST,beijing_aotizhongxin,full,3,0.0,1657880.0,436.1,4.54,0.1808684104693333,17.0,96.0,24.0,256.0,2.0,0.0005,0.0,4.413276672363281,8.37486457824707,70.13835906982422,27.80501937866211,0.626232385635376,2.3711533546447754,3.0589492321014404,12.098743438720703,16.071908950805664,29.819435119628903,2.482954263687134,3.4493870735168457,0.2446377873420715,0.7002530694007874,0.9958422780036926,2.2870118618011475,4.0206708908081055,3.887413501739502,7.344806671142578,4.691445827484131,8.81151008605957,5.268847942352295,9.698870658874512,0.7085387962291516,0.3734850551420443,1.0,0.5438501915165271,0.9692937314613512,0.8460871621732603,0.1737490935460478,off,default,,
PatchTST,beijing_aotizhongxin,full,4,0.0,1657880.0,308.0,4.57,0.1793405444556223,12.0,96.0,24.0,256.0,2.0,0.0005,0.0,4.322015285491943,8.272103309631348,68.42768859863281,27.38549995422364,0.6305261254310608,2.090248346328736,2.7468292713165283,11.932170867919922,15.88192367553711,28.540267944335938,2.5644497871398926,3.5975420475006104,0.2525603175163269,0.7011936902999878,0.993930160999298,1.67805814743042,3.2795259952545166,3.728752613067627,7.157673358917236,4.666783809661865,8.736006736755371,5.292102336883545,9.711010932922363,0.7026589315929418,0.3688234388629483,1.0,0.5388911796678787,0.9706934640271134,0.8600767082412317,0.1737490935460478,off,default,,
iTransformer,beijing_aotizhongxin,full,0,0.0,1611032.0,41.8,1.41,0.1798283918385383,11.0,96.0,24.0,256.0,2.0,0.0005,0.0,4.256398677825928,8.244465827941895,67.97122192382812,27.29543685913086,0.6253935694694519,2.0440518856048584,2.6914098262786865,11.528790473937988,15.785073280334473,27.916860580444336,2.7379274368286133,3.803648710250856,0.2696739435195923,0.7148271203041077,1.0024374723434448,1.8243623971939087,3.4799437522888184,3.675037860870361,7.058068752288818,4.568284511566162,8.640817642211914,5.245924472808838,9.78207015991211,0.704520183708001,0.3702864207706573,1.0,0.5404511278195488,0.9733126491227831,0.8708466026101445,0.1737490935460478,off,default,,
iTransformer,beijing_aotizhongxin,full,1,0.0,1611032.0,41.2,1.43,0.1816727172617437,11.0,96.0,24.0,256.0,2.0,0.0005,0.0,4.236266613006592,8.220161437988281,67.57105255126953,27.19239616394043,0.6246684789657593,2.03568172454834,2.684121608734131,11.468731880187988,15.72864818572998,27.18941307067871,2.729434967041016,3.8313703536987305,0.2687453031539917,0.7112192511558533,1.004982590675354,1.7585347890853882,3.40456223487854,3.621522665023804,7.001980781555176,4.530357360839844,8.647478103637695,5.227404594421387,9.704702377319336,0.7033961808073483,0.3694015468818254,1.0,0.5395080029272137,0.9729759122902032,0.8679663671404734,0.1737490935460478,off,default,,
iTransformer,beijing_aotizhongxin,full,2,0.0,1611032.0,41.9,1.41,0.180839857270769,11.0,96.0,24.0,256.0,2.0,0.0005,0.0,4.2470293045043945,8.293310165405273,68.77899169921875,27.3886947631836,0.6235692501068115,2.043849229812622,2.679892063140869,11.579991340637209,15.904072761535645,27.57161331176757,2.649906873703003,3.7395107746124254,0.2609455585479736,0.7143657803535461,1.005345106124878,1.9205138683319087,3.7226693630218506,3.6439244747161865,7.124430179595947,4.521370887756348,8.656519889831543,5.223789215087891,9.803693771362305,0.7037104181774233,0.3696485047954539,1.0,0.5397713406048773,0.9730803258634498,0.8694206059618268,0.1737490935460478,off,default,,
iTransformer,beijing_aotizhongxin,full,3,0.0,1611032.0,38.8,1.38,0.1793040709885165,10.0,96.0,24.0,256.0,2.0,0.0005,0.0,4.237198829650879,8.276616096496582,68.50238037109375,27.325782775878903,0.6232699155807495,1.97872793674469,2.603370189666748,11.53712272644043,15.870319366455078,27.38076400756836,2.71623158454895,3.788298606872559,0.2674317955970764,0.7167156338691711,1.006826400756836,1.8258681297302248,3.5633304119110107,3.637060642242432,7.083293914794922,4.545149326324463,8.667510986328125,5.219322681427002,9.733813285827637,0.7017222625090646,0.3680915620079118,1.0,0.538109542124028,0.9734890056781637,0.8718954128134391,0.1737490935460478,off,default,,
iTransformer,beijing_aotizhongxin,full,4,0.0,1611032.0,41.5,1.4,0.1804747780340063,11.0,96.0,24.0,256.0,2.0,0.0005,0.0,4.27822208404541,8.294769287109375,68.80319213867188,27.363359451293945,0.6222226619720459,2.075082778930664,2.727849006652832,11.608427047729492,15.88893699645996,28.35092544555664,2.708350658416748,3.781595706939697,0.2667409479618072,0.7210243344306946,1.0063774585723877,1.8374879360198968,3.567323684692383,3.7149581909179688,7.263036727905273,4.552108287811279,8.661637306213379,5.267521858215332,9.765951156616213,0.7058315204254291,0.3713241466596066,1.0,0.5415556162474219,0.9733273626833115,0.870957651124179,0.1737490935460478,off,default,,
LSTM,beijing_aotizhongxin,full,0,0.0,833668.0,39.8,1.59,0.1817695901946117,11.0,96.0,24.0,256.0,2.0,0.0005,0.0,4.32642126083374,8.150224685668945,66.42616271972656,27.40477561950684,0.6389838457107544,2.497053623199463,3.259826898574829,11.606468200683594,15.555055618286133,27.97424697875977,2.5194754600524902,3.487672805786133,0.2482446581125259,0.6826865077018738,0.9770582318305968,2.708503007888794,4.812449455261231,3.722445249557495,7.021288871765137,4.412728309631348,8.369588851928711,5.352522373199463,9.67822265625,0.709233744259125,0.3740438153718062,1.0,0.5444423404658209,0.967201800430041,0.8322535020609738,0.1737490935460478,on,default,,
LSTM,beijing_aotizhongxin,full,1,0.0,833668.0,36.8,1.84,0.1809231019940459,10.0,96.0,24.0,256.0,2.0,0.0005,0.0,4.386363983154297,8.103074073791504,65.65980529785156,27.7590446472168,0.6348714828491211,2.579106092453003,3.35761833190918,11.590225219726562,15.385093688964844,27.09003639221192,2.6809237003326416,3.701386213302612,0.2641579806804657,0.6952010989189148,0.981944978237152,2.8277060985565186,4.954644680023193,3.774792432785034,6.962686061859131,4.54926061630249,8.373434066772461,5.313075542449951,9.55365753173828,0.7109016195310611,0.375391685815751,1.0,0.545868772782503,0.9693768804267148,0.8459387589430309,0.1737490935460478,on,default,,
LSTM,beijing_aotizhongxin,full,2,0.0,833668.0,40.0,1.64,0.1818208245443389,11.0,96.0,24.0,256.0,2.0,0.0005,0.0,4.3064470291137695,8.082003593444824,65.31877899169922,27.547990798950195,0.6390466690063477,2.634429693222046,3.4007723331451416,11.389418601989746,15.37689971923828,27.0659236907959,2.5105955600738525,3.5076663494110107,0.2473107278347015,0.6913436651229858,0.9782971739768982,2.639347076416016,4.658001899719238,3.668281078338623,6.9178385734558105,4.430775165557861,8.27800464630127,5.287457942962647,9.567548751831056,0.7162315687696398,0.3797648923523973,1.0,0.5504776856656008,0.969495375056976,0.8467343739799148,0.1737490935460478,on,default,,
LSTM,beijing_aotizhongxin,full,3,0.0,833668.0,40.0,1.6,0.1799820938494341,11.0,96.0,24.0,256.0,2.0,0.0005,0.0,4.323938846588135,8.087265968322754,65.40387725830078,27.406009674072266,0.6409282088279724,2.587462902069092,3.35823130607605,11.48188591003418,15.393251419067385,26.273181915283203,2.5293428897857666,3.526636838912964,0.2492816895246505,0.6970607042312622,0.973849594593048,2.6217377185821533,4.649332046508789,3.666795253753662,6.877651691436768,4.45299243927002,8.304301261901855,5.233307838439941,9.444584846496582,0.7157420836354846,0.379359026797377,1.0,0.5500511751145462,0.971304081622175,0.8564661720992122,0.1737490935460478,on,default,,
LSTM,beijing_aotizhongxin,full,4,0.0,833668.0,36.4,1.76,0.1804478237427967,10.0,96.0,24.0,256.0,2.0,0.0005,0.0,4.3704938888549805,8.094658851623535,65.52349853515625,27.57486343383789,0.6358985304832458,2.58248233795166,3.372354507446289,11.56544017791748,15.38280200958252,26.73988914489746,2.641308546066284,3.623005151748657,0.260281890630722,0.6927464008331299,0.98208349943161,2.79134750366211,4.899684429168701,3.805314064025879,7.029684066772461,4.534292221069336,8.34177017211914,5.3196563720703125,9.554449081420898,0.711022480058013,0.3754897351512302,1.0,0.5459724279366526,0.970448826090979,0.8516373879412477,0.1737490935460478,on,default,,
Transformer,beijing_aotizhongxin,full,0,0.0,2668306.0,106.2,2.86,0.2096721477386414,9.0,96.0,24.0,256.0,2.0,0.0005,0.0,5.042295455932617,9.11141872406006,83.01795196533203,30.39637565612793,0.5876012444496155,3.622735261917114,4.587864875793457,12.839415550231934,17.16180419921875,33.005516052246094,3.014014482498169,3.940027475357056,0.2970828711986542,0.6930153965950012,0.9858794212341307,3.661380052566528,5.887438774108887,4.690952777862549,8.33970832824707,5.153647422790527,9.336087226867676,5.70375394821167,10.227805137634276,0.7519881556683587,0.4119610849225567,1.0,0.5835303668374854,0.9680835346213128,0.8492960359217067,0.1737490935460478,off,default,,
Transformer,beijing_aotizhongxin,full,1,0.0,2668306.0,106.5,2.9,0.2192770572522765,9.0,96.0,24.0,256.0,2.0,0.0005,0.0,4.984521865844727,8.919272422790527,79.55341339111328,30.218461990356445,0.5959555506706238,3.4548895359039307,4.530772686004639,12.643738746643066,16.73833465576172,31.721132278442383,3.1490743160247803,4.069041728973389,0.3105729222297668,0.6903838515281677,0.9781660437583924,3.47567081451416,5.564034938812256,4.612366676330566,8.127923011779785,5.125601291656494,9.110844612121582,5.733753681182861,10.150230407714844,0.7446458786560309,0.4049121225777377,1.0,0.5764234161988773,0.9707995405771236,0.8591969329404252,0.1737490935460478,off,default,,
Transformer,beijing_aotizhongxin,full,2,0.0,2668306.0,106.1,2.82,0.2058455895446626,9.0,96.0,24.0,256.0,2.0,0.0005,0.0,4.983187675476074,8.93407917022705,79.81776428222656,29.860916137695312,0.6006261706352234,3.5712544918060303,4.510886669158936,12.638748168945312,16.792306900024414,32.025299072265625,3.0398197174072266,4.000339984893799,0.299813836812973,0.6829332113265991,0.9688649773597716,3.5820329189300537,5.801886081695557,4.543458938598633,8.115842819213867,5.118951797485352,9.19646453857422,5.791717052459717,10.18202304840088,0.7451172347111433,0.4053573946144085,1.0,0.5768744607852972,0.9696428941326204,0.8575552781627837,0.1737490935460478,off,default,,
Transformer,beijing_aotizhongxin,full,3,0.0,2668306.0,105.7,2.88,0.2128408894026423,9.0,96.0,24.0,256.0,2.0,0.0005,0.0,4.931717872619629,9.113929748535156,83.06371307373047,30.11437606811523,0.593799889087677,3.3585686683654785,4.456060409545898,12.744933128356934,17.215686798095703,33.20911407470703,2.9331746101379395,3.8813765048980713,0.2892378568649292,0.6901940107345581,0.9764516949653624,3.5475969314575195,5.964964866638184,4.569769382476807,8.436225891113281,5.064673900604248,9.34842586517334,5.689625263214111,10.345429420471191,0.7309523809523809,0.3923902066217212,1.0,0.5636210377746849,0.9702175575977108,0.8595261633122703,0.1737490935460478,off,default,,
Transformer,beijing_aotizhongxin,full,4,0.0,2668306.0,106.2,2.89,0.2062199400445863,9.0,96.0,24.0,256.0,2.0,0.0005,0.0,4.927658081054688,8.700777053833008,75.7035140991211,29.9523868560791,0.6051919460296631,3.46378755569458,4.357329368591309,12.40922737121582,16.32090187072754,30.98004722595215,3.1384599208831787,4.062166213989258,0.3095744252204895,0.6991607546806335,0.9770745038986206,3.5260183811187744,5.634626865386963,4.487507343292236,7.811266422271728,5.044110298156738,8.853025436401367,5.733238697052002,9.92458438873291,0.7471295624848925,0.4072694307123532,1.0,0.5788080403426306,0.9692983133915928,0.8542350118390778,0.1737490935460478,off,default,,
Informer,beijing_aotizhongxin,full,0,0.0,2865682.0,162.2,3.1,0.2112551278681891,13.0,96.0,24.0,256.0,2.0,0.0005,0.0,4.875434875488281,8.885629653930664,78.95441436767578,29.956335067749023,0.597487211227417,3.691837310791016,4.600454807281494,12.25987720489502,16.70859146118164,29.83353805541992,2.845065116882324,3.809140682220459,0.2805041074752807,0.704961895942688,0.983271300792694,3.2012417316436768,5.164622783660889,4.244917392730713,7.620131015777588,4.975607872009277,9.15720272064209,5.751694679260254,10.246512413024902,0.7489787285472564,0.4090424094123003,1.0,0.5805963066546853,0.9721260748199748,0.8735205318261798,0.1737490935460478,off,default,,
Informer,beijing_aotizhongxin,full,1,0.0,2865682.0,162.5,3.18,0.2017047292571311,13.0,96.0,24.0,256.0,2.0,0.0005,0.0,4.816354751586914,8.993724822998047,80.88709259033203,30.21759033203125,0.5932927131652832,3.5550999641418457,4.609973907470703,12.494036674499512,17.0145206451416,29.62505531311035,2.513157606124878,3.436874866485596,0.2475182265043258,0.703123927116394,0.9952190518379213,3.028932809829712,5.169315338134766,4.148788928985596,7.660967826843262,5.078889846801758,9.388080596923828,5.754467487335205,10.585811614990234,0.7426516799613246,0.4030281788868639,0.9998608792431832,0.5744889190863492,0.9736379716389828,0.8777711983590044,0.1737490935460478,off,default,,
Informer,beijing_aotizhongxin,full,2,0.0,2865682.0,137.3,3.17,0.1958799343088717,11.0,96.0,24.0,256.0,2.0,0.0005,0.0,4.985663890838623,9.204036712646484,84.71429443359375,29.84859275817871,0.5894576907157898,3.431375503540039,4.381766319274902,12.874529838562012,17.43360137939453,31.187456130981445,2.9394705295562744,3.8420019149780273,0.2896281480789184,0.6972785592079163,0.9827663898468018,3.697719812393189,6.298135757446289,4.434875965118408,8.28879165649414,4.882400035858154,9.050551414489746,5.637345314025879,10.378896713256836,0.7526528885665942,0.4125963456818475,0.9997913188647746,0.5841317578208346,0.970550744753924,0.8627544238512925,0.1737490935460478,off,default,,
Informer,beijing_aotizhongxin,full,3,0.0,2865682.0,149.4,3.13,0.1981125247137082,12.0,96.0,24.0,256.0,2.0,0.0005,0.0,4.935202121734619,8.877753257751465,78.81450653076172,30.14604949951172,0.597400963306427,3.96366810798645,4.969320774078369,12.186773300170898,16.582544326782227,30.13979148864746,2.911890983581543,3.825571060180664,0.2871006727218628,0.6784791946411133,0.9736867547035216,3.1829872131347656,5.08975887298584,4.26209020614624,7.558279991149902,5.083664417266846,9.332603454589844,5.775958061218262,10.103065490722656,0.7551486584481508,0.4150714595062797,1.0,0.5866438146538532,0.9722241432624544,0.8681624940495665,0.1737490935460478,off,default,,
Informer,beijing_aotizhongxin,full,4,0.0,2865682.0,138.1,3.13,0.201771259919394,11.0,96.0,24.0,256.0,2.0,0.0005,0.0,5.047341346740723,8.864219665527344,78.57438659667969,30.14993667602539,0.5944509506225586,4.105405330657959,5.070348262786865,12.275450706481934,16.47829818725586,29.768430709838867,3.1215829849243164,4.013506412506104,0.3078536987304687,0.686926543712616,0.972924530506134,3.82269287109375,6.132339000701904,4.376071929931641,7.763879299163818,5.141556739807129,8.93187427520752,5.703134059906006,9.950919151306152,0.766467246797196,0.4265999910967339,0.9998956594323872,0.59804665966321,0.9711120681564642,0.8615065702471724,0.1737490935460478,off,default,,
Autoformer,beijing_aotizhongxin,full,0,0.0,2674706.0,333.3,6.22,0.2385025180068943,9.0,96.0,24.0,256.0,2.0,0.0005,0.0,5.452760696411133,9.627448081970217,92.68775177001952,30.45779228210449,0.5304489135742188,3.002226591110229,3.8653645515441895,14.060989379882812,18.092199325561523,34.22063446044922,4.001982688903809,5.233118057250977,0.3944957256317138,0.7458440065383911,1.047229528427124,4.593961238861084,8.069554328918457,5.016043186187744,8.8140230178833,5.512857913970947,9.708563804626465,6.1554951667785645,10.736601829528809,0.7118987188784143,0.3761988877984952,0.9999652198107958,0.5467164874449737,0.960786498148622,0.8224392121712524,0.1737490935460478,off,default,,
Autoformer,beijing_aotizhongxin,full,1,0.0,2674706.0,332.5,6.23,0.241517039880944,9.0,96.0,24.0,256.0,2.0,0.0005,0.0,5.516001224517822,9.701128005981444,94.11188507080078,30.632230758666992,0.5323004722595215,3.2445759773254395,4.122345924377441,14.079923629760742,18.19021797180176,34.33137512207031,4.005862236022949,5.244527339935303,0.3948659300804138,0.7336421608924866,1.0318317413330078,4.709624290466309,8.138202667236328,5.038164138793945,8.865920066833496,5.586299419403076,9.83216667175293,6.311830997467041,10.892316818237305,0.7191745226009185,0.3821702642673795,0.9994087367835282,0.5529098238423721,0.9607349440883276,0.8067257233270655,0.1737490935460478,off,default,,
Autoformer,beijing_aotizhongxin,full,2,0.0,2674706.0,369.8,6.24,0.2478733847881792,10.0,96.0,24.0,256.0,2.0,0.0005,0.0,5.42678165435791,9.517293930053713,90.57888793945312,31.009531021118164,0.5376580953598022,3.357750177383423,4.335646629333496,13.708306312561035,17.777721405029297,33.8598747253418,3.913257598876953,5.138386249542236,0.3859141767024994,0.7278093695640564,1.0330945253372192,4.525747299194336,7.764599800109863,4.888857364654541,8.54403305053711,5.475397109985352,9.518129348754885,6.177883625030518,11.019729614257812,0.7274595117234711,0.3893041900273557,0.9998260990539788,0.5604031424839659,0.9608742603323556,0.8173308654501922,0.1737490935460478,off,default,,
Autoformer,beijing_aotizhongxin,full,3,0.0,2674706.0,369.6,6.29,0.2408816276537763,10.0,96.0,24.0,256.0,2.0,0.0005,0.0,5.438650608062744,9.505053520202637,90.3460464477539,30.460102081298828,0.5497769117355347,3.219785213470459,4.128724098205566,13.895408630371094,17.803922653198242,34.42372131347656,3.9223830699920654,5.131655693054199,0.3865940570831299,0.7170242667198181,1.01204252243042,4.711918830871582,8.022196769714355,5.025729656219482,8.712520599365234,5.471491813659668,9.520118713378906,6.2380805015563965,10.99818992614746,0.7302695189751027,0.39162356537522,0.9980870895937674,0.5625263405502358,0.9624910541643564,0.820685400581533,0.1737490935460478,off,default,,
Autoformer,beijing_aotizhongxin,full,4,0.0,2674706.0,369.7,6.24,0.243344669369142,10.0,96.0,24.0,256.0,2.0,0.0005,0.0,5.471961975097656,9.401843070983888,88.3946533203125,31.14867210388184,0.5470461845397949,3.578620433807373,4.523061275482178,13.623013496398926,17.4779052734375,33.007606506347656,3.946800708770752,5.158663272857666,0.3890662789344787,0.7394146919250488,1.0156368017196655,4.482053756713867,7.522937774658203,4.985705852508545,8.488088607788086,5.511658191680908,9.416515350341797,6.176746845245361,10.849366188049316,0.7369108049311095,0.3977395346263453,0.9999652198107958,0.5691126110968151,0.9608597132602849,0.8178285877137049,0.1737490935460478,off,default,,
TFT,beijing_aotizhongxin,full,0,0.0,3540960.0,432.1,6.24,0.1857336743157065,10.0,96.0,24.0,256.0,2.0,0.0005,0.0,4.453016757965088,8.19558048248291,67.16753387451172,28.07154655456543,0.6350737810134888,2.8358137607574463,3.666679859161377,11.776448249816896,15.566656112670898,27.114940643310547,2.4945273399353027,3.457182168960572,0.2457711398601532,0.7052813172340393,0.9760279655456544,3.004060745239258,5.353914737701416,3.810685157775879,7.030818462371826,4.543992042541504,8.368648529052734,5.39143705368042,9.601068496704102,0.7269216823785352,0.3888505700490932,1.0,0.5599602699307645,0.9701049904144164,0.8597637302811351,0.1737490935460478,off,default,,
TFT,beijing_aotizhongxin,full,1,0.0,3540960.0,431.4,6.19,0.1964226211766278,10.0,96.0,24.0,256.0,2.0,0.0005,0.0,4.768423080444336,8.555381774902344,73.19454956054688,28.804502487182617,0.610977828502655,3.0619373321533203,3.88544225692749,12.139089584350586,16.053627014160156,27.106189727783203,3.1728675365448,4.360264301300049,0.3123522698879242,0.6997978687286377,0.975036323070526,3.320535659790039,5.640007972717285,4.184515953063965,7.393013000488281,4.8993682861328125,8.775687217712402,5.730279445648193,10.042712211608888,0.7309584239787286,0.3923955618031198,1.0,0.5636265621171281,0.9652844362985826,0.8320267932368964,0.1737490935460478,off,default,,
TFT,beijing_aotizhongxin,full,2,0.0,3540960.0,431.5,6.24,0.1835050789926972,10.0,96.0,24.0,256.0,2.0,0.0005,0.0,4.515315532684326,8.302329063415527,68.92866516113281,27.869384765625,0.6275020837783813,2.875661611557007,3.688618659973145,11.691824913024902,15.710410118103027,29.28842544555664,2.7827327251434326,3.7865593433380127,0.2743774056434631,0.7110428214073181,0.976612150669098,3.076364040374756,5.289525508880615,3.920553207397461,7.128603458404541,4.653677940368652,8.516845703125,5.39831018447876,9.798057556152344,0.72595479816292,0.3880109580167609,1.0,0.5590891855366397,0.971734678389538,0.8604994792890222,0.1737490935460478,off,default,,
TFT,beijing_aotizhongxin,full,3,0.0,3540960.0,388.9,5.96,0.1989487650333198,9.0,96.0,24.0,256.0,2.0,0.0005,0.0,4.826897621154785,8.514898300170898,72.50349426269531,28.39311981201172,0.6063407063484192,2.84363341331482,3.693105459213257,12.293070793151855,15.93675422668457,28.66761016845703,3.4720585346221924,4.629019737243652,0.3420770764350891,0.6988271474838257,0.9832828640937804,3.6800637245178223,6.23441743850708,4.327061653137207,7.561141014099121,4.89675760269165,8.663320541381836,5.640528202056885,9.7777738571167,0.725821851583273,0.3878957948275164,1.0,0.5589696233292831,0.9633705917000498,0.8278839320671187,0.1737490935460478,off,default,,
TFT,beijing_aotizhongxin,full,4,0.0,3540960.0,439.3,6.25,0.1949833658748508,10.0,96.0,24.0,256.0,2.0,0.0005,0.0,4.81538200378418,8.586936950683594,73.73548126220703,28.771669387817383,0.6116084456443787,3.201571226119995,4.053962230682373,12.482672691345217,16.189552307128906,28.541683197021484,2.881043672561645,3.9296600818634033,0.2837706804275512,0.6962384581565857,0.9815360903739928,3.4316108226776123,5.901515960693359,4.158710479736328,7.424463272094727,4.930495262145996,8.761951446533203,5.71228551864624,9.9512300491333,0.7296773023930384,0.3912635231679934,1.0,0.5624578185979635,0.9688329387244006,0.8464642757820998,0.1737490935460478,off,default,,
TimesNet,beijing_aotizhongxin,full,0,0.0,1186378.0,435.7,4.99,0.1833602815452915,10.0,96.0,24.0,256.0,2.0,0.0005,0.0,4.399256706237793,8.16474723815918,66.66309356689453,27.73811721801757,0.636101245880127,2.861080408096313,3.65378475189209,11.47715187072754,15.4660062789917,26.89494514465332,2.5813686847686768,3.62788462638855,0.2541992962360382,0.6774210333824158,0.9712429642677308,2.815223932266236,4.917468547821045,3.781934976577759,6.994403839111328,4.545453071594238,8.375628471374512,5.339335918426514,9.706018447875977,0.7292603335750544,0.3908964842156783,1.0,0.5620784704709402,0.970869986435014,0.8519553792616027,0.1737490935460478,off,default,,
TimesNet,beijing_aotizhongxin,full,1,0.0,1186378.0,378.8,5.0,0.1817680687143417,9.0,96.0,24.0,256.0,2.0,0.0005,0.0,4.4514689445495605,8.26809310913086,68.36135864257812,27.543262481689453,0.6299123764038086,2.683876276016236,3.451954841613769,11.75002384185791,15.703457832336426,27.5728759765625,2.690170764923096,3.7378251552581774,0.2649979591369629,0.6818071603775024,0.9795024394989014,2.9982895851135254,5.368524074554443,3.871328830718994,7.134590148925781,4.528800487518311,8.402928352355957,5.469146728515625,9.798166275024414,0.7250664732898235,0.3872427540135761,1.0,0.5582912621359223,0.9705224586320672,0.8443911697678758,0.1737490935460478,off,default,,
TimesNet,beijing_aotizhongxin,full,2,0.0,1186378.0,380.1,5.07,0.1791682555228867,9.0,96.0,24.0,256.0,2.0,0.0005,0.0,4.441146373748779,8.309541702270508,69.04847717285156,27.30301856994629,0.6275232434272766,2.6797850131988525,3.464484453201294,11.719159126281738,15.799630165100098,27.778928756713867,2.679199457168579,3.687245607376098,0.2638952434062958,0.6864435076713562,0.9834385514259338,2.8756356239318848,5.12752103805542,3.847511291503906,7.200814723968506,4.553545475006104,8.486716270446777,5.387672424316406,9.801505088806152,0.7105209088711627,0.3750831648294305,1.0,0.5455425161516787,0.971582688927103,0.855099365460106,0.1737490935460478,off,default,,
TimesNet,beijing_aotizhongxin,full,3,0.0,1186378.0,487.6,5.07,0.1790344613665566,11.0,96.0,24.0,256.0,2.0,0.0005,0.0,4.38035774230957,8.296577453613281,68.83319091796875,27.292951583862305,0.6315179467201233,2.638963460922241,3.399009943008423,11.686379432678224,15.820636749267578,28.562885284423828,2.508168458938598,3.539149284362793,0.2469955086708068,0.6879161596298218,0.9804980754852296,2.6300270557403564,4.656743049621582,3.678832292556762,6.9836955070495605,4.536895275115967,8.568735122680664,5.317941188812256,9.746352195739746,0.7243171380227218,0.3865971064379067,1.0,0.557619952678329,0.9735654915439717,0.8652759735149601,0.1737490935460478,off,default,,
TimesNet,beijing_aotizhongxin,full,4,0.0,1186378.0,385.0,5.01,0.1789453035351939,9.0,96.0,24.0,256.0,2.0,0.0005,0.0,4.457533836364746,8.32751750946045,69.34754943847656,27.42379379272461,0.6281352043151855,2.7046539783477783,3.531249761581421,11.80146312713623,15.82046604156494,28.06195831298828,2.63874888420105,3.697902202606201,0.2598747611045837,0.6852704286575317,0.9791933298110962,2.881662368774414,5.233882904052734,3.8230717182159424,7.187170028686523,4.544478416442871,8.476634979248047,5.424070358276367,9.803898811340332,0.7121102248005802,0.3763744894753377,1.0,0.5469070988358822,0.9714950260768188,0.856884235760823,0.1737490935460478,off,default,,
Crossformer,beijing_aotizhongxin,full,0,0.0,1694628.0,636.0,4.77,0.1744053284300792,11.0,96.0,24.0,256.0,2.0,0.0005,0.0,4.35306978225708,8.118216514587402,65.90544128417969,27.730262756347656,0.6578512191772461,3.1229851245880127,3.982043504714966,11.369830131530762,15.392457008361816,28.33455467224121,2.27093243598938,3.15850830078125,0.2237331867218017,0.6485341191291809,0.928013563156128,2.2320432662963867,3.759466648101807,3.8359375,7.065056324005127,4.518184185028076,8.4088716506958,5.307395458221436,9.46968936920166,0.7487370074933527,0.4088097709402681,1.0,0.5803619187953534,0.976749760722636,0.8895254928810711,0.1737490935460478,off,default,,
Crossformer,beijing_aotizhongxin,full,1,0.0,1694628.0,905.5,4.88,0.1765343124777791,16.0,96.0,24.0,256.0,2.0,0.0005,0.0,4.329830646514893,8.193702697753906,67.13675689697266,28.179845809936523,0.6414514780044556,3.368088722229004,4.164215087890625,11.050997734069824,15.488093376159668,27.903854370117188,2.248819589614868,3.226602554321289,0.221363753080368,0.6514109373092651,0.9562248587608336,2.284210205078125,3.671624660491944,3.669261693954468,6.780459880828857,4.502111911773682,8.509628295898438,5.36531925201416,9.93461799621582,0.7455765047135605,0.4057788944723618,0.9998260990539788,0.5772721796056066,0.9752815103345288,0.8792056598012579,0.1737490935460478,off,default,,
Crossformer,beijing_aotizhongxin,full,2,0.0,1694628.0,600.0,4.53,0.1719027865124832,11.0,96.0,24.0,256.0,2.0,0.0005,0.0,4.210739135742188,7.838041305541992,61.43489074707031,27.169788360595703,0.6650685667991638,2.9729936122894287,3.742992401123047,11.070307731628418,14.882197380065918,26.89852333068848,2.148421287536621,3.061155319213867,0.2116465270519256,0.6512358784675598,0.9375962018966676,2.052969455718994,3.470398664474488,3.5424745082855225,6.58445405960083,4.438625812530518,8.2504243850708,5.225689888000488,9.269097328186035,0.757771331883007,0.4176884188506014,1.0,0.5892527769807763,0.9778069315219894,0.8944940738785307,0.1737490935460478,off,default,,
Crossformer,beijing_aotizhongxin,full,3,0.0,1694628.0,742.5,4.72,0.1669095952425659,13.0,96.0,24.0,256.0,2.0,0.0005,0.0,4.121750354766846,7.805984973907471,60.93339920043945,27.14649772644043,0.6665126085281372,2.93682861328125,3.677371025085449,10.72033977508545,14.819062232971191,26.33034896850586,2.182934761047364,3.119215488433838,0.214869737625122,0.6468960642814636,0.9362091422080994,2.0505118370056152,3.4545907974243164,3.5346779823303223,6.6505327224731445,4.315552234649658,8.086339950561523,5.175332069396973,9.4305419921875,0.7480178873579889,0.4081192334989354,1.0,0.5796657325457149,0.976568923859839,0.890280056711036,0.1737490935460478,off,default,,
Crossformer,beijing_aotizhongxin,full,4,0.0,1694628.0,802.8,4.63,0.1705413783348025,15.0,96.0,24.0,256.0,2.0,0.0005,0.0,4.219572067260742,8.055079460144043,64.88430786132812,27.31448745727539,0.6561559438705444,2.8124489784240723,3.602434635162353,11.226656913757324,15.355609893798828,26.52231788635254,2.185572862625122,3.141854763031006,0.2150869071483612,0.6536078453063965,0.9453518986701964,2.003610134124756,3.4601845741271973,3.4916439056396484,6.638617992401123,4.402997016906738,8.442394256591797,5.329802513122559,9.66706371307373,0.7330795262267343,0.394284303776638,1.0,0.5655723193736846,0.9773614334653252,0.8926816366641209,0.1737490935460478,off,default,,
XAI-MeteoFormer,beijing_aotizhongxin,no_revin,0,0.0,1892219.0,229.3,3.2,0.1590210443705206,16.0,96.0,24.0,256.0,2.0,0.0005,0.01,4.188625335693359,8.260855674743652,68.24173736572266,26.52281188964844,0.6598712205886841,2.060049772262573,2.6960785388946533,11.746868133544922,15.960321426391602,27.72406005859375,2.2811920642852783,3.175980806350708,0.2247096449136734,0.6663928627967834,0.937786102294922,2.012634038925171,3.7066304683685294,3.557393789291382,6.925715923309326,4.405010223388672,8.656913757324219,5.189785480499268,9.755741119384766,0.8957396664249456,0.6294378531709404,0.9724193099610462,0.7642098645638299,0.9747997138512896,0.8743601755940705,0.1737490935460478,off,default,,
XAI-MeteoFormer,beijing_aotizhongxin,no_revin,1,0.0,1892219.0,303.2,3.18,0.1576750565409343,21.0,96.0,24.0,256.0,2.0,0.0005,0.01,4.188346862792969,8.236849784851074,67.84568786621094,26.97481155395508,0.6595627665519714,2.071371793746948,2.629425048828125,11.774564743041992,15.934842109680176,27.86673927307129,2.245107889175415,3.1081314086914062,0.2214058339595794,0.6623412370681763,0.9429863095283508,1.884510397911072,3.512184381484986,3.447458982467652,6.811384677886963,4.384128093719482,8.45970344543457,5.249899387359619,9.880104064941406,0.9247703649987914,0.7224693649190798,0.9207011686143572,0.8096279418286361,0.9764027640547536,0.8871378711822151,0.1737490935460478,off,default,,
XAI-MeteoFormer,beijing_aotizhongxin,no_revin,2,0.0,1892219.0,260.0,3.2,0.1597035905675688,18.0,96.0,24.0,256.0,2.0,0.0005,0.01,4.1526641845703125,8.196582794189453,67.18396759033203,26.91103744506836,0.6614561676979065,2.02210021018982,2.6380209922790527,11.709671020507812,15.849165916442873,26.932796478271484,2.219868898391724,3.113718748092652,0.2187375277280807,0.6590189337730408,0.9409759640693665,1.6856619119644165,3.299386739730835,3.4289846420288086,6.788190841674805,4.343175888061523,8.342079162597656,5.3066606521606445,9.97175121307373,0.8887962291515591,0.6131790744466801,0.975132164718976,0.7529136903163435,0.9757460240694292,0.8814708356161918,0.1737490935460478,off,default,,
XAI-MeteoFormer,beijing_aotizhongxin,no_revin,3,0.0,1892219.0,303.6,3.22,0.1594341710926967,21.0,96.0,24.0,256.0,2.0,0.0005,0.01,4.113217353820801,8.245290756225586,67.98481750488281,26.536386489868164,0.6569384336471558,1.970464110374451,2.5646860599517822,11.577861785888672,15.961660385131836,27.51851463317871,2.234100341796875,3.112126588821411,0.2202250063419342,0.6704416275024414,0.9495657086372375,1.7304401397705078,3.3714029788970947,3.3639519214630127,6.685825347900391,4.352476119995117,8.582586288452148,5.165927410125732,9.717293739318848,0.907251631617114,0.6613928623031354,0.9552378964941568,0.781610176726714,0.9744195961553408,0.8742316638197054,0.1737490935460478,off,default,,
XAI-MeteoFormer,beijing_aotizhongxin,no_revin,4,0.0,1892219.0,303.5,3.19,0.1601346389035542,21.0,96.0,24.0,256.0,2.0,0.0005,0.01,4.109862804412842,8.139829635620117,66.25682830810547,26.521488189697266,0.6552916765213013,1.969870448112488,2.5926969051361084,11.531360626220703,15.731316566467283,27.488527297973633,2.2636942863464355,3.1480863094329834,0.2230560481548309,0.674528956413269,0.9594438076019288,1.8969318866729736,3.54568862915039,3.4410312175750732,6.907730579376221,4.264841079711914,8.346565246582031,5.124127388000488,9.616223335266112,0.9112098138747884,0.67609409053333,0.9386825264329438,0.7860377743152132,0.974711801204725,0.8808015029427007,0.1737490935460478,off,default,,
Crossformer,jena,full,0,0.0,10608420.0,911.0,8.97,0.1502900699797483,14.0,96.0,24.0,256.0,2.0,0.0005,0.0,3.14394211769104,5.2019219398498535,27.05998992919922,22.64963150024414,0.6785923838615417,2.611106634140014,3.194211006164551,6.9872355461120605,9.320083618164062,10.217828750610352,2.1380765438079834,3.120190143585205,0.2160812318325042,0.8393490314483643,1.1989225149154663,1.505604863166809,2.267310857772827,2.628035545349121,4.480627059936523,3.2824769020080566,5.37087345123291,3.9267611503601074,6.159481525421143,0.7748807640686416,0.242587736990722,0.9984227784003652,0.3903353265234923,0.97794609037852,0.7759484816728461,0.0721796807592752,off,256x1024,256.0,1024.0
Crossformer,jena,full,1,0.0,10608420.0,640.3,9.01,0.1515334011092684,10.0,96.0,24.0,256.0,2.0,0.0005,0.0,3.131655216217041,5.211201190948486,27.1566162109375,22.41929244995117,0.671094536781311,2.3669629096984863,2.993690013885498,7.084682941436768,9.382116317749023,10.266900062561035,2.2349064350128174,3.180859327316284,0.2256055623292923,0.8400732278823853,1.2338299751281738,1.5288920402526855,2.2450625896453857,2.612510204315185,4.53978967666626,3.277849674224853,5.400679111480713,3.968427896499634,6.184664726257324,0.7423904707122999,0.2184978669601681,0.997011580127008,0.3584421398194434,0.9764089546025166,0.7696729514085985,0.0721796807592752,off,256x1024,256.0,1024.0
Crossformer,jena,full,2,0.0,10608420.0,703.3,9.18,0.1507357697889055,11.0,96.0,24.0,256.0,2.0,0.0005,0.0,3.1595118045806885,5.249135494232178,27.553422927856445,22.864805221557617,0.6749237179756165,2.67710542678833,3.308375835418701,7.015778541564941,9.39730453491211,10.350565910339355,2.095943689346313,3.085333108901977,0.211635485291481,0.8492210507392883,1.1998846530914309,1.4557697772979736,2.263232469558716,2.6822025775909424,4.551138877868652,3.3641982078552246,5.518226623535156,4.08473014831543,6.336942195892334,0.7725859217716422,0.2406346981679847,0.9976756734321172,0.3877467072098594,0.9795245121264332,0.7799923211580011,0.0721796807592752,off,256x1024,256.0,1024.0
Crossformer,jena,full,3,0.0,10608420.0,766.5,9.25,0.1568342307867582,12.0,96.0,24.0,256.0,2.0,0.0005,0.0,3.213452816009521,5.298388481140137,28.072921752929688,23.38558387756348,0.6660815477371216,2.9699535369873047,3.603881120681762,6.938281059265137,9.40038776397705,10.086311340332031,2.103777408599853,3.0800857543945312,0.2125493884086609,0.8418028950691223,1.2039536237716677,1.6317129135131836,2.465629816055298,2.6855340003967285,4.557143688201904,3.401009321212769,5.5595879554748535,4.12755823135376,6.329677581787109,0.7963132729364395,0.260977522216414,0.9946457477275558,0.4134682574600792,0.9784329189684768,0.7789564272401348,0.0721796807592752,off,256x1024,256.0,1024.0
Crossformer,jena,full,4,0.0,10608420.0,771.3,9.14,0.1525762381525806,12.0,96.0,24.0,256.0,2.0,0.0005,0.0,3.224544048309326,5.223248481750488,27.282325744628903,23.42244529724121,0.6714500188827515,2.9161744117736816,3.526463031768799,6.979907512664795,9.24722385406494,10.372693061828612,2.162954807281494,3.121840715408325,0.2184710502624511,0.8391386866569519,1.1984574794769287,1.5121644735336304,2.2672348022460938,2.844081401824951,4.612675189971924,3.384479761123657,5.410454273223877,3.981600046157837,6.197702884674072,0.8016519269485188,0.2659449125225085,0.993068526127921,0.4195372570336405,0.9784519790117904,0.7733669238514874,0.0721796807592752,off,256x1024,256.0,1024.0
Crossformer,jena,full,0,0.0,7981860.0,769.6,9.2,0.1474757069589679,12.0,96.0,24.0,256.0,2.0,0.0005,0.0,3.1363091468811035,5.197641849517822,27.01548194885254,22.380334854125977,0.6803666353225708,2.3704545497894287,3.043566942214966,7.020945549011231,9.326592445373535,10.346586227416992,2.3023054599761963,3.2220847606658936,0.2323222607374191,0.8515295386314392,1.196446180343628,1.6119329929351809,2.455035448074341,2.6487717628479004,4.501721858978272,3.228384017944336,5.375902652740479,3.899781465530396,6.130308151245117,0.7354819767999233,0.2140954959608824,0.9977171792636864,0.3525408814255334,0.9783920528809396,0.7913624203218891,0.0721796807592752,off,256x512,256.0,512.0
Crossformer,jena,full,1,0.0,7981860.0,696.6,8.19,0.1490896951483397,11.0,96.0,24.0,256.0,2.0,0.0005,0.0,3.0919580459594727,5.23919677734375,27.449180603027344,22.508590698242188,0.6769891381263733,2.395059108734131,3.07308292388916,6.996220111846924,9.447850227355955,9.941203117370604,2.1360371112823486,3.103349208831787,0.2158887386322021,0.8405109643936157,1.2084015607833862,1.4650723934173584,2.2229559421539307,2.5400421619415283,4.485377311706543,3.294631242752075,5.544923305511475,3.9207937717437744,6.17785120010376,0.7334238088390375,0.2128392133260165,0.9980907317478106,0.3508590187853365,0.9779476941277524,0.7634765712408813,0.0721796807592752,off,256x512,256.0,512.0
Crossformer,jena,full,2,0.0,7981860.0,696.2,8.26,0.1531701072343596,11.0,96.0,24.0,256.0,2.0,0.0005,0.0,3.264817953109741,5.350579738616943,28.628705978393555,23.35857009887696,0.6700871586799622,2.694650411605835,3.287419557571411,7.30910062789917,9.61477756500244,11.168806076049805,2.1924760341644287,3.133842945098877,0.2216445207595825,0.8630423545837402,1.2011289596557615,1.8477977514266968,2.587464094161988,2.854006052017212,4.74030876159668,3.521658420562744,5.61896562576294,4.049745082855225,6.314007759094238,0.7733678458441184,0.2411455770563248,0.9967210393060224,0.3883372683463242,0.97807379017595,0.7615299748438852,0.0721796807592752,off,256x512,256.0,512.0
Crossformer,jena,full,3,0.0,7981860.0,824.2,8.1,0.1521362306680662,13.0,96.0,24.0,256.0,2.0,0.0005,0.0,3.246325969696045,5.2148756980896,27.19492721557617,22.52204132080078,0.673477292060852,2.429610252380371,3.044349193572998,7.157070159912109,9.2759428024292,10.5244140625,2.554405450820923,3.4672412872314453,0.2574468851089477,0.8442184925079346,1.2028191089630127,1.6767224073410034,2.421748876571656,2.805304765701294,4.570297718048096,3.387678384780884,5.397141933441162,4.013562202453613,6.157225608825684,0.7596377384718627,0.2305979460600825,0.9972191092848546,0.3745780812734345,0.9786549681112244,0.7869454203665843,0.0721796807592752,off,256x512,256.0,512.0
Crossformer,jena,full,4,0.0,7981860.0,886.6,7.98,0.1508071190520448,14.0,96.0,24.0,256.0,2.0,0.0005,0.0,3.1821863651275635,5.204597473144531,27.087833404541016,22.33388900756836,0.6729183793067932,2.3831026554107666,3.062108039855957,7.022862911224365,9.26638126373291,10.118145942687988,2.4739327430725098,3.4128434658050537,0.2494610399007797,0.8488475680351257,1.2089260816574097,1.5967785120010376,2.372404098510742,2.6606876850128174,4.463061809539795,3.306818723678589,5.370205879211426,4.016154766082764,6.202413082122803,0.7399248633879781,0.2168947710530117,0.9971776034532852,0.3562927755244288,0.9752725694448404,0.757662396764092,0.0721796807592752,off,256x512,256.0,512.0
XAI-MeteoFormer,jena,no_entropy,3,0.0,1892513.0,551.4,6.88,0.1547894372673559,16.0,96.0,24.0,256.0,2.0,0.0005,0.0,3.1670494079589844,5.478418827056885,30.01307487487793,21.91109848022461,0.6571791172027588,1.948367953300476,2.6235039234161377,7.534584999084473,10.005023956298828,10.838797569274902,2.3170626163482666,3.3911614418029785,0.2342206239700317,0.8681804537773132,1.2526198625564575,1.3560372591018677,2.476036787033081,2.666196823120117,4.832380294799805,3.318677425384521,5.673657417297363,4.046173572540283,6.493061065673828,0.7971311475409836,0.2500601601980129,0.9057402565060392,0.3919181034482759,0.924878460431004,0.5084400248869503,0.0721796807592752,off,default,,
XAI-MeteoFormer,jena,no_entropy,4,0.0,1892513.0,619.1,6.92,0.155032978094136,18.0,96.0,24.0,256.0,2.0,0.0005,0.0,3.1630895137786865,5.483166217803955,30.06511306762696,22.047542572021484,0.6599140763282776,1.9596556425094604,2.618093729019165,7.511202335357666,10.03708267211914,10.761905670166016,2.297670841217041,3.333124876022339,0.2320711314678192,0.883832573890686,1.246303677558899,1.2006720304489136,2.171330690383911,2.689040422439575,4.930815696716309,3.3569514751434326,5.771096229553223,4.007596015930176,6.375453472137451,0.8633849822644042,0.3223477715003138,0.8099032914124434,0.4611530598981412,0.9227646339072844,0.440328481514796,0.0721796807592752,off,default,,
XAI-MeteoFormer,beijing_aotizhongxin,no_entropy,0,0.0,1892255.0,314.0,3.57,0.169415819344001,19.0,96.0,24.0,256.0,2.0,0.0005,0.0,4.19189977645874,8.265779495239258,68.32311248779297,27.143787384033203,0.6416326761245728,1.9994746446609497,2.576120615005493,11.818399429321287,15.97667407989502,26.981670379638672,2.2529778480529785,3.2310221195220947,0.2219360321760177,0.6967436671257019,0.9810080528259276,1.9725244045257568,3.818373203277588,3.468977928161621,6.943545818328857,4.439539909362793,8.691960334777832,5.239860534667969,9.772518157958984,0.8845358955765047,0.6261344911463919,0.8326029493600445,0.7147570351571247,0.9481031855045255,0.7520026751919165,0.1737490935460478,off,default,,
XAI-MeteoFormer,beijing_aotizhongxin,no_entropy,1,0.0,1892255.0,280.9,3.52,0.1665227630337607,17.0,96.0,24.0,256.0,2.0,0.0005,0.0,4.118240833282471,8.02841567993164,64.45545196533203,26.58635711669922,0.6469380855560303,1.9786537885665887,2.572826623916626,11.411715507507324,15.461349487304688,27.06482696533203,2.38750958442688,3.344442367553711,0.2352882474660873,0.6950871348381042,0.9817168712615968,1.8360021114349363,3.58768367767334,3.491020441055298,6.906908988952637,4.346461296081543,8.377908706665039,5.148072719573975,9.5015869140625,0.8685218757553783,0.5807457001038902,0.8748956594323873,0.6981003788141591,0.9426286914365188,0.7309554370920209,0.1737490935460478,off,default,,
XAI-MeteoFormer,beijing_aotizhongxin,no_entropy,2,0.0,1892255.0,329.9,3.54,0.1714155976183477,20.0,96.0,24.0,256.0,2.0,0.0005,0.0,4.18644905090332,8.292197227478027,68.76053619384766,26.692846298217773,0.6410170197486877,1.905855178833008,2.5225985050201416,11.9320707321167,16.049034118652344,26.06868362426757,2.2177977561950684,3.184602737426758,0.2185239195823669,0.6900715231895447,0.9825690984725952,1.711346983909607,3.455413818359375,3.405200958251953,6.827425003051758,4.468541145324707,8.744089126586914,5.189761161804199,9.561447143554688,0.8751873338167755,0.6015958247603753,0.833889816360601,0.6989476139113198,0.9439201350254408,0.7490102315113792,0.1737490935460478,off,default,,
XAI-MeteoFormer,beijing_aotizhongxin,no_entropy,3,0.0,1892255.0,346.7,3.56,0.1716323530987226,21.0,96.0,24.0,256.0,2.0,0.0005,0.0,4.248116493225098,8.414129257202148,70.79756927490234,26.935544967651367,0.6407097578048706,1.8894634246826167,2.4662344455718994,12.08555793762207,16.285640716552734,27.1822452545166,2.3270909786224365,3.307561159133911,0.2292597144842147,0.690355658531189,0.9725744128227234,1.7070131301879885,3.446495532989502,3.532841205596924,7.066905498504639,4.518218517303467,8.85639762878418,5.27224588394165,9.799846649169922,0.8803541213439691,0.6218459947195079,0.7945882025598219,0.697683651188713,0.940698304066611,0.7346435039760939,0.1737490935460478,off,default,,
XAI-MeteoFormer,beijing_aotizhongxin,no_entropy,4,0.0,1892255.0,363.6,3.55,0.1685038259203961,22.0,96.0,24.0,256.0,2.0,0.0005,0.0,4.254392623901367,8.368498802185059,70.03176879882812,27.16853904724121,0.641761064529419,1.9523859024047847,2.5553791522979736,12.06422519683838,16.185670852661133,26.472400665283203,2.299999713897705,3.2671568393707275,0.22654590010643,0.7009583711624146,0.9730626344680786,1.7200345993041992,3.359952688217163,3.490736246109009,6.938628673553467,4.535302639007568,8.763189315795898,5.330844879150391,9.877516746520996,0.8882886149383611,0.642837266251113,0.8034571508069004,0.7142282958199357,0.9467451995697472,0.7594178895105875,0.1737490935460478,off,default,,
XAI-MeteoFormer,jena,no_revin+no_multiscale,0,0.0,1755512.0,532.7,5.65,0.144362569098486,22.0,96.0,24.0,256.0,2.0,0.0005,0.01,3.036849975585937,5.249452590942383,27.556751251220703,21.469955444335938,0.6819868087768555,1.867597937583924,2.4620072841644287,7.218311786651611,9.612354278564451,10.694589614868164,2.210848808288574,3.2071645259857178,0.2232794016599655,0.8506423830986023,1.2174910306930542,1.2069082260131836,2.060536623001098,2.5218489170074463,4.57581090927124,3.1746859550476074,5.371511459350586,3.9347243309021,6.28415584564209,0.943216134598792,0.5739914187807758,0.8273357406715643,0.6777626657599456,0.9737068950675114,0.7693238795920162,0.0721796807592752,off,default,,
XAI-MeteoFormer,jena,no_revin+no_multiscale,2,0.0,1755512.0,423.3,5.93,0.1458132421943993,17.0,96.0,24.0,256.0,2.0,0.0005,0.01,3.032197952270508,5.32797384262085,28.387306213378903,21.59221839904785,0.6807368993759155,1.8970694541931152,2.4892022609710693,7.221380233764648,9.797228813171388,10.253168106079102,2.1584975719451904,3.145770311355591,0.2180193364620208,0.8518440127372742,1.2130765914916992,1.302421808242798,2.310849666595459,2.5331227779388428,4.720147132873535,3.212710380554199,5.641255855560303,3.8399484157562256,6.2199883460998535,0.94828216374269,0.6035727283755914,0.8260075540613456,0.6974853237536143,0.9772733561398256,0.7639555217492051,0.0721796807592752,off,default,,
XAI-MeteoFormer,jena,no_revin+no_multiscale,4,0.0,1755512.0,494.0,5.86,0.1449904916128399,20.0,96.0,24.0,256.0,2.0,0.0005,0.01,3.0446126461029053,5.217772960662842,27.225154876708984,21.917552947998047,0.6832830905914307,1.9121580123901367,2.4911141395568848,7.139261245727539,9.510757446289062,10.377274513244627,2.276034355163574,3.282355070114136,0.2297211736440658,0.8509953618049622,1.2110316753387451,1.3860200643539429,2.219160556793213,2.5645415782928467,4.61852502822876,3.1647708415985107,5.406960487365723,3.865957498550415,6.170454025268555,0.9415594142459977,0.5637050619547702,0.8421533225418171,0.675354069931932,0.9743913944448828,0.7581946772207526,0.0721796807592752,off,default,,
XAI-MeteoFormer,jena,no_revin+no_var_attn,1,0.0,1892475.0,563.2,6.6,0.1442866682191295,17.0,96.0,24.0,256.0,2.0,0.0005,0.01,3.036338806152344,5.260632514953613,27.67425537109375,21.29600143432617,0.6841528415679932,1.824950098991394,2.4026095867156982,7.137393951416016,9.63425350189209,10.261813163757324,2.330432891845703,3.2630932331085205,0.2352736890316009,0.8525774478912354,1.2074298858642578,1.35441792011261,2.2475593090057373,2.606571674346924,4.629983425140381,3.151491641998291,5.408266067504883,3.827367782592773,6.140237808227539,0.9382909117054932,0.5446622536867125,0.8845307765741086,0.6741853843720341,0.9784997378772294,0.795463393314006,0.0721796807592752,off,default,,
XAI-MeteoFormer,jena,no_revin+no_var_attn,3,0.0,1892475.0,530.1,6.57,0.1465109597308428,16.0,96.0,24.0,256.0,2.0,0.0005,0.01,3.136157989501953,5.293519020080566,28.02134323120117,23.244112014770508,0.6781179904937744,2.214595079421997,2.8685998916625977,7.309990406036377,9.625082015991213,10.91739273071289,2.155731439590454,3.1233625411987305,0.2178462743759155,0.8643122911453247,1.207848310470581,1.2795361280441284,2.14688491821289,2.6420018672943115,4.62150239944458,3.32857084274292,5.53308629989624,4.007440567016602,6.263479709625244,0.909144017831464,0.4401773376324274,0.9519362470427096,0.6019922044174968,0.9785862561712678,0.7901955643119601,0.0721796807592752,off,default,,
XAI-MeteoFormer,jena,no_revin+no_temp_attn,0,0.0,1892475.0,522.0,6.5,0.1434670338880319,16.0,96.0,24.0,256.0,2.0,0.0005,0.01,3.0534980297088623,5.255873680114746,27.624208450317383,21.85624885559082,0.6828726530075073,1.9397765398025515,2.5307984352111816,7.243130683898926,9.628470420837402,10.644869804382324,2.170915603637696,3.148321866989136,0.2192459553480148,0.8601645827293396,1.2134699821472168,1.4789597988128662,2.432334899902344,2.5960917472839355,4.670352935791016,3.1913609504699707,5.457716464996338,3.876080989837648,6.257376670837402,0.9369936966733774,0.5374785801713586,0.91130203793633,0.6761621729824615,0.9802694109259616,0.8068674534093994,0.0721796807592752,off,default,,
XAI-MeteoFormer,jena,no_revin+no_temp_attn,2,0.0,1892475.0,556.2,6.53,0.1426738572085213,17.0,96.0,24.0,256.0,2.0,0.0005,0.01,2.969289541244507,5.18803596496582,26.91571617126465,21.165769577026367,0.6872221827507019,1.8481340408325195,2.43992567062378,7.023336410522461,9.512866973876951,10.122736930847168,2.154409885406494,3.1211631298065186,0.2175499498844146,0.8512759208679199,1.2138066291809082,1.1943129301071167,2.040672063827514,2.418273687362671,4.424078464508057,3.118893384933472,5.393959999084473,3.8605313301086426,6.193953514099121,0.9433839037484422,0.5683894578868381,0.8960278919188146,0.6955569159390405,0.98077623676045,0.8021533509391854,0.0721796807592752,off,default,,
XAI-MeteoFormer,jena,no_revin+no_temp_attn,4,0.0,1892475.0,587.6,6.55,0.1454913526217874,18.0,96.0,24.0,256.0,2.0,0.0005,0.01,3.087902784347534,5.296975135803223,28.05794715881348,21.793731689453125,0.6753724217414856,2.02363920211792,2.645679712295532,7.198181629180908,9.658607482910156,10.382802963256836,2.26867938041687,3.2322096824646,0.2290443480014801,0.8611117601394653,1.2232236862182615,1.286206841468811,2.086350917816162,2.735459327697754,4.887205600738525,3.229994535446167,5.51359224319458,3.8711910247802734,6.14673376083374,0.949153964145336,0.6111996002373591,0.8122691238118955,0.6975335044197319,0.9763273435814392,0.7687813019847484,0.0721796807592752,off,default,,
XAI-MeteoFormer,jena,no_revin+no_fusion,1,0.0,1761147.0,629.2,6.55,0.1460275956597484,19.0,96.0,24.0,256.0,2.0,0.0005,0.01,3.0486087799072266,5.3043212890625,28.13582420349121,21.85798072814941,0.6831377744674683,1.9563852548599243,2.581373929977417,7.249142646789551,9.737763404846191,10.530847549438477,2.117249727249145,3.0986578464508057,0.2138801366090774,0.8716589212417603,1.2058401107788086,1.12660813331604,2.0047335624694824,2.527027130126953,4.585433483123779,3.251473188400269,5.57762622833252,3.905219793319702,6.261929035186768,0.9315172322883712,0.5145931882686849,0.9030423774540324,0.6555979087882121,0.9775200519457627,0.7883312737965202,0.0721796807592752,off,default,,
XAI-MeteoFormer,jena,no_revin+no_fusion,3,0.0,1761147.0,596.1,6.53,0.1476381724992442,18.0,96.0,24.0,256.0,2.0,0.0005,0.01,3.095864534378052,5.369102478027344,28.827260971069336,21.99736976623535,0.6767992973327637,1.994180679321289,2.615825891494751,7.350889205932617,9.850312232971191,10.737858772277832,2.162638664245605,3.156622648239136,0.2184282541275024,0.8757511973381042,1.2139133214950562,1.1577228307724,1.992055892944336,2.6109414100646973,4.706478118896484,3.2925870418548584,5.6215434074401855,3.925776243209839,6.252270221710205,0.9476380500431406,0.598154138350595,0.8365915411115261,0.697560131510642,0.9778403703151152,0.7819244945460592,0.0721796807592752,off,default,,
XAI-MeteoFormer,jena,no_revin+no_entropy,0,0.0,1892475.0,534.1,6.63,0.1441094644100714,16.0,96.0,24.0,256.0,2.0,0.0005,0.0,3.05269742012024,5.242794513702393,27.486892700195312,21.78580093383789,0.6825234889984131,1.9768086671829224,2.578277349472046,7.197946548461914,9.586581230163574,10.591073036193848,2.1789438724517822,3.150198221206665,0.2200721055269241,0.8570926189422607,1.2139886617660522,1.5334807634353638,2.5345029830932617,2.5845797061920166,4.619537353515625,3.1761722564697266,5.427629470825195,3.900177001953125,6.279167652130127,0.937092560636564,0.5381467695417458,0.9061138089901632,0.6752551809464893,0.9794404311184466,0.7984614829633723,0.0721796807592752,off,default,,
XAI-MeteoFormer,jena,no_revin+no_entropy,2,0.0,1892475.0,566.8,6.59,0.1424733262239425,17.0,96.0,24.0,256.0,2.0,0.0005,0.0,2.966318368911743,5.18766450881958,26.91186141967773,21.154687881469727,0.6880108118057251,1.819867849349976,2.409717321395874,7.036523342132568,9.518421173095703,10.137251853942873,2.1591286659240723,3.125833511352539,0.2180296182632446,0.8497527837753296,1.2122372388839722,1.198796272277832,2.0768191814422607,2.425375938415528,4.44395637512207,3.1107802391052246,5.397815227508545,3.85708212852478,6.201131820678711,0.9425270827341578,0.5638145750461483,0.9000954634126095,0.69333077562504,0.9808670127999642,0.8049362680430612,0.0721796807592752,off,default,,
XAI-MeteoFormer,jena,no_revin+no_entropy,4,0.0,1892475.0,600.8,6.65,0.1449856917927387,18.0,96.0,24.0,256.0,2.0,0.0005,0.0,3.105717658996582,5.281764030456543,27.897031784057617,21.817169189453125,0.6789225339889526,2.0953845977783203,2.686969995498657,7.254155158996582,9.636287689208984,10.671605110168455,2.2054989337921143,3.167907953262329,0.2227305024862289,0.8678283095359802,1.2143657207489014,1.4915872812271118,2.279834985733032,2.702777862548828,4.72979211807251,3.1817164421081543,5.373652935028076,3.861127614974976,6.173888683319092,0.9488783433994824,0.6058169993677175,0.8351388370065994,0.7022301329703696,0.9784928972330718,0.7958931549637865,0.0721796807592752,off,default,,
XAI-MeteoFormer,jena,no_revin+no_cls,1,0.0,1892475.0,862.0,6.62,0.1455073493404345,26.0,96.0,24.0,256.0,2.0,0.0005,0.01,3.0304739475250244,5.324560165405273,28.350940704345703,21.863357543945312,0.672555148601532,1.9095139503479004,2.5461983680725098,7.257522583007812,9.781232833862305,10.664846420288086,2.078625440597534,3.1154444217681885,0.2098784744739532,0.8762320280075073,1.2418023347854614,0.9198117852211,1.7322856187820437,2.47159743309021,4.564774990081787,3.265331983566284,5.601224899291992,3.939772367477417,6.305066108703613,0.5119865065669639,0.070240513226989,0.4708006474909725,0.1222431175605261,0.4942457835380505,0.0743340257790873,0.0721796807592752,off,default,,
XAI-MeteoFormer,jena,no_revin+no_cls,3,0.0,1892475.0,664.3,6.64,0.1458025097114141,20.0,96.0,24.0,256.0,2.0,0.0005,0.01,3.0082342624664307,5.206438064575195,27.10699844360352,21.51660919189453,0.6846701502799988,1.985559701919556,2.604738712310791,7.077544689178467,9.531792640686035,10.362653732299805,2.1129727363586426,3.0511441230773926,0.2134419679641723,0.8568587303161621,1.2160558700561523,1.2105445861816406,1.98710298538208,2.498805284500122,4.504909038543701,3.190315961837769,5.44948148727417,3.819017171859741,6.169529914855957,0.6445540935672515,0.077719420476267,0.3611422404847881,0.1279116775820121,0.5088009058457064,0.0781902817916746,0.0721796807592752,off,default,,
XAI-MeteoFormer,beijing_aotizhongxin,no_revin+no_multiscale,0,0.0,1755256.0,206.6,3.39,0.1581228626515262,17.0,96.0,24.0,256.0,2.0,0.0005,0.01,4.105001926422119,8.129300117492676,66.08552551269531,26.549530029296875,0.6644018888473511,2.052504777908325,2.681128025054932,11.585885047912598,15.71932315826416,27.65634727478028,2.11323356628418,3.028667688369751,0.2082131057977676,0.6683856248855591,0.940009355545044,1.87439227104187,3.5976133346557617,3.4530861377716064,6.863502502441406,4.277200222015381,8.435954093933105,5.112700462341309,9.594060897827148,0.9116509547981628,0.6776358791291669,0.9375,0.7866627754268204,0.975490776023575,0.8840892098763445,0.1737490935460478,off,default,,
XAI-MeteoFormer,beijing_aotizhongxin,no_revin+no_multiscale,2,0.0,1755256.0,233.5,3.37,0.1606571511520831,19.0,96.0,24.0,256.0,2.0,0.0005,0.01,4.191749572753906,8.33557415008545,69.4817886352539,26.88040351867676,0.6450504660606384,2.126197576522827,2.7418785095214844,11.71085262298584,16.10209083557129,29.16907119750977,2.251857280731201,3.19333291053772,0.2217997163534164,0.6780913472175598,0.9667322635650636,1.7579301595687866,3.341348171234131,3.535447359085083,6.894154071807861,4.48508358001709,8.70583438873291,5.202907085418701,9.782703399658203,0.9124365482233504,0.6795769327625283,0.9385781858653311,0.7883497414624171,0.9752317530522644,0.8840786773327286,0.1737490935460478,off,default,,
XAI-MeteoFormer,beijing_aotizhongxin,no_revin+no_multiscale,4,0.0,1755256.0,210.5,3.5,0.1581921451407475,17.0,96.0,24.0,256.0,2.0,0.0005,0.01,4.156689643859863,8.151156425476074,66.44134521484375,26.44121551513672,0.6638490557670593,2.043212652206421,2.635239362716675,11.79312801361084,15.766366004943848,28.72953987121582,2.1307950019836426,3.0593228340148926,0.209867238998413,0.6596275568008423,0.9397655129432678,1.8857715129852293,3.641422033309937,3.6394081115722656,7.113570213317871,4.398201942443848,8.605232238769531,5.106127262115479,9.398839950561523,0.9182922407541696,0.6963213116444537,0.9394476905954368,0.7998164132478569,0.9761709754917348,0.887178304297393,0.1737490935460478,off,default,,
XAI-MeteoFormer,beijing_aotizhongxin,no_revin+no_var_attn,1,0.0,1892219.0,302.2,3.5,0.1568546017028604,19.0,96.0,24.0,256.0,2.0,0.0005,0.01,4.123316764831543,8.177183151245117,66.86631774902344,26.706701278686523,0.6591973900794983,2.0388097763061523,2.6718873977661133,11.633587837219238,15.80244255065918,28.13525581359864,2.1531636714935303,3.116407632827759,0.2120225429534912,0.6677060127258301,0.9471690058708192,1.7516456842422483,3.309790134429932,3.4280896186828613,6.892358303070068,4.266610145568848,8.427538871765137,5.2713303565979,9.781890869140623,0.9029066956731931,0.6475308785559768,0.9682109070673344,0.7760478374196785,0.9760992291414998,0.8860884421458836,0.1737490935460478,off,default,,
XAI-MeteoFormer,beijing_aotizhongxin,no_revin+no_var_attn,3,0.0,1892219.0,285.8,3.58,0.1590502666343022,18.0,96.0,24.0,256.0,2.0,0.0005,0.01,4.068363666534424,8.131296157836914,66.11797332763672,26.29808807373047,0.6668903827667236,1.9654563665390008,2.592341661453247,11.537701606750488,15.741605758666992,27.7583236694336,2.111713171005249,3.0129902362823486,0.2080214172601699,0.6585789918899536,0.93559467792511,1.7392984628677368,3.3658368587493896,3.4179601669311523,6.949321746826172,4.265571117401123,8.36451244354248,5.052186965942383,9.544063568115234,0.9060913705583756,0.6585693710993759,0.9542292710072344,0.7792989831278759,0.9753481956391524,0.882269481282629,0.1737490935460478,off,default,,
XAI-MeteoFormer,beijing_aotizhongxin,no_revin+no_temp_attn,0,0.0,1892219.0,250.4,3.47,0.1597888876739279,16.0,96.0,24.0,256.0,2.0,0.0005,0.01,4.108138084411621,8.07849407196045,65.2620620727539,26.91046905517578,0.6635111570358276,2.132758378982544,2.7377164363861084,11.406306266784668,15.582574844360352,27.429288864135746,2.229166030883789,3.138322830200196,0.2196378707885742,0.6643216013908386,0.9420352578163148,1.8962336778640747,3.334360122680664,3.428297519683838,6.788795471191406,4.353109836578369,8.503509521484375,5.232214450836182,9.604634284973145,0.8952501812907905,0.6281308914624293,0.9733931552587646,0.7635455884760189,0.9770280468790878,0.8875381247811996,0.1737490935460478,off,default,,
XAI-MeteoFormer,beijing_aotizhongxin,no_revin+no_temp_attn,2,0.0,1892219.0,235.3,3.48,0.1610077798172968,15.0,96.0,24.0,256.0,2.0,0.0005,0.01,4.143415451049805,8.092933654785156,65.49557495117188,27.256298065185547,0.6682091951370239,2.075002193450928,2.7482922077178955,11.660175323486328,15.624980926513672,27.11721992492676,2.1626193523406982,3.069530248641968,0.2130534201860427,0.6758671402931213,0.9312127232551576,1.9490716457366943,3.7200448513031006,3.513362169265747,6.972096920013428,4.389224052429199,8.476062774658203,5.162927150726318,9.567298889160156,0.893346627991298,0.6247331880378367,0.9670631608235948,0.7590876206336423,0.974066524502974,0.872022642867456,0.1737490935460478,off,default,,
XAI-MeteoFormer,beijing_aotizhongxin,no_revin+no_temp_attn,4,0.0,1892219.0,297.1,3.45,0.1613480123114649,19.0,96.0,24.0,256.0,2.0,0.0005,0.01,4.226824760437012,8.321647644042969,69.24982452392578,27.35590553283692,0.6540522575378418,2.228395700454712,2.869179010391236,11.745737075805664,16.052597045898438,28.177705764770508,2.258349895477295,3.1921069622039795,0.2224215716123581,0.6748149991035461,0.9443034529685974,2.070072650909424,3.8167455196380615,3.521038293838501,6.938397407531738,4.4281907081604,8.60285472869873,5.380021572113037,10.020381927490234,0.9018370800096688,0.6471598663466516,0.9565595436839176,0.7720140350877193,0.9758978900327868,0.887494381577455,0.1737490935460478,off,default,,
XAI-MeteoFormer,beijing_aotizhongxin,no_revin+no_fusion,1,0.0,1760891.0,237.6,3.54,0.1642686663949457,15.0,96.0,24.0,256.0,2.0,0.0005,0.01,4.241086006164551,8.16628360748291,66.68819427490234,27.970233917236328,0.6563109755516052,2.19806170463562,2.8353471755981445,11.702476501464844,15.712477684020996,26.656822204589844,2.3892276287078857,3.306695938110352,0.2354219555854797,0.674575924873352,0.9473199844360352,2.0522241592407227,3.622414588928223,3.5622174739837646,6.884478092193604,4.424062728881836,8.484457015991211,5.287644386291504,9.671122550964355,0.8892373700749335,0.6136814780882578,0.978471062882582,0.7542864803270997,0.975093166483012,0.8815987859360419,0.1737490935460478,off,default,,
XAI-MeteoFormer,beijing_aotizhongxin,no_revin+no_fusion,3,0.0,1760891.0,285.2,3.52,0.1601166189913556,18.0,96.0,24.0,256.0,2.0,0.0005,0.01,4.137860298156738,8.103228569030762,65.66230773925781,26.09411239624023,0.6600920557975769,2.0299177169799805,2.664306879043579,11.68970012664795,15.65937328338623,28.18253326416016,2.1643099784851074,3.0707736015319824,0.2131641209125518,0.6675105094909668,0.9513698816299438,2.160928964614868,3.795379161834717,3.4368107318878174,6.86436939239502,4.256773471832275,8.314111709594727,5.184338569641113,9.603148460388184,0.8964587865603094,0.6299494429779429,0.9794101279910964,0.7667383668690609,0.978001005679824,0.8959153741568503,0.1737490935460478,off,default,,
XAI-MeteoFormer,beijing_aotizhongxin,no_revin+no_entropy,0,0.0,1892219.0,255.6,3.52,0.1564283394729066,16.0,96.0,24.0,256.0,2.0,0.0005,0.0,4.09857702255249,8.147110939025879,66.37541961669922,26.129541397094727,0.6639442443847656,1.9744175672531128,2.5475478172302246,11.500905990600586,15.75302505493164,27.24085807800293,2.2563369274139404,3.157981634140014,0.2223111242055893,0.6626477241516113,0.938655436038971,1.8686482906341555,3.347128391265869,3.47156286239624,6.925158500671387,4.385064601898193,8.615534782409668,5.1075615882873535,9.585763931274414,0.8982656514382402,0.6365469670233975,0.9660893155258764,0.7674370415394605,0.9758633073657942,0.8820498468816256,0.1737490935460478,off,default,,
XAI-MeteoFormer,beijing_aotizhongxin,no_revin+no_entropy,2,0.0,1892219.0,255.8,3.48,0.1556560170441065,16.0,96.0,24.0,256.0,2.0,0.0005,0.0,4.250194549560547,8.444421768188477,71.30825805664062,26.65117454528809,0.65301913022995,1.9700548648834229,2.570359230041504,12.136222839355469,16.363121032714844,29.312559127807617,2.231144905090332,3.1597909927368164,0.2198226749897003,0.6633585095405579,0.9435719847679138,1.801299214363098,3.3916401863098145,3.5951128005981445,7.201767444610596,4.576930046081543,8.946488380432129,5.364710807800293,10.111705780029297,0.9008158085569252,0.6434533913083916,0.9624721758486366,0.7712760768684067,0.9753103914395826,0.8800699344917615,0.1737490935460478,off,default,,
XAI-MeteoFormer,beijing_aotizhongxin,no_revin+no_entropy,4,0.0,1892219.0,286.6,3.5,0.1575194733057326,18.0,96.0,24.0,256.0,2.0,0.0005,0.0,4.053160667419434,8.10501766204834,65.6913070678711,26.22543907165528,0.6624097228050232,1.925360321998596,2.5486068725585938,11.413962364196776,15.675997734069824,26.97393798828125,2.206516742706299,3.104331016540528,0.2173324078321457,0.6668042540550232,0.9466129541397096,1.7791365385055542,3.4335196018218994,3.385283231735229,6.769814968109131,4.216334819793701,8.292486190795898,5.154556274414063,9.821093559265137,0.9084300217548948,0.6669203387750092,0.9448734001112966,0.7819304330306388,0.9746513592808564,0.8810036243749265,0.1737490935460478,off,default,,
XAI-MeteoFormer,beijing_aotizhongxin,no_revin+no_cls,1,0.0,1892219.0,239.4,3.5,0.1567085829981667,15.0,96.0,24.0,256.0,2.0,0.0005,0.01,4.07280969619751,8.125569343566895,66.02487182617188,25.9064884185791,0.6638651490211487,1.9316983222961424,2.5670831203460693,11.50591278076172,15.709453582763672,26.92819023132324,2.18292498588562,3.136547565460205,0.2149764746427536,0.6707080006599426,0.9406039714813232,1.7154499292373655,3.4070065021514893,3.394395112991333,6.794694900512695,4.299272537231445,8.399953842163086,5.098907947540283,9.572388648986816,0.488856659415035,0.1672546962906455,0.4880356149137451,0.2491300333783112,0.4838800839973621,0.1638840961916887,0.1737490935460478,off,default,,
XAI-MeteoFormer,beijing_aotizhongxin,no_revin+no_cls,3,0.0,1892219.0,286.6,3.5,0.1567020273319486,18.0,96.0,24.0,256.0,2.0,0.0005,0.01,4.123614311218262,8.120561599731445,65.94351959228516,26.550966262817383,0.6613160967826843,2.0561978816986084,2.692939281463623,11.43763256072998,15.655768394470217,26.98472785949707,2.338391065597534,3.245153427124023,0.2303736954927444,0.662237286567688,0.9423612356185912,1.781148910522461,3.332480192184448,3.472220659255981,6.905698776245117,4.324253082275391,8.354476928710938,5.149431228637695,9.667140007019045,0.4760091854000483,0.153709191721237,0.4473775737340011,0.2288057205877121,0.4479176199370944,0.1480238733977935,0.1737490935460478,off,default,,
XAI-MeteoFormer,jena,no_revin+no_multiscale,1,0.0,1755512.0,422.0,6.64,0.1456326544079451,17.0,96.0,24.0,256.0,2.0,0.0005,0.01,3.046790361404419,5.254288673400879,27.6075496673584,21.90239524841309,0.68204665184021,1.943255424499512,2.55157732963562,7.138355731964111,9.599297523498535,10.3450345993042,2.244593858718872,3.210119247436523,0.2265695184469223,0.8609580397605896,1.2117156982421875,1.304202675819397,2.08715558052063,2.533144235610962,4.589105606079102,3.206198215484619,5.490671157836914,3.848088502883911,6.106116771697998,0.9215709184162592,0.4779716144293318,0.9393184742456316,0.6335577609495948,0.9783533207924016,0.7736301652863352,0.0721796807592752,off,default,,
XAI-MeteoFormer,jena,no_revin+no_multiscale,3,0.0,1755512.0,380.8,6.0,0.1450701390328089,15.0,96.0,24.0,256.0,2.0,0.0005,0.01,3.043067455291748,5.246426582336426,27.52499389648437,21.913209915161133,0.6851605176925659,1.9436914920806885,2.5186102390289307,7.202622413635254,9.608860969543455,10.371245384216309,2.178290843963623,3.1576151847839355,0.2200213968753814,0.847662627696991,1.206580638885498,1.2838948965072632,2.1202540397644043,2.552800178527832,4.62902307510376,3.2301025390625,5.59284257888794,3.837052822113037,6.0942864418029785,0.920911825328348,0.4757263157894736,0.937907275972274,0.6312628329585295,0.9781297425495106,0.7842293320017597,0.0721796807592752,off,default,,
XAI-MeteoFormer,jena,no_revin+no_var_attn,0,0.0,1892475.0,616.5,7.03,0.1449268102996082,18.0,96.0,24.0,256.0,2.0,0.0005,0.01,3.026484251022339,5.275092124938965,27.826595306396484,21.31009864807129,0.681915819644928,1.9318945407867432,2.561179876327514,7.200777530670166,9.67359447479248,10.351828575134276,2.1236989498138428,3.1133153438568115,0.2144313603639602,0.8495686650276184,1.2147310972213743,1.120516657829285,1.9732823371887207,2.498873233795166,4.581693172454834,3.256553649902344,5.58342981338501,3.9052772521972656,6.260223388671875,0.9496153293068738,0.611885208083418,0.8256755074087909,0.7028831884672462,0.9769484067125428,0.7854007744557984,0.0721796807592752,off,default,,
XAI-MeteoFormer,jena,no_revin+no_var_attn,2,0.0,1892475.0,649.7,6.97,0.1466297387707117,19.0,96.0,24.0,256.0,2.0,0.0005,0.01,3.217376708984375,5.582960605621338,31.16945075988769,22.31590461730957,0.6696079969406128,1.916020154953003,2.50553297996521,7.899499416351318,10.344114303588867,11.729390144348145,2.204258918762207,3.150453567504883,0.222676008939743,0.849729597568512,1.2141152620315552,1.3950417041778564,2.350348711013794,2.6687498092651367,4.780681133270264,3.415600061416626,5.874466419219971,4.08582878112793,6.5693888664245605,0.9253726871824368,0.4909026122976193,0.9149130452828622,0.6389645776566758,0.9773964770800794,0.7873568716041092,0.0721796807592752,off,default,,
XAI-MeteoFormer,jena,no_revin+no_var_attn,4,0.0,1892475.0,615.7,7.0,0.1453662497251815,18.0,96.0,24.0,256.0,2.0,0.0005,0.01,3.081791877746582,5.236537933349609,27.421327590942383,21.565996170043945,0.6811539530754089,2.0414884090423584,2.657050132751465,7.149361610412598,9.52218246459961,10.442957878112791,2.2678725719451904,3.23872709274292,0.2289417684078216,0.8684413433074951,1.2099950313568115,1.4237442016601562,2.2226369380950928,2.6456923484802246,4.639139175415039,3.2048909664154053,5.407968521118164,3.871680736541748,6.178251266479492,0.9465595340811044,0.5887611749680716,0.8610384759058648,0.6993325242718447,0.9792316996680028,0.8033470104588387,0.0721796807592752,off,default,,
XAI-MeteoFormer,jena,no_revin+no_temp_attn,1,0.0,1892475.0,573.1,6.96,0.146812612759121,17.0,96.0,24.0,256.0,2.0,0.0005,0.01,3.0594828128814697,5.336660861968994,28.47994804382324,21.669384002685547,0.6834565997123718,1.9417238235473635,2.5379889011383057,7.255905628204346,9.81312370300293,10.41645336151123,2.1887741088867188,3.1207287311553955,0.2210990786552429,0.851524293422699,1.2008684873580933,1.3819409608840942,2.273833036422729,2.6484172344207764,4.791802883148193,3.179734468460083,5.489109992980957,3.8314785957336426,6.197611331939697,0.935459807305148,0.531217863963567,0.9005105217283028,0.6682374682374682,0.9785465191344476,0.7880055493536844,0.0721796807592752,off,default,,
XAI-MeteoFormer,jena,no_revin+no_temp_attn,3,0.0,1892475.0,539.5,6.96,0.1437686490408139,16.0,96.0,24.0,256.0,2.0,0.0005,0.01,3.00688910484314,5.192240238189697,26.959360122680664,21.873035430908203,0.6865419149398804,1.918482780456543,2.5223796367645264,7.088718414306641,9.497506141662598,10.25901222229004,2.1571075916290283,3.1315255165100098,0.2179214507341385,0.8632481098175049,1.2107661962509155,1.1590677499771118,2.017159938812256,2.4741885662078857,4.461727142333984,3.161926984786988,5.394659042358398,3.88450026512146,6.2172627449035645,0.9164839181286548,0.4616507215826171,0.9453368198231852,0.6203543559084286,0.9795448434825968,0.797909193951367,0.0721796807592752,off,default,,
XAI-MeteoFormer,jena,no_revin+no_fusion,0,0.0,1761147.0,682.3,7.03,0.1480288596359839,20.0,96.0,24.0,256.0,2.0,0.0005,0.01,3.0937488079071045,5.396238803863525,29.11939239501953,21.61208915710449,0.6761733889579773,1.9779733419418333,2.612877607345581,7.393467426300049,9.91900634765625,10.798038482666016,2.143768310546875,3.128873825073242,0.2165437936782837,0.8597860932350159,1.2140498161315918,1.1164870262145996,1.904184103012085,2.564671039581299,4.654066562652588,3.3242223262786865,5.752603054046631,4.006984233856201,6.433992862701416,0.9550618349151568,0.663302323910779,0.7664881915909185,0.7111718719913737,0.9760305410823,0.7788359458203179,0.0721796807592752,off,default,,
XAI-MeteoFormer,jena,no_revin+no_fusion,2,0.0,1761147.0,513.0,6.98,0.1501138582739189,15.0,96.0,24.0,256.0,2.0,0.0005,0.01,3.133680820465088,5.388892650604248,29.040163040161133,22.04404067993164,0.6753151416778564,1.9770431518554688,2.592639923095703,7.406662464141846,9.87283992767334,10.768892288208008,2.2857232093811035,3.239759922027588,0.2309859097003936,0.8652938008308411,1.2123841047286987,1.2015143632888794,2.027845859527588,2.711830377578736,4.7992682456970215,3.303086519241333,5.582369327545166,3.91886305809021,6.262532234191895,0.9319096922634454,0.5157595769736995,0.9270742539326776,0.6627893175074184,0.9797774304097012,0.7952847344125493,0.0721796807592752,off,default,,
XAI-MeteoFormer,jena,no_revin+no_fusion,4,0.0,1761147.0,648.4,6.98,0.1469710327865388,19.0,96.0,24.0,256.0,2.0,0.0005,0.01,3.08798885345459,5.366061687469482,28.794620513916016,22.117849349975582,0.6770185828208923,2.0061542987823486,2.646566867828369,7.344690799713135,9.837186813354492,10.83355712890625,2.1402649879455566,3.1519126892089844,0.2162306308746338,0.8608469367027283,1.2121858596801758,1.0353987216949463,1.890083074569702,2.624329328536988,4.713860511779785,3.307170391082764,5.671797275543213,3.9400906562805176,6.223819732666016,0.9396780030677788,0.5517764638166501,0.8753579877972855,0.676883575383134,0.9767985637438098,0.7861115938046815,0.0721796807592752,off,default,,
XAI-MeteoFormer,jena,no_revin+no_entropy,1,0.0,1892475.0,583.0,7.05,0.1460652509816374,17.0,96.0,24.0,256.0,2.0,0.0005,0.0,3.076986789703369,5.3177690505981445,28.27866744995117,21.287918090820312,0.6806724667549133,1.9027882814407349,2.5046629905700684,7.210408687591553,9.725407600402832,10.401019096374512,2.345557928085327,3.2872138023376465,0.2367824763059616,0.8491925001144409,1.2049933671951294,1.4518674612045288,2.3932032585144043,2.6647207736968994,4.756443500518799,3.1815693378448486,5.441526412963867,3.8361172676086426,6.150931358337402,0.9450795705109768,0.5820071174377224,0.8485037147719254,0.6904319632544159,0.9782528966596916,0.7908418770007025,0.0721796807592752,off,default,,
XAI-MeteoFormer,jena,no_revin+no_entropy,3,0.0,1892475.0,549.2,6.96,0.1444343632660253,16.0,96.0,24.0,256.0,2.0,0.0005,0.0,3.056818723678589,5.216863632202148,27.21566390991211,22.390893936157227,0.6841867566108704,2.034509658813477,2.648617744445801,7.128994464874268,9.509783744812012,10.402541160583496,2.197624683380127,3.1548898220062256,0.2220034301280975,0.8661472797393799,1.2075459957122805,1.2513242959976196,2.1098058223724365,2.5334479808807373,4.501553058624268,3.19347620010376,5.393950462341309,3.960585832595825,6.272847652435303,0.9162202808934904,0.4608714984437528,0.9464574772755572,0.6198909896562504,0.979582188331064,0.8002918879815643,0.0721796807592752,off,default,,
XAI-MeteoFormer,jena,no_revin+no_cls,0,0.0,1892475.0,718.5,6.99,0.1470009346935618,21.0,96.0,24.0,256.0,2.0,0.0005,0.01,3.079042196273804,5.40077018737793,29.16831970214844,21.61868667602539,0.6746869087219238,1.909868240356445,2.5429816246032715,7.40458345413208,9.94363498687744,10.736849784851074,2.1426448822021484,3.1364448070526123,0.2164512425661087,0.8590741157531738,1.222023844718933,1.088562250137329,1.9658371210098269,2.5582058429718018,4.705978393554688,3.3066506385803223,5.729328632354736,3.897536039352417,6.266726970672607,0.4835975697440322,0.0671423066593491,0.4773170630473581,0.1177247390861489,0.470349098368677,0.0624185070032156,0.0721796807592752,off,default,,
XAI-MeteoFormer,jena,no_revin+no_cls,2,0.0,1892475.0,651.9,7.01,0.1436174516687022,19.0,96.0,24.0,256.0,2.0,0.0005,0.01,3.098524570465088,5.425575733184815,29.43687438964844,21.59280014038086,0.6756469011306763,1.873981595039368,2.485549211502075,7.5257158279418945,10.016666412353516,11.432966232299805,2.129643678665161,3.122596025466919,0.2151555567979812,0.8647543787956238,1.2187408208847046,1.0705962181091309,1.895381450653076,2.643359422683716,4.804794788360596,3.340782165527344,5.780142307281494,3.9388327598571777,6.352014541625977,0.4774230658613747,0.0708205107709524,0.5148383347860375,0.1245131499698855,0.4787636466641044,0.0650827748010351,0.0721796807592752,off,default,,
XAI-MeteoFormer,jena,no_revin+no_cls,4,0.0,1892475.0,788.6,7.05,0.1458625385453164,23.0,96.0,24.0,256.0,2.0,0.0005,0.01,3.0431697368621826,5.303336143493652,28.1253719329834,21.69244956970215,0.6748220324516296,1.9115582704544067,2.5562102794647217,7.25249719619751,9.744735717773438,10.658364295959473,2.1182162761688232,3.0779013633728027,0.2140933126211166,0.8904085755348206,1.2385125160217283,1.0098475217819214,1.8000658750534058,2.525019884109497,4.530040740966797,3.264134168624878,5.540581226348877,3.91527271270752,6.308251857757568,0.4759670693126258,0.0763509300196059,0.5641057568588387,0.1344977733795151,0.5211777567495449,0.0751167107475607,0.0721796807592752,off,default,,
XAI-MeteoFormer,beijing_aotizhongxin,no_revin+no_multiscale,1,0.0,1755256.0,239.2,3.56,0.1579216320913451,19.0,96.0,24.0,256.0,2.0,0.0005,0.01,4.1612162590026855,8.228878021240234,67.71443939208984,26.83041763305664,0.6599324345588684,2.0853400230407715,2.6344218254089355,11.69811725616455,15.919496536254885,26.4954776763916,2.197873592376709,3.098105907440185,0.2166177183389663,0.6635341644287109,0.9428294897079468,2.003669023513794,3.6374592781066895,3.553658962249756,7.02513313293457,4.421002388000488,8.766152381896973,5.146663188934326,9.660308837890623,0.9155668358714044,0.6881747810144633,0.9399693934335004,0.7946019052099259,0.9770574687854569,0.8952206133272118,0.1737490935460478,off,default,,
XAI-MeteoFormer,beijing_aotizhongxin,no_revin+no_multiscale,3,0.0,1755256.0,189.1,3.53,0.1593338946589404,15.0,96.0,24.0,256.0,2.0,0.0005,0.01,4.189424991607666,8.181228637695312,66.9324951171875,27.09368133544922,0.6575645208358765,2.16820764541626,2.864375114440918,11.764573097229004,15.780531883239746,27.34453582763672,2.1387581825256348,3.0985593795776367,0.210645392537117,0.6861634254455566,0.9481664896011353,1.938226580619812,3.669635057449341,3.615917921066284,7.120657920837402,4.485909938812256,8.642422676086426,5.077176570892334,9.506375312805176,0.9037950205462896,0.6524280148246697,0.9551335559265444,0.7752808988764045,0.9757914992024264,0.8817827130740605,0.1737490935460478,off,default,,
XAI-MeteoFormer,beijing_aotizhongxin,no_revin+no_var_attn,0,0.0,1892219.0,310.6,3.74,0.1573637139183038,19.0,96.0,24.0,256.0,2.0,0.0005,0.01,4.339657306671143,8.469898223876953,71.73917388916016,26.734464645385746,0.6510001420974731,1.9936399459838867,2.57311749458313,12.076383590698242,16.356441497802734,28.460824966430664,2.625837564468384,3.4527335166931152,0.2591910660266876,0.6627683043479919,0.9387087821960448,2.096956491470337,3.703047037124634,3.702525138854981,7.070732593536377,4.461169719696045,8.625006675720215,5.451913356781006,10.295079231262209,0.9104000483442108,0.6698958053732217,0.9548205342237062,0.7873747006438845,0.976269209405172,0.8861323121543618,0.1737490935460478,off,default,,
XAI-MeteoFormer,beijing_aotizhongxin,no_revin+no_var_attn,2,0.0,1892219.0,261.4,3.64,0.1560509200201014,16.0,96.0,24.0,256.0,2.0,0.0005,0.01,4.239274978637695,8.464991569519043,71.65607452392578,26.528640747070312,0.6523043513298035,1.9378665685653689,2.534609794616699,12.022224426269531,16.394800186157227,29.107481002807617,2.33650803565979,3.2439026832580566,0.2303204983472824,0.6604974269866943,0.9421562552452089,1.8486584424972528,3.475262403488159,3.5752880573272705,7.15252685546875,4.597508430480957,9.025705337524414,5.295301914215088,10.0398588180542,0.9035653855450808,0.6511935712597494,0.9582637729549248,0.7754355351664743,0.9749018300364456,0.8750819299261978,0.1737490935460478,off,default,,
XAI-MeteoFormer,beijing_aotizhongxin,no_revin+no_var_attn,4,0.0,1892219.0,293.7,3.67,0.1573546759878811,18.0,96.0,24.0,256.0,2.0,0.0005,0.01,4.013404369354248,8.030203819274902,64.48417663574219,25.92141914367676,0.6624091863632202,1.9038052558898928,2.5265920162200928,11.31671142578125,15.52547550201416,27.21938705444336,2.166342735290528,3.099363327026367,0.2133515030145645,0.66676265001297,0.9521714448928832,1.6687504053115845,3.2402548789978027,3.318673610687256,6.693856239318848,4.190040111541748,8.201204299926758,5.157315254211426,9.722512245178224,0.9105088228184676,0.6737358885538416,0.9402824151363384,0.7849997822268036,0.9734534323476134,0.868474717953494,0.1737490935460478,off,default,,
XAI-MeteoFormer,beijing_aotizhongxin,no_revin+no_temp_attn,1,0.0,1892219.0,274.0,3.72,0.1621191940513162,17.0,96.0,24.0,256.0,2.0,0.0005,0.01,4.209045886993408,8.164864540100098,66.66500854492188,26.54505920410156,0.6604853868484497,2.071162939071656,2.66646409034729,11.602434158325195,15.738897323608398,28.27436256408692,2.5045204162597656,3.30961012840271,0.2470466345548629,0.658064067363739,0.9399887323379515,2.0659778118133545,3.512352466583252,3.437874794006348,6.610184192657471,4.390551567077637,8.505828857421875,5.239898204803467,9.654388427734377,0.9057106598984772,0.6553190484065298,0.9647676683361156,0.7804898636766506,0.9774172186726936,0.8927923957744061,0.1737490935460478,off,default,,
XAI-MeteoFormer,beijing_aotizhongxin,no_revin+no_temp_attn,3,0.0,1892219.0,288.9,3.62,0.1592827114887845,18.0,96.0,24.0,256.0,2.0,0.0005,0.01,4.125564098358154,8.078808784484863,65.26715850830078,26.771419525146484,0.6607564687728882,2.287398099899292,2.979445695877075,11.403850555419922,15.551010131835938,26.439353942871097,2.140376091003418,3.076080322265625,0.2107670754194259,0.670630156993866,0.9461950659751892,1.8275574445724487,3.311708688735962,3.3501768112182617,6.6917266845703125,4.305708885192871,8.374467849731445,5.161797046661377,9.508644104003906,0.9124667633550884,0.6778528509810766,0.9456037840845856,0.7896487126239816,0.9762822112761188,0.885806742160703,0.1737490935460478,off,default,,
XAI-MeteoFormer,beijing_aotizhongxin,no_revin+no_fusion,0,0.0,1760891.0,293.7,3.64,0.162742930178203,18.0,96.0,24.0,256.0,2.0,0.0005,0.01,4.2043938636779785,8.08220100402832,65.32197570800781,27.262598037719727,0.6626169085502625,2.146535873413086,2.8288495540618896,11.66696548461914,15.555624961853027,27.310991287231445,2.331369638442993,3.228652238845825,0.2296851724386215,0.6727028489112854,0.9401295185089112,1.84240472316742,3.5394656658172607,3.599475145339966,6.874048709869385,4.474833488464356,8.495595932006836,5.196215152740479,9.556750297546388,0.8935097897026831,0.62421875,0.9726279910962716,0.7604144006961061,0.9740381966636122,0.8746962636762976,0.1737490935460478,off,default,,
XAI-MeteoFormer,beijing_aotizhongxin,no_revin+no_fusion,2,0.0,1760891.0,293.1,3.62,0.1629396711069466,18.0,96.0,24.0,256.0,2.0,0.0005,0.01,4.166694641113281,8.11579418182373,65.86611938476562,27.24262237548828,0.6548548936843872,2.090742349624634,2.678189992904663,11.499494552612305,15.630033493041992,27.121368408203125,2.395359754562378,3.328604459762573,0.2360918819904327,0.6811800599098206,0.9561699032783508,1.8073283433914185,3.305917501449585,3.398022174835205,6.697251319885254,4.425224781036377,8.488468170166016,5.271420478820801,9.577552795410156,0.8821972443799855,0.5987709640250928,0.9760016694490818,0.742204237086408,0.9749600208684798,0.8818041217086439,0.1737490935460478,off,default,,
XAI-MeteoFormer,beijing_aotizhongxin,no_revin+no_fusion,4,0.0,1760891.0,292.7,3.72,0.1624511072408283,18.0,96.0,24.0,256.0,2.0,0.0005,0.01,4.220480442047119,8.187174797058105,67.02983093261719,26.99040412902832,0.6572039723396301,2.133588552474976,2.724205255508423,11.643555641174316,15.774279594421388,28.415246963500977,2.440814733505249,3.31307315826416,0.2405891418457031,0.6639642715454102,0.945336639881134,2.077232360839844,3.53334379196167,3.5873682498931885,6.878518581390381,4.464911937713623,8.575555801391602,5.214564800262451,9.66530990600586,0.8799008943678994,0.593562937357727,0.9794449081803004,0.7391726599821513,0.9761322078467364,0.8859805493671298,0.1737490935460478,off,default,,
XAI-MeteoFormer,beijing_aotizhongxin,no_revin+no_entropy,1,0.0,1892219.0,311.7,3.65,0.1562656532320822,19.0,96.0,24.0,256.0,2.0,0.0005,0.0,4.119253635406494,8.21294116973877,67.45240783691406,26.33227157592773,0.6599942445755005,1.938283920288086,2.5277247428894043,11.754204750061035,15.913039207458496,28.69115447998047,2.114074945449829,3.0494964122772217,0.2082151770591735,0.670451819896698,0.9466050863265992,1.6246405839920044,3.19560170173645,3.37952208518982,6.818903923034668,4.284820079803467,8.443424224853516,5.263443470001221,9.833617210388184,0.910085810974136,0.6699747604695043,0.9509251530328324,0.7861014073978235,0.9758276341930444,0.8872286168972421,0.1737490935460478,off,default,,
XAI-MeteoFormer,beijing_aotizhongxin,no_revin+no_entropy,3,0.0,1892219.0,295.7,3.58,0.1578661842458115,18.0,96.0,24.0,256.0,2.0,0.0005,0.0,4.0231475830078125,8.050531387329102,64.81105041503906,25.940317153930664,0.6681726574897766,1.936681151390076,2.5681264400482178,11.330928802490234,15.572593688964844,26.879507064819336,2.1582818031311035,3.04368543624878,0.2126655578613281,0.6666967868804932,0.9376972317695618,1.6877906322479248,3.233954429626465,3.3177056312561035,6.747377872467041,4.230899333953857,8.307394027709961,5.075980186462402,9.615802764892578,0.9125090645395214,0.6766409266409267,0.950855592654424,0.7906472323442651,0.9757729408904956,0.8837004969560389,0.1737490935460478,off,default,,
XAI-MeteoFormer,beijing_aotizhongxin,no_revin+no_cls,0,0.0,1892219.0,230.4,3.69,0.1571281925349732,14.0,96.0,24.0,256.0,2.0,0.0005,0.01,4.177282810211182,8.094093322753906,65.51434326171875,26.396106719970703,0.6659815907478333,2.16148328781128,2.661834239959717,11.51616668701172,15.609260559082031,27.1194076538086,2.3637120723724365,3.2328271865844727,0.2330797016620636,0.667768657207489,0.9337165355682372,1.964572072029113,3.5142667293548584,3.4773976802825928,6.671769618988037,4.472445487976074,8.543423652648926,5.195128440856934,9.585192680358888,0.4270364998791395,0.1468103761681743,0.4775319977740679,0.2245775880399758,0.4425955686278273,0.1507909012760326,0.1737490935460478,off,default,,
XAI-MeteoFormer,beijing_aotizhongxin,no_revin+no_cls,2,0.0,1892219.0,243.7,3.54,0.1591258870180919,15.0,96.0,24.0,256.0,2.0,0.0005,0.01,4.036276817321777,7.925877094268799,62.81953048706055,26.462966918945312,0.6725595593452454,2.021679639816284,2.566889762878418,11.23739242553711,15.300850868225098,25.97464942932129,2.206224203109741,3.114673137664795,0.2174083590507507,0.6798116564750671,0.9338390827178956,1.7269967794418335,3.2577483654022217,3.377026557922364,6.7648773193359375,4.287827968597412,8.315343856811523,5.133055210113525,9.378052711486816,0.5679840464104423,0.2083128583128583,0.5307804674457429,0.2992000941065757,0.5489313051723161,0.2126273047587771,0.1737490935460478,off,default,,
XAI-MeteoFormer,beijing_aotizhongxin,no_revin+no_cls,4,0.0,1892219.0,226.9,3.53,0.1575528456726924,14.0,96.0,24.0,256.0,2.0,0.0005,0.01,4.128379821777344,8.041419982910156,64.6644287109375,25.849607467651367,0.664080023765564,1.990062952041626,2.6687240600585938,11.390626907348633,15.477469444274902,27.035490036010746,2.474045753479004,3.331881523132324,0.2439074218273162,0.6587842106819153,0.9392175674438475,2.198432207107544,3.9872562885284415,3.457461357116699,6.77455997467041,4.353058338165283,8.402474403381348,5.091484069824219,9.48020076751709,0.5823483200386753,0.1791806432125653,0.3920075125208681,0.2459440292400851,0.522440411438222,0.1899371390556521,0.1737490935460478,off,default,,
Autoformer,jena,full,0,0.0,2677305.0,959.0,12.33,0.2056641102250058,12.0,96.0,24.0,256.0,2.0,0.0005,0.0,3.8905608654022217,6.166906833648682,38.030738830566406,25.03853988647461,0.5541536808013916,2.679753065109253,3.443611860275269,8.224231719970703,10.671184539794922,11.971746444702148,3.69777512550354,4.961958408355713,0.3733890056610107,0.960477888584137,1.3301429748535156,2.852750301361084,4.402598857879639,3.478386878967285,5.566246032714844,3.931591272354126,6.259064674377441,4.623414039611816,7.126098155975342,0.7190256207458537,0.2033843482405815,0.9917403395177022,0.3375454705986226,0.9641631162002002,0.6793583091510969,0.0721796807592752,on,default,,
Autoformer,jena,full,2,0.0,2677305.0,711.2,12.55,0.2103854086615948,9.0,96.0,24.0,256.0,2.0,0.0005,0.0,3.967543840408325,6.268884658813477,39.29891204833984,25.38268661499023,0.5406596064567566,2.7382242679595947,3.482187986373902,8.478636741638184,10.856409072875977,12.510724067687988,3.711841821670532,5.038607120513916,0.3748489618301391,0.9414731860160828,1.349370360374451,3.095054864883423,4.844893455505371,3.5824570655822754,5.719735145568848,3.981306791305542,6.299111843109131,4.670419216156006,7.247876167297363,0.6882969034608379,0.1879181532168034,0.9990868717054746,0.3163365881224291,0.9613518528212848,0.6363905762768705,0.0721796807592752,on,default,,
Autoformer,jena,full,4,0.0,2677305.0,945.8,12.43,0.2088566570598553,12.0,96.0,24.0,256.0,2.0,0.0005,0.0,3.917247772216797,6.214001655578613,38.61381912231445,25.721416473388672,0.5482897162437439,2.8517487049102783,3.605334043502808,8.410658836364746,10.845325469970703,12.171463966369627,3.4484622478485107,4.690446376800537,0.3482342958450317,0.9581272006034852,1.3547898530960083,2.817563056945801,4.362454891204834,3.485104322433472,5.589320659637451,3.940317392349243,6.268365859985352,4.689125061035156,7.308650970458984,0.7252780174479916,0.2078677417403403,0.9983397667372266,0.3440910976639057,0.9618505144980118,0.645336009466696,0.0721796807592752,on,default,,
XAI-MeteoFormer,jena,no_multiscale,4,0.0,1755550.0,488.2,5.9,0.1518170952799097,19.0,96.0,24.0,256.0,2.0,0.0005,0.01,3.115389108657837,5.480447769165039,30.035308837890625,21.61488914489746,0.6636165380477905,1.8829801082611084,2.530062437057495,7.473011016845703,10.079659461975098,10.5664701461792,2.235565662384033,3.255002498626709,0.2259205728769302,0.8700015544891357,1.243162989616394,1.1737501621246338,2.1102383136749268,2.6303961277008057,4.891201972961426,3.278254270553589,5.70685625076294,4.006309509277344,6.488124847412109,0.8348162927811331,0.2826841766303587,0.8380442452164529,0.4227640574126614,0.9188093781996696,0.4610341926856731,0.0721796807592752,off,default,,
XAI-MeteoFormer,jena,no_var_attn,4,0.0,1892513.0,729.7,6.45,0.1576660626824476,22.0,96.0,24.0,256.0,2.0,0.0005,0.01,3.154969930648804,5.455528736114502,29.76279258728028,22.20540428161621,0.659176766872406,1.9383704662323,2.592334508895874,7.542945861816406,9.98329257965088,10.80671501159668,2.259183406829834,3.3303370475769043,0.228246122598648,0.8793824315071106,1.2544735670089722,1.2201530933380127,2.20187783241272,2.614562749862671,4.754037380218506,3.3126652240753174,5.637351512908936,4.083290100097656,6.535313129425049,0.8982450148595532,0.3897032534858777,0.723861702569211,0.5066453627714431,0.9327380869664345,0.5037211303031971,0.0721796807592752,off,default,,
XAI-MeteoFormer,jena,no_temp_attn,4,0.0,1892513.0,605.3,6.51,0.1578950326099081,18.0,96.0,24.0,256.0,2.0,0.0005,0.01,3.188006639480591,5.509171962738037,30.350976943969727,22.01093292236328,0.6542620658874512,1.943446040153504,2.613222599029541,7.534310340881348,10.058526039123535,10.751482009887695,2.385512351989746,3.4386022090911865,0.2408787608146667,0.888759434223175,1.2558053731918335,1.187449336051941,2.1528127193450928,2.736691236495972,4.994065284729004,3.4142301082611084,5.845359325408936,4.0091729164123535,6.376279354095459,0.873840595340811,0.341641764809281,0.8067073423816046,0.4800019757232999,0.9269303678138174,0.4567778409071099,0.0721796807592752,off,default,,
XAI-MeteoFormer,jena,no_fusion,4,0.0,1761185.0,639.1,6.45,0.1570768600918031,19.0,96.0,24.0,256.0,2.0,0.0005,0.01,3.230266094207764,5.587268829345703,31.217575073242188,22.6816349029541,0.6493577361106873,2.096920967102051,2.807074069976806,7.655394554138184,10.223947525024414,11.123059272766112,2.281601428985596,3.2975616455078125,0.2305622696876526,0.8871510028839111,1.2600104808807373,1.273754000663757,2.257145404815674,2.714780569076538,4.854071617126465,3.4980990886688232,6.001765251159668,4.069434642791748,6.463325023651123,0.8680345844118493,0.3233106672333192,0.7578134727929274,0.4532489294358592,0.912176872923497,0.4110797300948948,0.0721796807592752,off,default,,
XAI-MeteoFormer,jena,no_cls,4,0.0,1892513.0,605.1,6.53,0.1547454185183968,18.0,96.0,24.0,256.0,2.0,0.0005,0.01,3.122861623764038,5.440995216369629,29.60443115234375,22.10112953186035,0.6560776829719543,1.963428378105164,2.631843090057373,7.441531658172607,9.976813316345217,10.66457748413086,2.18725323677063,3.214840650558472,0.2210251688957214,0.8992304801940918,1.2724546194076538,0.9735641479492188,1.8189505338668823,2.6326451301574707,4.871559143066406,3.347147226333618,5.6953535079956055,3.996490955352783,6.360457897186279,0.5084393874029336,0.0789996030170702,0.5451375918316523,0.1380005989062081,0.5233233778882612,0.0714432836461931,0.0721796807592752,off,default,,
Autoformer,beijing_aotizhongxin,full,0,0.0,2674742.0,360.9,6.69,0.2271990198889488,9.0,96.0,24.0,256.0,2.0,0.0005,0.0,5.188076972961426,9.152098655700684,83.76091766357422,29.30963134765625,0.5668747425079346,2.980530500411988,3.829766750335693,13.207324028015137,17.137975692749023,31.47397422790528,3.8638415336608887,5.06443977355957,0.3809651136398315,0.7006108164787292,1.008841872215271,4.122032642364502,6.971987724304199,4.64617919921875,8.104887962341309,5.273190498352051,9.220125198364258,6.057554721832275,10.757242202758787,0.715288856659415,0.3789329324577366,0.9994435169727324,0.5495190560878129,0.9637894273106784,0.8292844227256974,0.1737490935460478,on,default,,
Autoformer,beijing_aotizhongxin,full,1,0.0,2674742.0,320.4,6.91,0.2480694804354899,8.0,96.0,24.0,256.0,2.0,0.0005,0.0,5.48073673248291,9.623685836791992,92.61532592773438,30.474571228027344,0.5322921872138977,3.168519973754883,4.067754745483398,13.925426483154297,18.004409790039062,33.59495544433594,4.106044769287109,5.355910778045654,0.4047056138515472,0.7229605913162231,1.0344992876052856,4.573487758636475,7.72162389755249,5.038676261901856,8.758930206298828,5.573551177978516,9.801228523254396,6.233590126037598,10.997966766357422,0.7148235436306503,0.3782052128882254,0.9957220367278798,0.5481909831592452,0.957488690455608,0.8000995908664609,0.1737490935460478,on,default,,
Autoformer,beijing_aotizhongxin,full,3,0.0,2674742.0,357.4,6.66,0.2232415074439115,9.0,96.0,24.0,256.0,2.0,0.0005,0.0,5.304162502288818,9.338180541992188,87.20162200927734,29.81842422485352,0.558956503868103,3.1205155849456787,4.002296447753906,13.530688285827637,17.48805046081543,32.67304992675781,3.850029468536377,5.093105316162109,0.3796399235725403,0.7154228091239929,1.0081952810287476,4.313584804534912,7.341527938842773,4.771303176879883,8.351888656616211,5.420767784118652,9.509485244750977,6.064069271087647,10.676835060119627,0.7229755861735557,0.3853451051953628,0.9988522537562604,0.5561386522075911,0.963172915464592,0.820759063923617,0.1737490935460478,on,default,,
Informer,jena,full,0,0.0,2867513.0,437.7,5.96,0.1717559050384357,12.0,96.0,24.0,256.0,2.0,0.0005,0.0,3.4807753562927246,5.713756561279297,32.64701461791992,23.47345542907715,0.6275192499160767,2.6219193935394287,3.3418872356414795,7.684699535369873,10.15891933441162,10.98047161102295,2.726170301437378,3.828517436981201,0.2752516567707062,0.8903115391731262,1.2484722137451172,1.579930305480957,2.565403461456299,2.975719928741455,5.025267124176025,3.7029354572296143,6.026418209075928,4.343710899353027,6.699383735656738,0.7283967261048797,0.2095876306650611,0.9969700742954384,0.3463615455050144,0.969675333181838,0.7107060392439242,0.0721796807592752,on,default,,
Informer,jena,full,2,0.0,2867513.0,486.7,6.13,0.1712563677467854,12.0,96.0,24.0,256.0,2.0,0.0005,0.0,3.521231412887573,5.73969030380249,32.94404602050781,23.692045211791992,0.6202671527862549,2.6478137969970703,3.394498348236084,7.891059398651123,10.248320579528809,11.703245162963867,2.6667845249176025,3.687329053878784,0.2694178223609924,0.8792647123336792,1.2763683795928955,2.006019830703736,3.268836975097656,3.0167229175567627,5.105923175811768,3.639254093170166,5.894442081451416,4.403923511505127,6.794009685516357,0.7227165420381555,0.2063078058239099,0.9980492259162412,0.3419340618712095,0.9691480324558644,0.712459627154573,0.0721796807592752,on,default,,
Informer,jena,full,4,0.0,2867513.0,434.3,6.22,0.1682604073550745,11.0,96.0,24.0,256.0,2.0,0.0005,0.0,3.4808645248413086,5.71345329284668,32.64354705810547,23.458227157592773,0.6218907237052917,2.568171501159668,3.2504777908325195,7.786994457244873,10.20883846282959,11.41029930114746,2.689759016036988,3.7619800567626953,0.2717576622962951,0.8785353302955627,1.2789406776428225,1.9359418153762813,3.0964038372039795,2.996102094650269,5.01877498626709,3.593623399734497,5.823680400848389,4.304965972900391,6.7453932762146,0.7194300642316173,0.2043188097768331,0.99750965010584,0.3391665137808888,0.9723128857855282,0.7347896869749783,0.0721796807592752,on,default,,
XAI-MeteoFormer,beijing_aotizhongxin,no_multiscale,1,0.0,1755292.0,269.7,3.52,0.1670416578989237,21.0,96.0,24.0,256.0,2.0,0.0005,0.01,4.159735202789307,8.162677764892578,66.62930297851562,26.425317764282227,0.652566134929657,1.9252406358718872,2.566495180130005,11.78748607635498,15.76763153076172,25.78058242797852,2.24835467338562,3.22258734703064,0.221465528011322,0.677860677242279,0.962822675704956,1.7910263538360596,3.4690096378326416,3.4345452785491943,6.829949378967285,4.391218185424805,8.547869682312012,5.296499252319336,9.75599193572998,0.9027677060671984,0.7071391179165031,0.7517042292710072,0.7287409805111605,0.9525563226153207,0.7730696855202597,0.1737490935460478,off,default,,
XAI-MeteoFormer,beijing_aotizhongxin,no_multiscale,3,0.0,1755292.0,256.3,3.57,0.1678436815976252,20.0,96.0,24.0,256.0,2.0,0.0005,0.01,4.118943691253662,8.119468688964844,65.92577362060547,26.55559730529785,0.6546952724456787,1.947084784507752,2.554734468460083,11.554563522338867,15.673624038696287,25.98651885986328,2.29264760017395,3.254572868347168,0.2258830666542053,0.6814793348312378,0.9600889086723328,2.0056796073913574,3.916438817977905,3.3735997676849365,6.842268466949463,4.404919624328613,8.54702377319336,5.169492721557617,9.681451797485352,0.8840584964950448,0.6168980349985336,0.877886755703951,0.7246081414709766,0.9511352805444828,0.7716235966427458,0.1737490935460478,off,default,,
XAI-MeteoFormer,beijing_aotizhongxin,no_var_attn,0,0.0,1892255.0,304.7,3.46,0.1704396229157027,19.0,96.0,24.0,256.0,2.0,0.0005,0.01,4.158666133880615,8.208430290222168,67.37833404541016,26.91830062866211,0.646144449710846,1.982839107513428,2.559307813644409,11.683552742004396,15.85097885131836,27.279762268066406,2.279832363128662,3.280572891235352,0.2245264649391174,0.6884369254112244,0.9733925461769104,2.0152816772460938,3.8975775241851807,3.46762752532959,6.882122039794922,4.343771457672119,8.544243812561035,5.235528469085693,9.800385475158691,0.8893703166545807,0.6520245684510814,0.7790414579855315,0.7098962047381349,0.9458051926376816,0.7473952331498767,0.1737490935460478,off,default,,
XAI-MeteoFormer,beijing_aotizhongxin,no_var_attn,2,0.0,1892255.0,349.6,3.33,0.1725148983609898,22.0,96.0,24.0,256.0,2.0,0.0005,0.01,4.137797355651856,8.147625923156738,66.38380432128906,26.48740768432617,0.6496223211288452,1.895205020904541,2.4838500022888184,11.676414489746094,15.730528831481934,26.5838623046875,2.292227983474731,3.3130128383636475,0.2257678359746933,0.68734210729599,0.9696124196052552,1.792221188545227,3.531175136566162,3.416353225708008,6.779807090759277,4.345963954925537,8.508631706237793,5.274245262145996,9.762469291687012,0.8908629441624365,0.664532808075834,0.7509738452977184,0.7051139703481157,0.9460768493992696,0.7474130074816614,0.1737490935460478,off,default,,
XAI-MeteoFormer,beijing_aotizhongxin,no_var_attn,4,0.0,1892255.0,304.9,3.48,0.1704482035648164,19.0,96.0,24.0,256.0,2.0,0.0005,0.01,4.14821195602417,8.028767585754395,64.46111297607422,26.58635330200196,0.6549123525619507,1.9691507816314693,2.564172744750977,11.556111335754396,15.4615478515625,26.643287658691406,2.383966445922852,3.359017133712769,0.234819695353508,0.6836162209510803,0.9628100395202636,2.0800423622131348,3.96881890296936,3.511547088623047,6.903735637664795,4.376375675201416,8.421518325805664,5.182422637939453,9.513945579528809,0.8719543147208122,0.5898752228163993,0.8632095158597662,0.7008344275488161,0.9424369767342816,0.7413005840674627,0.1737490935460478,off,default,,
XAI-MeteoFormer,beijing_aotizhongxin,no_temp_attn,1,0.0,1892255.0,272.4,3.42,0.1669179001212085,17.0,96.0,24.0,256.0,2.0,0.0005,0.01,4.114558696746826,7.991672992706299,63.86684036254883,26.715579986572266,0.6459488868713379,2.002658605575561,2.5948517322540283,11.352002143859863,15.377902030944824,27.06201934814453,2.405263185501098,3.358960151672364,0.2370464354753494,0.6983129382133484,0.9857125282287598,1.8487924337387085,3.557436943054199,3.491227865219116,6.87649393081665,4.338161468505859,8.322888374328613,5.127469062805176,9.447504043579102,0.8731387478849407,0.5909591803240253,0.8766346688925988,0.7059927454028542,0.944532188313176,0.7320189441977194,0.1737490935460478,off,default,,
XAI-MeteoFormer,beijing_aotizhongxin,no_temp_attn,3,0.0,1892255.0,285.4,3.39,0.1719855554764834,18.0,96.0,24.0,256.0,2.0,0.0005,0.01,4.300717830657959,8.42803955078125,71.03184509277344,27.077856063842773,0.6403601169586182,1.9368146657943728,2.542701482772827,12.29177474975586,16.313552856445312,26.82918930053711,2.2907400131225586,3.253281831741333,0.2256882786750793,0.6835400462150574,0.972736656665802,1.9857757091522217,3.838169097900391,3.5227224826812744,7.095981121063232,4.668909549713135,9.038140296936035,5.129150390625,9.561266899108888,0.8883611312545323,0.6537609957513015,0.7599471341124096,0.7028661498375527,0.9429776820230796,0.731537764696827,0.1737490935460478,off,default,,
XAI-MeteoFormer,beijing_aotizhongxin,no_fusion,0,0.0,1760927.0,271.0,3.51,0.1741735013908505,17.0,96.0,24.0,256.0,2.0,0.0005,0.01,4.262264728546143,8.307104110717773,69.00798034667969,27.35479164123535,0.6297910213470459,2.125077486038208,2.7784316539764404,11.88558292388916,16.003421783447266,27.66532325744629,2.335831642150879,3.347208976745605,0.2300001978874206,0.7025678157806396,0.9994469285011292,1.8715662956237795,3.563544750213623,3.6900885105133057,7.233327865600586,4.517165660858154,8.699017524719238,5.207097053527832,9.686391830444336,0.8841491418902586,0.6583793434059576,0.6926126878130217,0.6750622891913423,0.9356028425306716,0.7249530338205057,0.1737490935460478,off,default,,
XAI-MeteoFormer,beijing_aotizhongxin,no_fusion,2,0.0,1760927.0,334.1,3.48,0.171498653501193,21.0,96.0,24.0,256.0,2.0,0.0005,0.01,4.145926475524902,8.260278701782227,68.23220825195312,26.690155029296875,0.6408197283744812,1.9350733757019043,2.5524518489837646,11.722485542297363,15.968852996826172,27.868785858154297,2.235107898712158,3.231426239013672,0.2201616466045379,0.6910335421562195,0.9835903644561768,1.83370053768158,3.6773622035980233,3.461404323577881,6.983981609344482,4.36742115020752,8.579814910888672,5.193417549133301,9.790569305419922,0.8754653130287648,0.6073330170277822,0.8013703394546466,0.6909881541460489,0.938113208277562,0.7162089513392587,0.1737490935460478,off,default,,
XAI-MeteoFormer,beijing_aotizhongxin,no_fusion,4,0.0,1760927.0,348.9,3.47,0.1683102684463411,22.0,96.0,24.0,256.0,2.0,0.0005,0.01,4.156135559082031,8.181761741638184,66.94123077392578,26.661296844482425,0.6427368521690369,1.935115098953247,2.557600498199463,11.725379943847656,15.800402641296388,26.779756546020508,2.272674083709717,3.2562448978424072,0.2239342778921127,0.6913712620735168,0.983741044998169,1.7723034620285034,3.5325074195861816,3.462817430496216,6.860493183135986,4.447880744934082,8.674461364746094,5.181644439697266,9.581567764282228,0.876655789219241,0.601876053447981,0.856949081803005,0.7071130307509076,0.9432311290937164,0.7507405804647999,0.1737490935460478,off,default,,
XAI-MeteoFormer,beijing_aotizhongxin,no_cls,1,0.0,1892255.0,294.2,3.52,0.1646105118001285,18.0,96.0,24.0,256.0,2.0,0.0005,0.01,4.062010765075684,7.9979963302612305,63.96794891357422,26.19829750061035,0.6555939316749573,1.911563754081726,2.519977569580078,11.304738998413086,15.388731002807615,26.195287704467773,2.353193998336792,3.4326632022857666,0.2316882163286209,0.6785486340522766,0.9619211554527284,1.757832646369934,3.5241310596466064,3.383159875869751,6.771335124969482,4.236495971679688,8.224440574645996,5.153248310089111,9.609865188598633,0.4632402707275804,0.1762613578796469,0.5687604340567612,0.2691209505550115,0.5011481994128568,0.1710845746869499,0.1737490935460478,off,default,,
XAI-MeteoFormer,beijing_aotizhongxin,no_cls,3,0.0,1892255.0,290.7,3.42,0.1672580026008754,18.0,96.0,24.0,256.0,2.0,0.0005,0.01,4.13202428817749,8.08592414855957,65.38217163085938,26.501802444458008,0.6538217067718506,1.9068506956100464,2.5028231143951416,11.622586250305176,15.59367561340332,25.76825714111328,2.322279691696167,3.342857837677002,0.2286755740642547,0.6763815879821777,0.9628565907478333,2.031254768371582,3.983050584793091,3.406512260437012,6.84605598449707,4.257470607757568,8.272647857666016,5.223402976989746,9.607145309448242,0.5706792361614696,0.1710227449516164,0.3823386199220924,0.236332365903472,0.5004701541196447,0.1700012442715815,0.1737490935460478,off,default,,
Transformer,jena,full,0,0.0,2670137.0,232.2,5.22,0.1719209815537775,8.0,96.0,24.0,256.0,2.0,0.0005,0.0,3.5357699394226074,5.907575607299805,34.89944839477539,23.67821311950684,0.6119985580444336,2.461442232131958,3.190126180648804,8.0199556350708,10.620600700378418,11.552938461303713,2.769912004470825,3.871212959289551,0.2799451947212219,0.8917689323425293,1.2796242237091064,2.1116225719451904,3.43342399597168,3.102813959121704,5.340924263000488,3.678653478622437,6.151822090148926,4.240406036376953,6.681910037994385,0.6954181046879494,0.1915399541926453,0.9996679533474452,0.3214826778432563,0.9698617974255536,0.7133304157582537,0.0721796807592752,on,default,,
Transformer,jena,full,2,0.0,2670137.0,262.3,5.4,0.1734666427491746,9.0,96.0,24.0,256.0,2.0,0.0005,0.0,3.5440828800201416,5.850244522094727,34.22536087036133,23.72721672058105,0.613296389579773,2.5135066509246826,3.242151975631714,7.920510292053223,10.428723335266112,11.46595573425293,2.852677583694458,4.002031326293945,0.2880358695983886,0.8896262645721436,1.2709722518920898,1.9514477252960205,3.0934393405914307,3.078080654144287,5.217772006988525,3.714369535446167,6.102430820465088,4.246429443359375,6.635106086730957,0.72390890135174,0.2068986306089053,0.9970945917901464,0.3426888155032346,0.9697214196798518,0.7109820964473692,0.0721796807592752,on,default,,
Transformer,jena,full,4,0.0,2670137.0,239.8,5.51,0.1782375340553044,8.0,96.0,24.0,256.0,2.0,0.0005,0.0,3.634468078613281,5.956155300140381,35.47578430175781,24.469629287719727,0.6017159819602966,2.97156286239624,3.766159057617188,7.961712837219238,10.575448036193848,11.3397798538208,2.7170095443725586,3.7754199504852295,0.274527758359909,0.8875906467437744,1.27485454082489,2.15867018699646,3.389162302017212,3.167005777359009,5.325953960418701,3.8037171363830566,6.239431858062744,4.366144180297852,6.8128342628479,0.7471868708656888,0.2217062993870467,0.9968455568007304,0.362737028114876,0.968798243845794,0.7024106296167877,0.0721796807592752,on,default,,
Informer,beijing_aotizhongxin,full,0,0.0,2865718.0,244.4,3.55,0.2069936672036965,12.0,96.0,24.0,256.0,2.0,0.0005,0.0,5.102687835693359,9.364151000976562,87.68733215332031,30.387598037719727,0.5592041015625,3.181810140609741,4.054705619812012,13.614849090576172,17.79806137084961,31.681602478027344,2.86093807220459,4.056623935699463,0.2818281650543213,0.7531511187553406,1.0399504899978638,2.977064371109009,5.133394241333008,4.073188781738281,7.373720645904541,5.351697444915772,9.68832778930664,6.250373840332031,11.17507266998291,0.7287043751510757,0.3904081688075387,1.0,0.5615734682318014,0.9625808631767748,0.8136192449669601,0.1737490935460478,on,default,,
Informer,beijing_aotizhongxin,full,2,0.0,2865718.0,248.1,3.53,0.203805366971516,12.0,96.0,24.0,256.0,2.0,0.0005,0.0,5.080539703369141,9.21422004699707,84.90184783935547,30.389707565307617,0.5673707723617554,3.4833481311798096,4.356910228729248,13.214754104614258,17.397720336914062,30.55728912353516,2.8809847831726074,4.110302925109863,0.2836410105228424,0.7430708408355713,1.0244640111923218,2.626100778579712,4.539114952087402,4.1122870445251465,7.419522762298584,5.380164623260498,9.591039657592772,6.234393119812012,10.983704566955566,0.7414249456127628,0.4018734708144005,0.999721758486366,0.5732919812120426,0.966721898150468,0.8447436486997739,0.1737490935460478,on,default,,
Informer,beijing_aotizhongxin,full,4,0.0,2865718.0,242.7,3.52,0.2017321711115193,12.0,96.0,24.0,256.0,2.0,0.0005,0.0,4.939189434051514,9.090699195861816,82.64081573486328,29.55838966369629,0.5853734016418457,3.1809070110321045,4.051651954650879,13.017455101013184,17.22533416748047,31.190290451049805,2.8605382442474365,4.0536065101623535,0.2815515697002411,0.6978549361228943,1.0017646551132202,2.833691358566284,4.847043991088867,4.040590286254883,7.388052940368652,5.16120195388794,9.318026542663574,6.0572919845581055,10.826617240905762,0.7357988880831521,0.3967182799260302,0.9998260990539788,0.5680439464896161,0.965329554924974,0.8333772653553091,0.1737490935460478,on,default,,
Transformer,beijing_aotizhongxin,full,1,0.0,2668342.0,125.5,3.15,0.204467512176633,8.0,96.0,24.0,256.0,2.0,0.0005,0.0,5.012986660003662,9.04992389678955,81.90111541748047,29.91103744506836,0.5875040888786316,3.3118364810943604,4.188511848449707,13.122788429260254,17.13007354736328,31.17240333557129,2.892993450164795,3.9524247646331774,0.2850622534751892,0.7243263125419617,0.9999040961265564,3.094302177429199,5.202147960662842,4.699465751647949,8.35400104522705,5.175673007965088,9.277302742004396,5.772626876831055,10.236617088317873,0.738155668358714,0.398879054410255,1.0,0.5702838328341631,0.9686123605961748,0.8470227384913515,0.1737490935460478,on,default,,
Transformer,beijing_aotizhongxin,full,3,0.0,2668342.0,126.9,3.09,0.1987936888951483,8.0,96.0,24.0,256.0,2.0,0.0005,0.0,4.851125717163086,9.028620719909668,81.51599884033203,29.098308563232425,0.5905972719192505,2.812650203704834,3.653308868408203,12.99959659576416,17.21249771118164,31.625986099243164,2.876548290252685,3.928612470626831,0.2833664119243622,0.7157101035118103,1.0066090822219849,2.973194360733032,5.241223335266113,4.352035999298096,8.11965560913086,5.1079583168029785,9.568482398986816,5.610226631164551,10.10806655883789,0.7210962049794537,0.3838462051932447,1.0,0.5547526939811108,0.9694782357761542,0.8496171429794872,0.1737490935460478,on,default,,
LSTM,jena,full,0,0.0,834656.0,159.3,3.18,0.1621175076702795,11.0,96.0,24.0,256.0,2.0,0.0005,0.0,3.364832639694214,5.496388912200928,30.210289001464844,23.43976593017578,0.6526954770088196,2.7817771434783936,3.446985483169556,7.437805652618408,9.798768043518066,10.78603458404541,2.386554479598999,3.3862998485565186,0.2409492433071136,0.85319983959198,1.215153455734253,1.9034881591796875,3.0163583755493164,2.9044480323791504,4.888840198516846,3.519718647003174,5.711830139160156,4.069034099578857,6.323454856872559,0.7858187134502924,0.2517363111637213,0.9974266384427012,0.4020108068320591,0.9760576715364492,0.7570299493840514,0.0721796807592752,off,default,,
LSTM,jena,full,2,0.0,834656.0,158.9,3.25,0.1609529654350713,11.0,96.0,24.0,256.0,2.0,0.0005,0.0,3.3124611377716064,5.356349468231201,28.69047737121582,23.50802993774414,0.6599851250648499,2.846048593521118,3.482895374298096,7.19366979598999,9.491559028625488,10.399399757385254,2.356656551361084,3.327982187271118,0.2379313558340072,0.8534711599349976,1.2108628749847412,1.8793654441833496,2.9464681148529053,2.848872184753418,4.722882270812988,3.4378740787506104,5.512950420379639,4.04556941986084,6.23892068862915,0.7850997028089349,0.2510425703147046,0.9969285684638692,0.4010854137096101,0.9743508984533222,0.749825172264829,0.0721796807592752,off,default,,
LSTM,jena,full,4,0.0,834656.0,163.2,3.14,0.1605181368823133,11.0,96.0,24.0,256.0,2.0,0.0005,0.0,3.251763820648194,5.361481666564941,28.745485305786133,23.049293518066406,0.6642181873321533,2.581015110015869,3.217620611190796,7.229892253875732,9.600090980529783,10.481146812438965,2.336890459060669,3.315593719482422,0.2361117452383041,0.8592579960823059,1.2140499353408811,1.7840954065322876,2.83689546585083,2.815680503845215,4.793665885925293,3.3857262134552,5.564013481140137,3.988771915435791,6.242857456207275,0.7592662496404947,0.230453029780384,0.998256755074088,0.3744599360097153,0.9760841801382242,0.7595090061450002,0.0721796807592752,off,default,,
DLinear,jena,full,1,0.0,4694.0,203.6,3.11,0.1782766996497653,22.0,96.0,24.0,256.0,2.0,0.0005,0.0,3.5023889541625977,5.847133636474609,34.18897247314453,23.75643920898437,0.6022142767906189,2.372061014175415,3.071521043777466,7.716009616851807,10.39718532562256,11.251039505004885,3.00394606590271,4.185044765472412,0.3034550547599792,0.9175410866737366,1.3059639930725098,1.0835708379745483,1.8328442573547363,3.050482988357544,5.168404579162598,3.843949317932129,6.251772880554199,4.2883806228637695,6.748998165130615,0.6908463953599847,0.188808107512668,0.9959739343377744,0.3174388993617091,0.9659138728749606,0.6894161215193859,0.0721796807592752,on,default,,
DLinear,jena,full,3,0.0,4694.0,130.8,3.52,0.1782939947907021,14.0,96.0,24.0,256.0,2.0,0.0005,0.0,3.504456758499145,5.838663101196289,34.089988708496094,23.78843688964844,0.6026774048805237,2.370608329772949,3.071576833724976,7.705111503601074,10.36622714996338,11.23404312133789,3.0275208950042725,4.215209484100342,0.3058464229106903,0.9145813584327698,1.3033431768417358,1.0845494270324707,1.8491637706756592,3.0466110706329346,5.144905090332031,3.8471829891204834,6.255232334136963,4.300275802612305,6.734605312347412,0.6902202569264692,0.1885177010266359,0.9961399576640518,0.3170367630546492,0.9655413528132,0.6883270914869217,0.0721796807592752,on,default,,
DLinear,beijing_aotizhongxin,full,0,0.0,4692.0,79.3,2.17,0.1836178294317821,17.0,96.0,24.0,256.0,2.0,0.0005,0.0,4.435924530029297,8.453821182250977,71.46708679199219,28.530048370361328,0.6160525679588318,2.261425256729126,2.945277452468872,11.94926929473877,16.150922775268555,29.038911819458008,2.826685905456543,3.916204690933228,0.2783842086791992,0.7063148617744446,1.0023682117462158,1.6132057905197144,3.045776128768921,3.921397686004639,7.343613147735596,4.817452430725098,9.003451347351074,5.364119529724121,9.803459167480469,0.7106115542663766,0.3751565762004175,1.0,0.5456201609230302,0.9723306069712612,0.8695258153211569,0.1737490935460478,on,default,,
DLinear,beijing_aotizhongxin,full,1,0.0,4692.0,80.0,2.21,0.1837273384481536,17.0,96.0,24.0,256.0,2.0,0.0005,0.0,4.445602893829346,8.44675064086914,71.34759521484375,28.580230712890625,0.6172126531600952,2.289124727249145,2.975558280944824,11.949018478393556,16.129547119140625,29.101938247680664,2.839688301086426,3.921104669570923,0.2796873152256012,0.7045840620994568,0.9995844960212708,1.658799409866333,3.067617893218994,3.880537509918213,7.318173408508301,4.8326616287231445,9.00136947631836,5.379999160766602,9.798349380493164,0.7111070824268794,0.3755584001671935,1.0,0.546045009970563,0.9719793630034904,0.8686746678459248,0.1737490935460478,on,default,,
DLinear,beijing_aotizhongxin,full,3,0.0,4692.0,63.9,2.22,0.1837947131619891,14.0,96.0,24.0,256.0,2.0,0.0005,0.0,4.447961807250977,8.460162162780762,71.5743408203125,28.54928970336914,0.6166950464248657,2.288828611373902,2.976184844970703,11.959614753723145,16.158710479736328,29.100435256958008,2.838740110397339,3.916094303131104,0.2795873582363128,0.704658031463623,0.9999862909317015,1.6536781787872314,3.115138292312622,3.892832040786743,7.330202579498291,4.83094596862793,8.996603965759277,5.36566972732544,9.814892768859863,0.7108895334783659,0.375381883698462,1.0,0.5458584094317772,0.971859439421494,0.8675892069709359,0.1737490935460478,on,default,,
LSTM,beijing_aotizhongxin,full,0,0.0,833632.0,87.7,1.92,0.1858147291402251,11.0,96.0,24.0,256.0,2.0,0.0005,0.0,4.702040195465088,8.560523986816406,73.2825698852539,28.735361099243164,0.6272836327552795,3.1905245780944824,4.035703659057617,12.143585205078123,16.200069427490234,30.141225814819336,2.802713394165039,3.6728131771087646,0.2762763202190399,0.6713401675224304,0.9547669291496276,3.238091945648194,5.456188678741455,4.13190507888794,7.517220497131348,4.841704845428467,8.878741264343262,5.560558319091797,9.857385635375977,0.755384336475707,0.4153052823157256,1.0,0.5868773154526805,0.9693282277680212,0.8463273221915971,0.1737490935460478,off,default,,
LSTM,beijing_aotizhongxin,full,2,0.0,833632.0,80.5,2.45,0.192394258945538,10.0,96.0,24.0,256.0,2.0,0.0005,0.0,4.633399963378906,8.468832969665527,71.72113037109375,28.835824966430664,0.6234512329101562,3.066148519515991,3.917710065841675,12.085960388183594,16.042343139648438,30.3107852935791,2.7072129249572754,3.6374120712280273,0.2667523324489593,0.6742741465568542,0.9739804863929749,3.1968886852264404,5.605571746826172,4.083887100219727,7.449035167694092,4.764989852905273,8.725418090820312,5.472602367401123,9.691546440124512,0.7534989122552574,0.4134420430524999,1.0,0.5850144971768656,0.9685642741762994,0.8380213218528522,0.1737490935460478,off,default,,
LSTM,beijing_aotizhongxin,full,4,0.0,833632.0,78.4,2.18,0.1871956102055084,10.0,96.0,24.0,256.0,2.0,0.0005,0.0,4.604852676391602,8.36301326751709,69.93998718261719,28.728490829467773,0.630668044090271,2.993048906326294,3.851766586303711,11.933771133422852,15.808789253234863,28.646806716918945,2.814321756362915,3.752267837524414,0.2772066593170166,0.678273618221283,0.9625555276870728,3.108936548233032,5.422886848449707,4.13013219833374,7.443090438842773,4.766227722167969,8.606607437133789,5.43637752532959,9.625516891479492,0.7548706792361615,0.4147271152180191,0.9990261547022816,0.5861323103293474,0.9682149993256416,0.8419744422060886,0.1737490935460478,off,default,,
Autoformer,jena,full,1,0.0,2677305.0,851.1,14.17,0.2047615873157312,10.0,96.0,24.0,256.0,2.0,0.0005,0.0,3.837722778320313,6.103311061859131,37.25040817260742,25.20624732971192,0.5577372312545776,2.745478391647339,3.510030508041382,8.170833587646484,10.59049129486084,11.626370429992676,3.496241331100464,4.76710319519043,0.3531156182289123,0.9383366107940674,1.3407129049301147,2.8197290897369385,4.4198150634765625,3.425200700759888,5.534890174865723,3.8348388671875,6.14011287689209,4.661181449890137,7.12781286239624,0.7166558815070463,0.2027830487033523,0.998007720084672,0.3370762890066448,0.9636464687837444,0.6257075218274251,0.0721796807592752,on,default,,
Autoformer,jena,full,3,0.0,2677305.0,1015.8,12.49,0.2062681624832043,12.0,96.0,24.0,256.0,2.0,0.0005,0.0,3.90605902671814,6.263500213623047,39.2314338684082,25.06312370300293,0.5457741022109985,2.6397573947906494,3.372579574584961,8.5005464553833,10.906757354736328,12.41373062133789,3.534756660461426,4.978215217590332,0.3569934368133545,0.9491746425628662,1.3458869457244873,2.741859674453736,4.315996646881104,3.43119215965271,5.568055152893066,3.958270072937012,6.366913318634033,4.6855998039245605,7.270949840545654,0.7028269101716039,0.1949023781860136,0.9956418876852198,0.3259903512944214,0.9644666473698638,0.6566943702965515,0.0721796807592752,on,default,,
XAI-MeteoFormer,jena,no_multiscale,3,0.0,1755550.0,487.6,6.06,0.152838277037234,18.0,96.0,24.0,256.0,2.0,0.0005,0.01,3.1591615676879883,5.480322360992432,30.033933639526367,22.20238876342773,0.6583753824234009,2.0241827964782715,2.6785695552825928,7.53067684173584,10.036487579345703,10.895560264587402,2.2094571590423584,3.264863967895508,0.223223939538002,0.872328519821167,1.253230333328247,1.1138063669204712,2.0435562133789062,2.6471354961395264,4.8489837646484375,3.355313539505005,5.738606929779053,4.065590858459473,6.465707778930664,0.8247321685360943,0.2766918464294058,0.8848213173950941,0.4215584492628956,0.9263126202682344,0.4885196529469271,0.0721796807592752,off,default,,
XAI-MeteoFormer,jena,no_var_attn,3,0.0,1892513.0,566.1,7.26,0.1548922997463619,16.0,96.0,24.0,256.0,2.0,0.0005,0.01,3.166231632232666,5.479618549346924,30.02622032165528,21.861045837402344,0.6588870882987976,1.961633801460266,2.632995843887329,7.55424165725708,10.034907341003418,10.918937683105469,2.280287027359009,3.302467584609986,0.2304327189922332,0.8687658309936523,1.2516072988510132,1.3555554151535034,2.5570831298828125,2.674511671066284,4.847729206085205,3.3218843936920166,5.652227878570557,4.0362067222595215,6.493149757385254,0.8502420669159237,0.2979888599379027,0.7927198771427385,0.433152654616379,0.9166590529621732,0.4757388442420094,0.0721796807592752,off,default,,
XAI-MeteoFormer,jena,no_temp_attn,3,0.0,1892513.0,564.1,7.22,0.1569181581518395,16.0,96.0,24.0,256.0,2.0,0.0005,0.01,3.222346067428589,5.554245471954346,30.84964370727539,22.203590393066406,0.652756929397583,2.003000259399414,2.655334234237671,7.697839736938477,10.165462493896484,10.981876373291016,2.318693161010742,3.3813722133636475,0.2343573570251464,0.8698525428771973,1.2559709548950195,1.4519870281219482,2.6414480209350586,2.7471022605896,4.963138103485107,3.3718926906585693,5.769323825836182,4.034302234649658,6.460151672363281,0.75879589684594,0.2246913580246913,0.9555887602208112,0.3638331832045386,0.9313018405062424,0.5113875102298563,0.0721796807592752,off,default,,
XAI-MeteoFormer,jena,no_fusion,3,0.0,1761185.0,739.0,7.12,0.1561492666727518,21.0,96.0,24.0,256.0,2.0,0.0005,0.01,3.166725397109986,5.546310901641846,30.76156616210937,22.35687065124512,0.6552844047546387,2.02291226387024,2.7353975772857666,7.553086280822754,10.17315673828125,10.883442878723145,2.2053370475769043,3.240551948547364,0.2228322923183441,0.8855680227279663,1.2528339624404907,1.1462029218673706,2.061767578125,2.657212734222412,4.883920192718506,3.365314245223999,5.850020408630371,4.063014030456543,6.528051376342773,0.8485823506854568,0.3008688319706072,0.8293280205868925,0.4415495447715018,0.9220857760979514,0.4561532695002928,0.0721796807592752,off,default,,
XAI-MeteoFormer,jena,no_cls,3,0.0,1892513.0,563.7,7.1,0.1511907450023573,16.0,96.0,24.0,256.0,2.0,0.0005,0.01,3.1156649589538574,5.4246134757995605,29.426433563232425,21.958892822265625,0.6648038625717163,2.00984263420105,2.6989939212799072,7.440675735473633,9.93559741973877,10.762035369873049,2.1382439136505127,3.18774151802063,0.2160692512989044,0.8739016652107239,1.2423361539840698,1.061764121055603,1.9911640882492063,2.596116542816162,4.702266216278076,3.322694540023804,5.665659427642822,4.01387882232666,6.41354513168335,0.5045087958968459,0.0755236184044509,0.5217283028265471,0.1319470322414725,0.5146057201838218,0.0709765180856541,0.0721796807592752,off,default,,
Autoformer,beijing_aotizhongxin,full,2,0.0,2674742.0,381.4,6.7,0.2330873718753056,9.0,96.0,24.0,256.0,2.0,0.0005,0.0,5.34194278717041,9.415555953979492,88.65269470214844,30.010541915893555,0.5535567998886108,3.1699929237365723,4.042551040649414,13.585363388061523,17.641958236694336,32.18667984008789,3.907104969024658,5.099292755126953,0.3851974010467529,0.7053056955337524,1.0134330987930298,4.361908912658691,7.258259773254394,4.790296077728272,8.396624565124512,5.419833183288574,9.543785095214844,6.328407764434815,11.160534858703612,0.7179115300942712,0.3811487364429476,0.9998260990539788,0.5519035459903623,0.9624153391820788,0.8156997524217611,0.1737490935460478,on,default,,
Autoformer,beijing_aotizhongxin,full,4,0.0,2674742.0,380.9,7.06,0.2390208574639402,9.0,96.0,24.0,256.0,2.0,0.0005,0.0,5.420918941497803,9.554144859313965,91.2816925048828,30.557960510253903,0.5419758558273315,3.2552490234375,4.124273777008057,13.78514003753662,17.900959014892578,32.91141891479492,3.933591604232788,5.159716606140137,0.387776255607605,0.7096930742263794,1.0247613191604614,4.487524509429932,7.5935750007629395,4.970585346221924,8.708780288696289,5.471578121185303,9.639703750610352,6.223108768463135,10.977334022521973,0.7217125936669084,0.3841652046979416,0.9977045075125208,0.5547315394061282,0.9591238191310748,0.8092471111879626,0.1737490935460478,on,default,,
Informer,jena,full,1,0.0,2867513.0,413.4,6.46,0.1734693358881577,10.0,96.0,24.0,256.0,2.0,0.0005,0.0,3.502789258956909,5.770573139190674,33.29951477050781,23.49382209777832,0.6224857568740845,2.5739128589630127,3.281834125518799,7.85899019241333,10.321921348571776,11.445042610168455,2.6983468532562256,3.779598236083984,0.2726538479328155,0.8799077868461609,1.2649987936019895,1.915924906730652,3.117626667022705,3.03446364402771,5.162531852722168,3.634085178375244,5.917524814605713,4.324704170227051,6.762086868286133,0.7270695522960406,0.2085627549733392,0.9951853235379572,0.3448538718214244,0.9700936944181706,0.7235349218952384,0.0721796807592752,on,default,,
Informer,jena,full,3,0.0,2867513.0,434.8,6.36,0.1728175850410809,11.0,96.0,24.0,256.0,2.0,0.0005,0.0,3.450575590133667,5.671579837799072,32.16682052612305,23.483232498168945,0.6265759468078613,2.58685040473938,3.3231618404388428,7.668319702148437,10.093916893005373,11.00441551208496,2.6615006923675537,3.760066509246826,0.2689330279827118,0.8856292963027954,1.2643489837646484,1.6196470260620115,2.597037553787231,2.960458278656006,5.022494316101074,3.6394529342651367,5.8553080558776855,4.329452037811279,6.755714416503906,0.7299605742498322,0.2105161652289782,0.9967210393060224,0.3476133608366807,0.9695769743629246,0.7116050280270942,0.0721796807592752,on,default,,
XAI-MeteoFormer,beijing_aotizhongxin,no_multiscale,0,0.0,1755292.0,303.7,3.62,0.1708015951613673,23.0,96.0,24.0,256.0,2.0,0.0005,0.01,4.165655136108398,8.346487998962402,69.66386413574219,26.65892601013184,0.6429570913314819,1.86760675907135,2.455185413360596,11.922941207885742,16.180036544799805,26.400882720947266,2.187567949295044,3.143368721008301,0.2154756039381027,0.6845060586929321,0.976321280002594,1.8188260793685915,3.585891962051392,3.329674005508423,6.771146297454834,4.3825531005859375,8.687135696411133,5.316202640533447,9.97170352935791,0.8897510273144791,0.6331947472494043,0.8687047857540345,0.7324848236018652,0.9540310244629576,0.7811646695649872,0.1737490935460478,off,default,,
XAI-MeteoFormer,beijing_aotizhongxin,no_multiscale,2,0.0,1755292.0,306.6,3.7,0.1685187616397893,23.0,96.0,24.0,256.0,2.0,0.0005,0.01,4.156503200531006,8.269983291625977,68.39262390136719,26.76947784423828,0.6447265148162842,1.8898239135742188,2.5122437477111816,11.803681373596191,15.976107597351074,26.844194412231445,2.2552413940429688,3.328420400619507,0.2219907939434051,0.6772682666778564,0.971943497657776,1.8644747734069824,3.713300228118897,3.412611722946167,6.909188270568848,4.383663654327393,8.639655113220215,5.176954746246338,9.650606155395508,0.8970087019579406,0.6779429196680952,0.7757721202003339,0.7235657632232008,0.9495624035440408,0.778065611728186,0.1737490935460478,off,default,,
XAI-MeteoFormer,beijing_aotizhongxin,no_multiscale,4,0.0,1755292.0,288.2,3.78,0.1687650098486005,22.0,96.0,24.0,256.0,2.0,0.0005,0.01,4.051909923553467,8.065845489501953,65.05786895751953,26.27354621887207,0.6495292782783508,1.9409713745117188,2.5915119647979736,11.35848331451416,15.548847198486328,25.89028549194336,2.229184627532959,3.286227941513061,0.2194457054138183,0.679000735282898,0.974466860294342,1.727298378944397,3.435718059539795,3.344815731048584,6.821331977844238,4.2900800704956055,8.472363471984863,5.105790138244629,9.503442764282228,0.880668358714044,0.6057793962175496,0.8968071786310517,0.7231094970343677,0.9543422205162002,0.7832003935956833,0.1737490935460478,off,default,,
XAI-MeteoFormer,beijing_aotizhongxin,no_var_attn,1,0.0,1892255.0,318.5,3.73,0.1691225336115023,19.0,96.0,24.0,256.0,2.0,0.0005,0.01,4.069556713104248,7.940291404724121,63.0482292175293,26.54169464111328,0.6561815738677979,1.9904922246932983,2.603527069091797,11.345541954040527,15.295201301574709,26.653114318847656,2.2541565895080566,3.24562931060791,0.2220028340816497,0.6880334615707397,0.9680927395820618,1.7023441791534424,3.2793045043945312,3.446318864822388,6.753862857818604,4.273684024810791,8.247198104858398,5.183881759643555,9.55864429473877,0.8709934735315445,0.5845321276887245,0.8903380634390651,0.7057315358531139,0.946312331106172,0.7496982515423577,0.1737490935460478,off,default,,
XAI-MeteoFormer,beijing_aotizhongxin,no_var_attn,3,0.0,1892255.0,373.3,3.89,0.1713239850593521,22.0,96.0,24.0,256.0,2.0,0.0005,0.01,4.168139457702637,8.258882522583008,68.20913696289062,26.47471046447754,0.6479384899139404,1.8850750923156736,2.4311282634735107,11.808155059814451,15.978612899780272,27.436128616333008,2.292619228363037,3.2669999599456787,0.2259131819009781,0.6867097616195679,0.9679149985313416,1.790900468826294,3.612823009490967,3.376781702041626,6.774056911468506,4.369967937469482,8.507020950317383,5.391191482543945,10.061039924621582,0.883562968334542,0.678445096711071,0.6270520311630495,0.651736977189748,0.934933639186341,0.7226040338636982,0.1737490935460478,off,default,,
XAI-MeteoFormer,beijing_aotizhongxin,no_temp_attn,0,0.0,1892255.0,317.6,3.77,0.1689633837897481,19.0,96.0,24.0,256.0,2.0,0.0005,0.01,4.202820777893066,8.291501998901367,68.7490005493164,27.274188995361328,0.6409813165664673,2.018631219863892,2.59720230102539,11.83807373046875,16.022706985473633,27.16571044921875,2.2585136890411377,3.250085592269897,0.2224733829498291,0.6960617899894714,0.9799895882606506,1.9997317790985107,3.8528079986572266,3.468194007873535,6.962802886962891,4.444762229919434,8.698200225830078,5.269016742706299,9.814748764038086,0.8792542905487067,0.6116841113403112,0.8353853644963829,0.7062438436319264,0.9460065753717124,0.7527779513439808,0.1737490935460478,off,default,,
XAI-MeteoFormer,beijing_aotizhongxin,no_temp_attn,2,0.0,1892255.0,300.9,3.8,0.1715398611556403,18.0,96.0,24.0,256.0,2.0,0.0005,0.01,4.10163688659668,8.038407325744629,64.6159896850586,26.475217819213867,0.6490291357040405,1.9484658241271973,2.559067249298096,11.508051872253418,15.506318092346191,26.20074844360352,2.2671968936920166,3.2420244216918945,0.2233405411243438,0.6828328371047974,0.9790406823158264,1.8575552701950075,3.658168077468872,3.4509823322296143,6.837533950805664,4.322659492492676,8.384554862976074,5.144906997680664,9.529114723205566,0.873120618805898,0.5995635430038511,0.8122217584863661,0.6898762222681752,0.9421288315279706,0.7464097112429987,0.1737490935460478,off,default,,
XAI-MeteoFormer,beijing_aotizhongxin,no_temp_attn,4,0.0,1892255.0,319.1,3.7,0.1702804631202454,19.0,96.0,24.0,256.0,2.0,0.0005,0.01,4.114791870117188,8.05430793762207,64.87187194824219,26.63939666748047,0.6503046154975891,1.980556607246399,2.610288619995117,11.468017578125,15.515296936035156,26.79524040222168,2.3204762935638428,3.317224740982056,0.2285890281200409,0.6901143789291382,0.9723434448242188,1.9249908924102783,3.7312240600585938,3.461398124694824,6.914996147155762,4.35742712020874,8.46595573425293,5.134362697601318,9.470507621765137,0.8639110466521635,0.5670568993716105,0.9164579855314412,0.7006115394841798,0.9450353058755552,0.7379873174259065,0.1737490935460478,off,default,,
XAI-MeteoFormer,beijing_aotizhongxin,no_fusion,1,0.0,1760927.0,368.4,3.68,0.1717613747611241,22.0,96.0,24.0,256.0,2.0,0.0005,0.01,4.210930347442627,8.339032173156738,69.53945922851562,26.859134674072266,0.635634183883667,1.9730769395828247,2.620856046676636,11.938944816589355,16.111356735229492,27.82229804992676,2.2424018383026123,3.2767140865325928,0.2208376079797744,0.689299464225769,0.9880781769752502,1.6666139364242554,3.3279271125793457,3.591892004013061,7.154341697692871,4.434065818786621,8.684348106384277,5.216638088226318,9.785815238952637,0.8699722020788011,0.5942572761145418,0.793231775180857,0.6794774396329565,0.9340864917320624,0.6854225388651429,0.1737490935460478,off,default,,
XAI-MeteoFormer,beijing_aotizhongxin,no_fusion,3,0.0,1760927.0,354.1,3.71,0.1683358640525768,21.0,96.0,24.0,256.0,2.0,0.0005,0.01,4.202835559844971,8.266496658325195,68.33496856689453,26.76547813415528,0.6436396837234497,1.9227259159088133,2.5343594551086426,11.940317153930664,15.98491382598877,26.786598205566406,2.250502347946167,3.231882333755493,0.2216866016387939,0.6977934241294861,0.9768866896629332,1.7972908020019531,3.593129873275757,3.5589184761047363,7.150426387786865,4.488230228424072,8.683627128601074,5.154525279998779,9.602089881896973,0.8923313995649022,0.6745522459534528,0.7348706176961602,0.7034207240948814,0.9432633754532392,0.7473246731600339,0.1737490935460478,off,default,,
XAI-MeteoFormer,beijing_aotizhongxin,no_cls,0,0.0,1892255.0,240.2,3.68,0.1701928301479811,14.0,96.0,24.0,256.0,2.0,0.0005,0.01,4.226491928100586,8.25778865814209,68.19107055664062,26.98578834533692,0.6436935663223267,1.9784303903579712,2.619247436523437,11.846508026123049,15.919960975646973,26.905906677246097,2.3918042182922363,3.393226861953736,0.235549196600914,0.689228892326355,0.9719357490539552,2.029612302780152,3.912431478500366,3.547131299972534,6.946663856506348,4.647849559783936,8.930815696716309,5.135817050933838,9.703343391418455,0.5034384819917815,0.184571961689715,0.5435795770728993,0.2755732660959719,0.5233303448998596,0.1770660148719315,0.1737490935460478,off,default,,
XAI-MeteoFormer,beijing_aotizhongxin,no_cls,2,0.0,1892255.0,272.3,3.8,0.1676023269090323,16.0,96.0,24.0,256.0,2.0,0.0005,0.01,4.1753363609313965,8.065549850463867,65.05309295654297,26.75837516784668,0.6497122049331665,1.970852971076965,2.578564167022705,11.64010524749756,15.520570755004885,26.558897018432617,2.3993189334869385,3.425376892089844,0.2362446784973144,0.6910708546638489,0.970578908920288,1.9353834390640257,3.70710563659668,3.633518934249878,7.119077682495117,4.459061622619629,8.567055702209473,5.106335639953613,9.38204860687256,0.5349709934735315,0.1840977310560878,0.4884877573734001,0.26741429700218,0.5234157396151821,0.1768123076317494,0.1737490935460478,off,default,,
XAI-MeteoFormer,beijing_aotizhongxin,no_cls,4,0.0,1892255.0,290.6,3.81,0.1660708625266641,17.0,96.0,24.0,256.0,2.0,0.0005,0.01,4.137753486633301,8.179463386535645,66.90361785888672,26.57889175415039,0.6500129699707031,1.9217103719711304,2.545076847076416,11.670208930969238,15.789024353027344,25.955432891845703,2.2716217041015625,3.30314302444458,0.2236693650484085,0.6874702572822571,0.96591979265213,1.721580982208252,3.429344892501831,3.405267238616944,6.875728607177734,4.398516654968262,8.545452117919922,5.124491214752197,9.514265060424805,0.4559705100314237,0.1763469258398478,0.5805856983861992,0.2705247463779859,0.5046610369331136,0.1774593894198469,0.1737490935460478,off,default,,
Transformer,jena,full,1,0.0,2670137.0,247.0,5.73,0.1749954351123887,8.0,96.0,24.0,256.0,2.0,0.0005,0.0,3.568941116333008,5.878807067871094,34.56037521362305,23.976343154907227,0.6103373765945435,2.6518120765686035,3.4209582805633545,7.953985691070557,10.501495361328123,11.467203140258787,2.758390426635742,3.824082851409912,0.278562992811203,0.9115778207778932,1.2781023979187012,2.0770843029022217,3.268853664398194,3.069336175918579,5.203847885131836,3.767600059509277,6.214038848876953,4.279191493988037,6.644047737121582,0.7258861806154732,0.2083037615330021,0.9989208483791971,0.3447228767250825,0.9698768282273352,0.6974776139096553,0.0721796807592752,on,default,,
Transformer,jena,full,3,0.0,2670137.0,251.7,5.81,0.1807368500267631,8.0,96.0,24.0,256.0,2.0,0.0005,0.0,3.6119801998138414,5.945000171661377,35.3430290222168,24.27735710144043,0.6021595001220703,2.8412184715271,3.625356674194336,7.938577175140381,10.588292121887209,11.31862735748291,2.7402148246765137,3.803967237472534,0.2767893970012665,0.9279130697250366,1.2832791805267334,2.176007032394409,3.480753183364868,3.2223339080810547,5.552509307861328,3.755782127380371,6.21070671081543,4.299497127532959,6.66921329498291,0.7311559294410891,0.211458159345248,0.998381272568796,0.3489981573640149,0.9708836040049188,0.7165798829334306,0.0721796807592752,on,default,,
Informer,beijing_aotizhongxin,full,1,0.0,2865718.0,205.1,3.76,0.2055593854581356,10.0,96.0,24.0,256.0,2.0,0.0005,0.0,5.099830150604248,9.10957145690918,82.98429107666016,30.584829330444336,0.5868749618530273,3.579195737838745,4.438105583190918,13.231225967407228,17.182296752929688,30.976306915283203,2.878988027572632,4.003762722015381,0.2836060523986816,0.7099078893661499,0.9894731044769288,3.612439155578613,6.05660343170166,4.378421783447266,7.837105751037598,5.261456489562988,9.301081657409668,6.152368068695068,10.875936508178713,0.7403734590282813,0.4009120194117893,0.9998956594323872,0.5723415056589124,0.9666586700568875,0.8375045340572851,0.1737490935460478,on,default,,
Informer,beijing_aotizhongxin,full,3,0.0,2865718.0,170.8,3.81,0.2073325460371381,8.0,96.0,24.0,256.0,2.0,0.0005,0.0,4.9410576820373535,8.878715515136719,78.83158874511719,29.198318481445312,0.5877711772918701,2.942903757095337,3.804911851882935,12.83829116821289,16.759075164794922,31.010311126708984,3.2668397426605225,4.3552021980285645,0.3217679858207702,0.7162001729011536,1.0072274208068848,3.638104200363159,6.205870628356934,4.351959228515625,7.872644424438477,4.9185404777526855,8.831611633300781,5.815405368804932,10.310098648071287,0.7199178148416727,0.382849533954727,1.0,0.5537110503408696,0.9660455682352758,0.8418229140932545,0.1737490935460478,on,default,,
Transformer,beijing_aotizhongxin,full,0,0.0,2668342.0,130.0,3.47,0.2000289025966981,8.0,96.0,24.0,256.0,2.0,0.0005,0.0,4.847573757171631,8.825247764587402,77.88500213623047,29.38768768310547,0.5978139638900757,3.138589382171631,3.9972856044769287,12.692129135131836,16.707786560058594,30.520078659057617,2.8543334007263184,3.926342725753784,0.2812865376472473,0.7052443027496338,0.9976993799209596,3.054147243499756,5.249405384063721,4.343219757080078,7.964442729949951,5.007739543914795,9.0603609085083,5.7166948318481445,10.093790054321287,0.7296350012086052,0.3912262559190116,1.0,0.5624193106685967,0.9691344008627164,0.8480124228539949,0.1737490935460478,on,default,,
Transformer,beijing_aotizhongxin,full,2,0.0,2668342.0,130.2,3.44,0.2037869590087946,8.0,96.0,24.0,256.0,2.0,0.0005,0.0,4.907338619232178,8.92302131652832,79.62030792236328,29.71685218811035,0.5910743474960327,3.105071783065796,4.027413368225098,12.920735359191896,16.892396926879883,30.546396255493164,2.881751775741577,3.9876108169555664,0.283904880285263,0.7217949032783508,1.003510594367981,3.0041863918304443,5.32517671585083,4.400796890258789,8.124988555908203,5.314926624298096,9.48248291015625,5.588408946990967,9.906926155090332,0.7325356538554508,0.3937982797348381,1.0,0.5650721276679376,0.969951616388689,0.8578862957422143,0.1737490935460478,on,default,,
Transformer,beijing_aotizhongxin,full,4,0.0,2668342.0,148.8,3.45,0.2045168725656555,9.0,96.0,24.0,256.0,2.0,0.0005,0.0,4.854166507720947,8.785988807678223,77.193603515625,29.56598663330078,0.593333899974823,3.3399105072021484,4.217663288116455,12.57302474975586,16.588172912597656,30.23504638671875,2.79288101196289,3.847366333007813,0.2749620378017425,0.7108522057533264,1.0080064535140991,2.990853309631348,5.064550876617432,4.162764072418213,7.639325141906738,5.025217056274414,9.059503555297852,5.752992630004883,10.091385841369627,0.7436185641769398,0.4039450391975048,1.0,0.5754428099669768,0.9712270908219308,0.8596873380320992,0.1737490935460478,on,default,,
LSTM,jena,full,1,0.0,834656.0,169.8,3.37,0.1611355436128403,11.0,96.0,24.0,256.0,2.0,0.0005,0.0,3.3011691570281982,5.418949604034424,29.36501693725586,23.19215202331543,0.6586170792579651,2.7060248851776123,3.3652102947235107,7.261935710906982,9.66633129119873,10.419668197631836,2.383962631225586,3.350371837615967,0.2407412528991699,0.8527504801750183,1.213469386100769,1.848673939704895,2.9276514053344727,2.8529109954833984,4.816601753234863,3.428096055984497,5.551198959350586,4.040201187133789,6.269602298736572,0.7703689722941233,0.2390155728587319,0.998879342547628,0.3857318021173095,0.9762660842205412,0.7677359052633594,0.0721796807592752,off,default,,
LSTM,jena,full,3,0.0,834656.0,156.2,3.36,0.1627228099981967,10.0,96.0,24.0,256.0,2.0,0.0005,0.0,3.35297966003418,5.41748571395874,29.349151611328125,23.420419692993164,0.6562733054161072,2.7677271366119385,3.3792426586151123,7.334206581115723,9.634824752807615,10.670599937438965,2.441337823867798,3.41567325592041,0.2465291023254394,0.8686469793319702,1.2168248891830444,1.9919358491897583,3.1327600479125977,2.932589292526245,4.846637725830078,3.455228567123413,5.553865432739258,4.067893028259277,6.29203987121582,0.7766603154060013,0.2440600588414324,0.998505790063504,0.3922454203794135,0.9778540108613784,0.7647344693818656,0.0721796807592752,off,default,,
DLinear,jena,full,0,0.0,4694.0,152.2,3.31,0.1784331608857123,16.0,96.0,24.0,256.0,2.0,0.0005,0.0,3.503378629684448,5.84556770324707,34.17066192626953,23.788129806518555,0.602002739906311,2.3702855110168457,3.0743441581726074,7.713346004486084,10.387795448303224,11.23631763458252,3.013901710510254,4.1975812911987305,0.3044743537902832,0.9159809947013856,1.305790662765503,1.075946807861328,1.8359713554382324,3.040761709213257,5.143702030181885,3.837532758712769,6.253796100616455,4.306796073913574,6.747034549713135,0.6909632345892053,0.1888317760687662,0.9956833935167893,0.3174575867453617,0.965593992281638,0.6885473890900764,0.0721796807592752,on,default,,
DLinear,jena,full,2,0.0,4694.0,109.0,3.38,0.1784813090408728,12.0,96.0,24.0,256.0,2.0,0.0005,0.0,3.5133635997772217,5.850565910339356,34.229122161865234,23.757551193237305,0.6021789312362671,2.3894238471984863,3.094223976135254,7.719161987304687,10.386160850524902,11.260443687438965,3.030858278274536,4.216061592102051,0.3061827421188354,0.9140075445175172,1.3018286228179932,1.1221877336502075,1.906787395477295,3.065035581588745,5.174731254577637,3.843865156173706,6.25165319442749,4.29925012588501,6.7462477684021,0.6918679896462467,0.1893013531105763,0.9958494168430664,0.3181293838422678,0.9653579763881706,0.6867600128372058,0.0721796807592752,on,default,,
DLinear,jena,full,4,0.0,4694.0,137.7,3.07,0.1783073961618035,15.0,96.0,24.0,256.0,2.0,0.0005,0.0,3.500572919845581,5.844238758087158,34.155128479003906,23.75208282470703,0.6021604537963867,2.360952138900757,3.065801858901977,7.708097457885742,10.388748168945312,11.232718467712402,3.015830993652344,4.193933010101318,0.304661363363266,0.9174081683158876,1.3062355518341064,1.0806503295898438,1.835138797760009,3.054405689239502,5.156906604766846,3.830979585647583,6.243340969085693,4.291776657104492,6.759430885314941,0.6904988735499952,0.1886212480935834,0.9958494168430664,0.3171684457516772,0.9657739633278084,0.6881355237451428,0.0721796807592752,on,default,,
DLinear,beijing_aotizhongxin,full,2,0.0,4692.0,62.0,2.04,0.1835834386340277,14.0,96.0,24.0,256.0,2.0,0.0005,0.0,4.441452980041504,8.454724311828613,71.48236083984375,28.526586532592773,0.6173042058944702,2.273618698120117,2.960232973098755,11.952281951904297,16.151779174804688,29.14043617248535,2.8357067108154297,3.909946203231812,0.2792868614196777,0.704200029373169,0.9994103312492372,1.6427816152572632,3.09096360206604,3.914796829223633,7.339619159698486,4.816012382507324,8.995780944824219,5.378652572631836,9.820279121398926,0.7105571670292482,0.3751125259298882,1.0,0.5455735714082409,0.9721421134200386,0.8689873476839173,0.1737490935460478,on,default,,
DLinear,beijing_aotizhongxin,full,4,0.0,4692.0,71.5,2.1,0.1833377134792918,16.0,96.0,24.0,256.0,2.0,0.0005,0.0,4.430727481842041,8.446456909179688,71.34263610839844,28.4731388092041,0.6170070171356201,2.2413928508758545,2.9266748428344727,11.939557075500488,16.13922119140625,29.03824234008789,2.83667254447937,3.915181159973145,0.2793767154216766,0.7052907943725586,1.001037359237671,1.6153076887130735,3.0497593879699707,3.902114391326904,7.32582426071167,4.805600643157959,8.99045467376709,5.366302967071533,9.802170753479004,0.7100918540004835,0.3747360738211297,1.0,0.5451752972183773,0.9722902153960662,0.8685618485055807,0.1737490935460478,on,default,,
LSTM,beijing_aotizhongxin,full,1,0.0,833632.0,72.4,1.95,0.187911364777552,11.0,96.0,24.0,256.0,2.0,0.0005,0.0,4.710059642791748,8.734411239624023,76.28994750976562,29.17999839782715,0.6176701784133911,3.334824085235596,4.209719181060791,12.324109077453612,16.56783676147461,30.361207962036133,2.5113964080810547,3.4655978679656982,0.247381255030632,0.6699094772338867,0.9666966199874878,3.190152168273926,5.438920974731445,4.222380638122559,7.750481605529785,4.909854888916016,9.126176834106444,5.5581159591674805,9.920071601867676,0.7666968817984047,0.4268471919119939,1.0,0.5983082061366545,0.9696980422577244,0.855384866968823,0.1737490935460478,off,default,,
LSTM,beijing_aotizhongxin,full,3,0.0,833632.0,66.5,1.87,0.1863670989954615,11.0,96.0,24.0,256.0,2.0,0.0005,0.0,4.7762451171875,8.729639053344727,76.20659637451172,29.61370658874512,0.6178532838821411,3.3259711265563965,4.223809719085693,12.507722854614258,16.544065475463867,29.92280960083008,2.595420360565185,3.514044046401977,0.2558128535747528,0.6758593916893005,0.964939296245575,3.2037384510040283,5.506255626678467,4.196071147918701,7.581138610839844,4.959256649017334,9.057883262634276,5.590320110321045,9.963604927062988,0.7481266618322456,0.4082235347569287,1.0,0.5797709307952895,0.9693846257648386,0.8488497855794046,0.1737490935460478,off,default,,
